Time,SSID,BSSID,Vendor,RSSI,Score,Reason
06:36:39,Ma_Box_Orange,E8:ED:F3:11:22:33,Sagemcom (Orange),-58,1,
06:36:39,Hacker_Alfa,00:C0:CA:88:99:AA,Alfa Network,-52,1,
06:36:39,Ma_B0x_Orange,FF:EE:DD:44:55:66,Unknown,-64,1,
06:36:41,Ma_Box_Orange,E8:ED:F3:11:22:33,Sagemcom (Orange),-40,1,
06:36:41,Hacker_Alfa,00:C0:CA:88:99:AA,Alfa Network,-52,1,
06:36:41,Ma_B0x_Orange,FF:EE:DD:44:55:66,Unknown,-66,1,
06:36:42,Ma_Box_Orange,E8:ED:F3:11:22:33,Sagemcom (Orange),-40,1,
06:36:42,Hacker_Alfa,00:C0:CA:88:99:AA,Alfa Network,-49,1,
06:36:42,Ma_B0x_Orange,FF:EE:DD:44:55:66,Unknown,-64,1,
06:36:44,Ma_Box_Orange,E8:ED:F3:11:22:33,Sagemcom (Orange),-40,1,
06:36:44,Hacker_Alfa,00:C0:CA:88:99:AA,Alfa Network,-49,5,Deauth Attack
06:36:44,Ma_B0x_Orange,FF:EE:DD:44:55:66,Unknown,-66,1,
06:36:45,Ma_Box_Orange,E8:ED:F3:11:22:33,Sagemcom (Orange),-60,1,
06:36:45,Hacker_Alfa,00:C0:CA:88:99:AA,Alfa Network,-50,5,Deauth Attack
06:36:45,Ma_B0x_Orange,FF:EE:DD:44:55:66,Unknown,-63,1,
06:36:47,Ma_Box_Orange,E8:ED:F3:11:22:33,Sagemcom (Orange),-59,1,
06:36:47,Hacker_Alfa,00:C0:CA:88:99:AA,Alfa Network,-48,5,Deauth Attack
06:36:47,Ma_B0x_Orange,FF:EE:DD:44:55:66,Unknown,-66,1,
06:36:48,Ma_Box_Orange,E8:ED:F3:11:22:33,Sagemcom (Orange),-61,1,
06:36:48,Hacker_Alfa,00:C0:CA:88:99:AA,Alfa Network,-48,5,Deauth Attack
06:36:48,Ma_B0x_Orange,FF:EE:DD:44:55:66,Unknown,-64,1,
06:36:50,Ma_Box_Orange,E8:ED:F3:11:22:33,Sagemcom (Orange),-59,1,
06:36:50,Hacker_Alfa,00:C0:CA:88:99:AA,Alfa Network,-50,5,Deauth Attack
06:36:50,Ma_B0x_Orange,FF:EE:DD:44:55:66,Unknown,-67,1,
06:36:51,Ma_Box_Orange,E8:ED:F3:11:22:33,Sagemcom (Orange),-62,1,
06:36:51,Hacker_Alfa,00:C0:CA:88:99:AA,Alfa Network,-50,5,Deauth Attack
06:36:51,Ma_B0x_Orange,FF:EE:DD:44:55:66,Unknown,-64,1,
06:36:53,Ma_Box_Orange,E8:ED:F3:11:22:33,Sagemcom (Orange),-60,1,
06:36:53,Hacker_Alfa,00:C0:CA:88:99:AA,Alfa Network,-48,5,Deauth Attack
06:36:53,Ma_B0x_Orange,FF:EE:DD:44:55:66,Unknown,-63,1,
06:36:54,Ma_Box_Orange,E8:ED:F3:11:22:33,Sagemcom (Orange),-61,1,
06:36:54,Hacker_Alfa,00:C0:CA:88:99:AA,Alfa Network,-49,5,Deauth Attack
06:36:54,Ma_B0x_Orange,FF:EE:DD:44:55:66,Unknown,-65,1,
06:36:56,Ma_Box_Orange,E8:ED:F3:11:22:33,Sagemcom (Orange),-40,1,
06:36:56,Hacker_Alfa,00:C0:CA:88:99:AA,Alfa Network,-52,5,Deauth Attack
06:36:56,Ma_B0x_Orange,FF:EE:DD:44:55:66,Unknown,-65,1,
06:36:57,Ma_Box_Orange,E8:ED:F3:11:22:33,Sagemcom (Orange),-40,1,
06:36:57,Hacker_Alfa,00:C0:CA:88:99:AA,Alfa Network,-52,5,Deauth Attack
06:36:57,Ma_B0x_Orange,FF:EE:DD:44:55:66,Unknown,-66,1,
06:36:59,Ma_Box_Orange,E8:ED:F3:11:22:33,Sagemcom (Orange),-40,1,
06:36:59,Hacker_Alfa,00:C0:CA:88:99:AA,Alfa Network,-49,5,Deauth Attack
06:36:59,Ma_B0x_Orange,FF:EE:DD:44:55:66,Unknown,-66,1,
06:37:00,Ma_Box_Orange,E8:ED:F3:11:22:33,Sagemcom (Orange),-61,1,
06:37:00,Hacker_Alfa,00:C0:CA:88:99:AA,Alfa Network,-50,5,Deauth Attack
06:37:00,Ma_B0x_Orange,FF:EE:DD:44:55:66,Unknown,-67,1,
06:37:02,Ma_Box_Orange,E8:ED:F3:11:22:33,Sagemcom (Orange),-62,1,
06:37:02,Hacker_Alfa,00:C0:CA:88:99:AA,Alfa Network,-48,5,Deauth Attack
06:37:02,Ma_B0x_Orange,FF:EE:DD:44:55:66,Unknown,-67,1,
06:37:03,Ma_Box_Orange,E8:ED:F3:11:22:33,Sagemcom (Orange),-62,1,
06:37:03,Hacker_Alfa,00:C0:CA:88:99:AA,Alfa Network,-50,5,Deauth Attack
06:37:03,Ma_B0x_Orange,FF:EE:DD:44:55:66,Unknown,-67,1,
06:37:05,Ma_Box_Orange,E8:ED:F3:11:22:33,Sagemcom (Orange),-60,1,
06:37:05,Hacker_Alfa,00:C0:CA:88:99:AA,Alfa Network,-49,5,Deauth Attack
06:37:05,Ma_B0x_Orange,FF:EE:DD:44:55:66,Unknown,-65,1,
06:37:06,Ma_Box_Orange,E8:ED:F3:11:22:33,Sagemcom (Orange),-62,1,
06:37:06,Hacker_Alfa,00:C0:CA:88:99:AA,Alfa Network,-48,5,Deauth Attack
06:37:06,Ma_B0x_Orange,FF:EE:DD:44:55:66,Unknown,-64,1,
06:37:08,Ma_Box_Orange,E8:ED:F3:11:22:33,Sagemcom (Orange),-62,1,
06:37:08,Hacker_Alfa,00:C0:CA:88:99:AA,Alfa Network,-52,5,Deauth Attack
06:37:08,Ma_B0x_Orange,FF:EE:DD:44:55:66,Unknown,-66,1,
06:37:09,Ma_Box_Orange,E8:ED:F3:11:22:33,Sagemcom (Orange),-62,1,
06:37:09,Hacker_Alfa,00:C0:CA:88:99:AA,Alfa Network,-48,5,Deauth Attack
06:37:09,Ma_B0x_Orange,FF:EE:DD:44:55:66,Unknown,-65,1,
06:37:11,Ma_Box_Orange,E8:ED:F3:11:22:33,Sagemcom (Orange),-40,1,
06:37:11,Hacker_Alfa,00:C0:CA:88:99:AA,Alfa Network,-52,5,Deauth Attack
06:37:11,Ma_B0x_Orange,FF:EE:DD:44:55:66,Unknown,-63,1,
06:37:12,Ma_Box_Orange,E8:ED:F3:11:22:33,Sagemcom (Orange),-40,1,
06:37:12,Hacker_Alfa,00:C0:CA:88:99:AA,Alfa Network,-52,5,Deauth Attack
06:37:12,Ma_B0x_Orange,FF:EE:DD:44:55:66,Unknown,-64,1,
06:37:14,Ma_Box_Orange,E8:ED:F3:11:22:33,Sagemcom (Orange),-40,1,
06:37:14,Hacker_Alfa,00:C0:CA:88:99:AA,Alfa Network,-52,5,Deauth Attack
06:37:14,Ma_B0x_Orange,FF:EE:DD:44:55:66,Unknown,-65,1,
06:37:15,Ma_Box_Orange,E8:ED:F3:11:22:33,Sagemcom (Orange),-59,1,
06:37:15,Hacker_Alfa,00:C0:CA:88:99:AA,Alfa Network,-48,5,Deauth Attack
06:37:15,Ma_B0x_Orange,FF:EE:DD:44:55:66,Unknown,-67,1,
06:37:17,Ma_Box_Orange,E8:ED:F3:11:22:33,Sagemcom (Orange),-59,1,
06:37:17,Hacker_Alfa,00:C0:CA:88:99:AA,Alfa Network,-50,5,Deauth Attack
06:37:17,Ma_B0x_Orange,FF:EE:DD:44:55:66,Unknown,-66,1,
06:37:18,Ma_Box_Orange,E8:ED:F3:11:22:33,Sagemcom (Orange),-58,1,
06:37:18,Hacker_Alfa,00:C0:CA:88:99:AA,Alfa Network,-49,5,Deauth Attack
06:37:18,Ma_B0x_Orange,FF:EE:DD:44:55:66,Unknown,-64,1,
06:37:20,Ma_Box_Orange,E8:ED:F3:11:22:33,Sagemcom (Orange),-62,1,
06:37:20,Hacker_Alfa,00:C0:CA:88:99:AA,Alfa Network,-51,5,Deauth Attack
06:37:20,Ma_B0x_Orange,FF:EE:DD:44:55:66,Unknown,-63,1,
06:37:21,Ma_Box_Orange,E8:ED:F3:11:22:33,Sagemcom (Orange),-62,1,
06:37:21,Hacker_Alfa,00:C0:CA:88:99:AA,Alfa Network,-51,5,Deauth Attack
06:37:21,Ma_B0x_Orange,FF:EE:DD:44:55:66,Unknown,-66,1,
06:37:23,Ma_Box_Orange,E8:ED:F3:11:22:33,Sagemcom (Orange),-59,1,
06:37:23,Hacker_Alfa,00:C0:CA:88:99:AA,Alfa Network,-52,5,Deauth Attack
06:37:23,Ma_B0x_Orange,FF:EE:DD:44:55:66,Unknown,-64,1,
06:37:24,Ma_Box_Orange,E8:ED:F3:11:22:33,Sagemcom (Orange),-62,1,
06:37:24,Hacker_Alfa,00:C0:CA:88:99:AA,Alfa Network,-49,5,Deauth Attack
06:37:24,Ma_B0x_Orange,FF:EE:DD:44:55:66,Unknown,-64,1,
06:37:26,Ma_Box_Orange,E8:ED:F3:11:22:33,Sagemcom (Orange),-40,1,
06:37:26,Hacker_Alfa,00:C0:CA:88:99:AA,Alfa Network,-48,5,Deauth Attack
06:37:26,Ma_B0x_Orange,FF:EE:DD:44:55:66,Unknown,-64,1,
06:37:27,Ma_Box_Orange,E8:ED:F3:11:22:33,Sagemcom (Orange),-40,1,
06:37:27,Hacker_Alfa,00:C0:CA:88:99:AA,Alfa Network,-48,5,Deauth Attack
06:37:27,Ma_B0x_Orange,FF:EE:DD:44:55:66,Unknown,-64,1,
06:37:29,Ma_Box_Orange,E8:ED:F3:11:22:33,Sagemcom (Orange),-40,1,
06:37:29,Hacker_Alfa,00:C0:CA:88:99:AA,Alfa Network,-48,5,Deauth Attack
06:37:29,Ma_B0x_Orange,FF:EE:DD:44:55:66,Unknown,-63,1,
06:37:30,Ma_Box_Orange,E8:ED:F3:11:22:33,Sagemcom (Orange),-58,1,
06:37:30,Hacker_Alfa,00:C0:CA:88:99:AA,Alfa Network,-49,5,Deauth Attack
06:37:30,Ma_B0x_Orange,FF:EE:DD:44:55:66,Unknown,-66,1,
06:37:32,Ma_Box_Orange,E8:ED:F3:11:22:33,Sagemcom (Orange),-60,1,
06:37:32,Hacker_Alfa,00:C0:CA:88:99:AA,Alfa Network,-51,5,Deauth Attack
06:37:32,Ma_B0x_Orange,FF:EE:DD:44:55:66,Unknown,-65,1,
06:37:33,Ma_Box_Orange,E8:ED:F3:11:22:33,Sagemcom (Orange),-59,1,
06:37:33,Hacker_Alfa,00:C0:CA:88:99:AA,Alfa Network,-51,5,Deauth Attack
06:37:33,Ma_B0x_Orange,FF:EE:DD:44:55:66,Unknown,-65,1,
06:37:35,Ma_Box_Orange,E8:ED:F3:11:22:33,Sagemcom (Orange),-60,1,
06:37:35,Hacker_Alfa,00:C0:CA:88:99:AA,Alfa Network,-50,5,Deauth Attack
06:37:35,Ma_B0x_Orange,FF:EE:DD:44:55:66,Unknown,-63,1,
06:37:36,Ma_Box_Orange,E8:ED:F3:11:22:33,Sagemcom (Orange),-58,1,
06:37:36,Hacker_Alfa,00:C0:CA:88:99:AA,Alfa Network,-50,5,Deauth Attack
06:37:36,Ma_B0x_Orange,FF:EE:DD:44:55:66,Unknown,-66,1,
06:37:38,Ma_Box_Orange,E8:ED:F3:11:22:33,Sagemcom (Orange),-60,1,
06:37:38,Hacker_Alfa,00:C0:CA:88:99:AA,Alfa Network,-50,5,Deauth Attack
06:37:38,Ma_B0x_Orange,FF:EE:DD:44:55:66,Unknown,-64,1,
06:37:39,Ma_Box_Orange,E8:ED:F3:11:22:33,Sagemcom (Orange),-58,1,
06:37:39,Hacker_Alfa,00:C0:CA:88:99:AA,Alfa Network,-52,5,Deauth Attack
06:37:39,Ma_B0x_Orange,FF:EE:DD:44:55:66,Unknown,-64,1,
06:37:41,Ma_Box_Orange,E8:ED:F3:11:22:33,Sagemcom (Orange),-40,1,
06:37:41,Hacker_Alfa,00:C0:CA:88:99:AA,Alfa Network,-51,5,Deauth Attack
06:37:41,Ma_B0x_Orange,FF:EE:DD:44:55:66,Unknown,-65,1,
06:37:42,Ma_Box_Orange,E8:ED:F3:11:22:33,Sagemcom (Orange),-40,1,
06:37:42,Hacker_Alfa,00:C0:CA:88:99:AA,Alfa Network,-48,5,Deauth Attack
06:37:42,Ma_B0x_Orange,FF:EE:DD:44:55:66,Unknown,-67,1,
06:37:44,Ma_Box_Orange,E8:ED:F3:11:22:33,Sagemcom (Orange),-40,1,
06:37:44,Hacker_Alfa,00:C0:CA:88:99:AA,Alfa Network,-49,5,Deauth Attack
06:37:44,Ma_B0x_Orange,FF:EE:DD:44:55:66,Unknown,-63,1,
06:37:45,Ma_Box_Orange,E8:ED:F3:11:22:33,Sagemcom (Orange),-60,1,
06:37:45,Hacker_Alfa,00:C0:CA:88:99:AA,Alfa Network,-50,5,Deauth Attack
06:37:45,Ma_B0x_Orange,FF:EE:DD:44:55:66,Unknown,-63,1,
06:37:47,Ma_Box_Orange,E8:ED:F3:11:22:33,Sagemcom (Orange),-58,1,
06:37:47,Hacker_Alfa,00:C0:CA:88:99:AA,Alfa Network,-50,5,Deauth Attack
06:37:47,Ma_B0x_Orange,FF:EE:DD:44:55:66,Unknown,-67,1,
06:37:48,Ma_Box_Orange,E8:ED:F3:11:22:33,Sagemcom (Orange),-61,1,
06:37:48,Hacker_Alfa,00:C0:CA:88:99:AA,Alfa Network,-52,5,Deauth Attack
06:37:48,Ma_B0x_Orange,FF:EE:DD:44:55:66,Unknown,-65,1,
06:37:50,Ma_Box_Orange,E8:ED:F3:11:22:33,Sagemcom (Orange),-60,1,
06:37:50,Hacker_Alfa,00:C0:CA:88:99:AA,Alfa Network,-52,5,Deauth Attack
06:37:50,Ma_B0x_Orange,FF:EE:DD:44:55:66,Unknown,-63,1,
06:37:51,Ma_Box_Orange,E8:ED:F3:11:22:33,Sagemcom (Orange),-58,1,
06:37:51,Hacker_Alfa,00:C0:CA:88:99:AA,Alfa Network,-51,5,Deauth Attack
06:37:51,Ma_B0x_Orange,FF:EE:DD:44:55:66,Unknown,-66,1,
06:37:53,Ma_Box_Orange,E8:ED:F3:11:22:33,Sagemcom (Orange),-60,1,
06:37:53,Hacker_Alfa,00:C0:CA:88:99:AA,Alfa Network,-50,5,Deauth Attack
06:37:53,Ma_B0x_Orange,FF:EE:DD:44:55:66,Unknown,-63,1,
06:37:54,Ma_Box_Orange,E8:ED:F3:11:22:33,Sagemcom (Orange),-59,1,
06:37:54,Hacker_Alfa,00:C0:CA:88:99:AA,Alfa Network,-48,5,Deauth Attack
06:37:54,Ma_B0x_Orange,FF:EE:DD:44:55:66,Unknown,-64,1,
06:37:56,Ma_Box_Orange,E8:ED:F3:11:22:33,Sagemcom (Orange),-40,1,
06:37:56,Hacker_Alfa,00:C0:CA:88:99:AA,Alfa Network,-48,5,Deauth Attack
06:37:56,Ma_B0x_Orange,FF:EE:DD:44:55:66,Unknown,-66,1,
06:37:57,Ma_Box_Orange,E8:ED:F3:11:22:33,Sagemcom (Orange),-40,1,
06:37:57,Hacker_Alfa,00:C0:CA:88:99:AA,Alfa Network,-49,5,Deauth Attack
06:37:57,Ma_B0x_Orange,FF:EE:DD:44:55:66,Unknown,-64,1,
06:37:59,Ma_Box_Orange,E8:ED:F3:11:22:33,Sagemcom (Orange),-40,1,
06:37:59,Hacker_Alfa,00:C0:CA:88:99:AA,Alfa Network,-48,5,Deauth Attack
06:37:59,Ma_B0x_Orange,FF:EE:DD:44:55:66,Unknown,-66,1,
06:38:00,Ma_Box_Orange,E8:ED:F3:11:22:33,Sagemcom (Orange),-62,1,
06:38:00,Hacker_Alfa,00:C0:CA:88:99:AA,Alfa Network,-49,5,Deauth Attack
06:38:00,Ma_B0x_Orange,FF:EE:DD:44:55:66,Unknown,-63,1,
06:38:02,Ma_Box_Orange,E8:ED:F3:11:22:33,Sagemcom (Orange),-60,1,
06:38:02,Hacker_Alfa,00:C0:CA:88:99:AA,Alfa Network,-49,5,Deauth Attack
06:38:02,Ma_B0x_Orange,FF:EE:DD:44:55:66,Unknown,-63,1,
06:38:03,Ma_Box_Orange,E8:ED:F3:11:22:33,Sagemcom (Orange),-59,1,
06:38:03,Hacker_Alfa,00:C0:CA:88:99:AA,Alfa Network,-51,5,Deauth Attack
06:38:03,Ma_B0x_Orange,FF:EE:DD:44:55:66,Unknown,-65,1,
06:38:05,Ma_Box_Orange,E8:ED:F3:11:22:33,Sagemcom (Orange),-62,1,
06:38:05,Hacker_Alfa,00:C0:CA:88:99:AA,Alfa Network,-48,5,Deauth Attack
06:38:05,Ma_B0x_Orange,FF:EE:DD:44:55:66,Unknown,-65,1,
06:38:06,Ma_Box_Orange,E8:ED:F3:11:22:33,Sagemcom (Orange),-59,1,
06:38:06,Hacker_Alfa,00:C0:CA:88:99:AA,Alfa Network,-51,5,Deauth Attack
06:38:06,Ma_B0x_Orange,FF:EE:DD:44:55:66,Unknown,-67,1,
06:38:08,Ma_Box_Orange,E8:ED:F3:11:22:33,Sagemcom (Orange),-61,1,
06:38:08,Hacker_Alfa,00:C0:CA:88:99:AA,Alfa Network,-48,5,Deauth Attack
06:38:08,Ma_B0x_Orange,FF:EE:DD:44:55:66,Unknown,-64,1,
06:38:09,Ma_Box_Orange,E8:ED:F3:11:22:33,Sagemcom (Orange),-61,1,
06:38:09,Hacker_Alfa,00:C0:CA:88:99:AA,Alfa Network,-49,5,Deauth Attack
06:38:09,Ma_B0x_Orange,FF:EE:DD:44:55:66,Unknown,-63,1,
06:38:11,Ma_Box_Orange,E8:ED:F3:11:22:33,Sagemcom (Orange),-40,1,
06:38:11,Hacker_Alfa,00:C0:CA:88:99:AA,Alfa Network,-52,5,Deauth Attack
06:38:11,Ma_B0x_Orange,FF:EE:DD:44:55:66,Unknown,-65,1,
06:38:12,Ma_Box_Orange,E8:ED:F3:11:22:33,Sagemcom (Orange),-40,1,
06:38:12,Hacker_Alfa,00:C0:CA:88:99:AA,Alfa Network,-51,5,Deauth Attack
06:38:12,Ma_B0x_Orange,FF:EE:DD:44:55:66,Unknown,-64,1,
06:38:14,Ma_Box_Orange,E8:ED:F3:11:22:33,Sagemcom (Orange),-40,1,
06:38:14,Hacker_Alfa,00:C0:CA:88:99:AA,Alfa Network,-48,5,Deauth Attack
06:38:14,Ma_B0x_Orange,FF:EE:DD:44:55:66,Unknown,-64,1,
06:38:15,Ma_Box_Orange,E8:ED:F3:11:22:33,Sagemcom (Orange),-60,1,
06:38:15,Hacker_Alfa,00:C0:CA:88:99:AA,Alfa Network,-48,5,Deauth Attack
06:38:15,Ma_B0x_Orange,FF:EE:DD:44:55:66,Unknown,-63,1,
06:38:17,Ma_Box_Orange,E8:ED:F3:11:22:33,Sagemcom (Orange),-59,1,
06:38:17,Hacker_Alfa,00:C0:CA:88:99:AA,Alfa Network,-49,5,Deauth Attack
06:38:17,Ma_B0x_Orange,FF:EE:DD:44:55:66,Unknown,-66,1,
06:38:18,Ma_Box_Orange,E8:ED:F3:11:22:33,Sagemcom (Orange),-60,1,
06:38:18,Hacker_Alfa,00:C0:CA:88:99:AA,Alfa Network,-50,5,Deauth Attack
06:38:18,Ma_B0x_Orange,FF:EE:DD:44:55:66,Unknown,-67,1,
06:38:20,Ma_Box_Orange,E8:ED:F3:11:22:33,Sagemcom (Orange),-59,1,
06:38:20,Hacker_Alfa,00:C0:CA:88:99:AA,Alfa Network,-50,5,Deauth Attack
06:38:20,Ma_B0x_Orange,FF:EE:DD:44:55:66,Unknown,-65,1,
06:38:21,Ma_Box_Orange,E8:ED:F3:11:22:33,Sagemcom (Orange),-60,1,
06:38:21,Hacker_Alfa,00:C0:CA:88:99:AA,Alfa Network,-52,5,Deauth Attack
06:38:21,Ma_B0x_Orange,FF:EE:DD:44:55:66,Unknown,-64,1,
06:38:23,Ma_Box_Orange,E8:ED:F3:11:22:33,Sagemcom (Orange),-59,1,
06:38:23,Hacker_Alfa,00:C0:CA:88:99:AA,Alfa Network,-52,5,Deauth Attack
06:38:23,Ma_B0x_Orange,FF:EE:DD:44:55:66,Unknown,-65,1,
06:38:24,Ma_Box_Orange,E8:ED:F3:11:22:33,Sagemcom (Orange),-59,1,
06:38:24,Hacker_Alfa,00:C0:CA:88:99:AA,Alfa Network,-48,5,Deauth Attack
06:38:24,Ma_B0x_Orange,FF:EE:DD:44:55:66,Unknown,-66,1,
06:38:26,Ma_Box_Orange,E8:ED:F3:11:22:33,Sagemcom (Orange),-40,1,
06:38:26,Hacker_Alfa,00:C0:CA:88:99:AA,Alfa Network,-48,5,Deauth Attack
06:38:26,Ma_B0x_Orange,FF:EE:DD:44:55:66,Unknown,-65,1,
06:38:27,Ma_Box_Orange,E8:ED:F3:11:22:33,Sagemcom (Orange),-40,1,
06:38:27,Hacker_Alfa,00:C0:CA:88:99:AA,Alfa Network,-51,5,Deauth Attack
06:38:27,Ma_B0x_Orange,FF:EE:DD:44:55:66,Unknown,-63,1,
06:38:29,Ma_Box_Orange,E8:ED:F3:11:22:33,Sagemcom (Orange),-40,1,
06:38:29,Hacker_Alfa,00:C0:CA:88:99:AA,Alfa Network,-48,5,Deauth Attack
06:38:29,Ma_B0x_Orange,FF:EE:DD:44:55:66,Unknown,-63,1,
06:38:30,Ma_Box_Orange,E8:ED:F3:11:22:33,Sagemcom (Orange),-62,1,
06:38:30,Hacker_Alfa,00:C0:CA:88:99:AA,Alfa Network,-49,5,Deauth Attack
06:38:30,Ma_B0x_Orange,FF:EE:DD:44:55:66,Unknown,-64,1,
06:38:32,Ma_Box_Orange,E8:ED:F3:11:22:33,Sagemcom (Orange),-61,1,
06:38:32,Hacker_Alfa,00:C0:CA:88:99:AA,Alfa Network,-51,5,Deauth Attack
06:38:32,Ma_B0x_Orange,FF:EE:DD:44:55:66,Unknown,-65,1,
06:38:33,Ma_Box_Orange,E8:ED:F3:11:22:33,Sagemcom (Orange),-59,1,
06:38:33,Hacker_Alfa,00:C0:CA:88:99:AA,Alfa Network,-48,5,Deauth Attack
06:38:33,Ma_B0x_Orange,FF:EE:DD:44:55:66,Unknown,-63,1,
06:38:35,Ma_Box_Orange,E8:ED:F3:11:22:33,Sagemcom (Orange),-60,1,
06:38:35,Hacker_Alfa,00:C0:CA:88:99:AA,Alfa Network,-50,5,Deauth Attack
06:38:35,Ma_B0x_Orange,FF:EE:DD:44:55:66,Unknown,-65,1,
06:38:36,Ma_Box_Orange,E8:ED:F3:11:22:33,Sagemcom (Orange),-59,1,
06:38:36,Hacker_Alfa,00:C0:CA:88:99:AA,Alfa Network,-49,5,Deauth Attack
06:38:36,Ma_B0x_Orange,FF:EE:DD:44:55:66,Unknown,-65,1,
06:38:38,Ma_Box_Orange,E8:ED:F3:11:22:33,Sagemcom (Orange),-59,1,
06:38:38,Hacker_Alfa,00:C0:CA:88:99:AA,Alfa Network,-49,5,Deauth Attack
06:38:38,Ma_B0x_Orange,FF:EE:DD:44:55:66,Unknown,-65,1,
06:38:39,Ma_Box_Orange,E8:ED:F3:11:22:33,Sagemcom (Orange),-62,1,
06:38:39,Hacker_Alfa,00:C0:CA:88:99:AA,Alfa Network,-51,5,Deauth Attack
06:38:39,Ma_B0x_Orange,FF:EE:DD:44:55:66,Unknown,-64,1,
06:38:41,Ma_Box_Orange,E8:ED:F3:11:22:33,Sagemcom (Orange),-40,1,
06:38:41,Hacker_Alfa,00:C0:CA:88:99:AA,Alfa Network,-51,5,Deauth Attack
06:38:41,Ma_B0x_Orange,FF:EE:DD:44:55:66,Unknown,-65,1,
06:38:42,Ma_Box_Orange,E8:ED:F3:11:22:33,Sagemcom (Orange),-40,1,
06:38:42,Hacker_Alfa,00:C0:CA:88:99:AA,Alfa Network,-48,5,Deauth Attack
06:38:42,Ma_B0x_Orange,FF:EE:DD:44:55:66,Unknown,-65,1,
06:38:44,Ma_Box_Orange,E8:ED:F3:11:22:33,Sagemcom (Orange),-40,1,
06:38:44,Hacker_Alfa,00:C0:CA:88:99:AA,Alfa Network,-51,5,Deauth Attack
06:38:44,Ma_B0x_Orange,FF:EE:DD:44:55:66,Unknown,-64,1,
06:38:45,Ma_Box_Orange,E8:ED:F3:11:22:33,Sagemcom (Orange),-60,1,
06:38:45,Hacker_Alfa,00:C0:CA:88:99:AA,Alfa Network,-52,5,Deauth Attack
06:38:45,Ma_B0x_Orange,FF:EE:DD:44:55:66,Unknown,-66,1,
06:38:47,Ma_Box_Orange,E8:ED:F3:11:22:33,Sagemcom (Orange),-58,1,
06:38:47,Hacker_Alfa,00:C0:CA:88:99:AA,Alfa Network,-51,5,Deauth Attack
06:38:47,Ma_B0x_Orange,FF:EE:DD:44:55:66,Unknown,-67,1,
06:38:48,Ma_Box_Orange,E8:ED:F3:11:22:33,Sagemcom (Orange),-62,1,
06:38:48,Hacker_Alfa,00:C0:CA:88:99:AA,Alfa Network,-48,5,Deauth Attack
06:38:48,Ma_B0x_Orange,FF:EE:DD:44:55:66,Unknown,-64,1,
06:38:50,Ma_Box_Orange,E8:ED:F3:11:22:33,Sagemcom (Orange),-59,1,
06:38:50,Hacker_Alfa,00:C0:CA:88:99:AA,Alfa Network,-49,5,Deauth Attack
06:38:50,Ma_B0x_Orange,FF:EE:DD:44:55:66,Unknown,-66,1,
06:38:51,Ma_Box_Orange,E8:ED:F3:11:22:33,Sagemcom (Orange),-60,1,
06:38:51,Hacker_Alfa,00:C0:CA:88:99:AA,Alfa Network,-50,5,Deauth Attack
06:38:51,Ma_B0x_Orange,FF:EE:DD:44:55:66,Unknown,-65,1,
06:38:53,Ma_Box_Orange,E8:ED:F3:11:22:33,Sagemcom (Orange),-58,1,
06:38:53,Hacker_Alfa,00:C0:CA:88:99:AA,Alfa Network,-49,5,Deauth Attack
06:38:53,Ma_B0x_Orange,FF:EE:DD:44:55:66,Unknown,-66,1,
06:38:54,Ma_Box_Orange,E8:ED:F3:11:22:33,Sagemcom (Orange),-61,1,
06:38:54,Hacker_Alfa,00:C0:CA:88:99:AA,Alfa Network,-51,5,Deauth Attack
06:38:54,Ma_B0x_Orange,FF:EE:DD:44:55:66,Unknown,-65,1,
06:38:56,Ma_Box_Orange,E8:ED:F3:11:22:33,Sagemcom (Orange),-40,1,
06:38:56,Hacker_Alfa,00:C0:CA:88:99:AA,Alfa Network,-50,5,Deauth Attack
06:38:56,Ma_B0x_Orange,FF:EE:DD:44:55:66,Unknown,-63,1,
06:38:57,Ma_Box_Orange,E8:ED:F3:11:22:33,Sagemcom (Orange),-40,1,
06:38:57,Hacker_Alfa,00:C0:CA:88:99:AA,Alfa Network,-48,5,Deauth Attack
06:38:57,Ma_B0x_Orange,FF:EE:DD:44:55:66,Unknown,-66,1,
06:38:59,Ma_Box_Orange,E8:ED:F3:11:22:33,Sagemcom (Orange),-40,1,
06:38:59,Hacker_Alfa,00:C0:CA:88:99:AA,Alfa Network,-52,5,Deauth Attack
06:38:59,Ma_B0x_Orange,FF:EE:DD:44:55:66,Unknown,-63,1,
06:39:00,Ma_Box_Orange,E8:ED:F3:11:22:33,Sagemcom (Orange),-58,1,
06:39:00,Hacker_Alfa,00:C0:CA:88:99:AA,Alfa Network,-52,5,Deauth Attack
06:39:00,Ma_B0x_Orange,FF:EE:DD:44:55:66,Unknown,-66,1,
06:39:02,Ma_Box_Orange,E8:ED:F3:11:22:33,Sagemcom (Orange),-60,1,
06:39:02,Hacker_Alfa,00:C0:CA:88:99:AA,Alfa Network,-51,5,Deauth Attack
06:39:02,Ma_B0x_Orange,FF:EE:DD:44:55:66,Unknown,-63,1,
06:39:03,Ma_Box_Orange,E8:ED:F3:11:22:33,Sagemcom (Orange),-60,1,
06:39:03,Hacker_Alfa,00:C0:CA:88:99:AA,Alfa Network,-52,5,Deauth Attack
06:39:03,Ma_B0x_Orange,FF:EE:DD:44:55:66,Unknown,-67,1,
06:39:05,Ma_Box_Orange,E8:ED:F3:11:22:33,Sagemcom (Orange),-59,1,
06:39:05,Hacker_Alfa,00:C0:CA:88:99:AA,Alfa Network,-50,5,Deauth Attack
06:39:05,Ma_B0x_Orange,FF:EE:DD:44:55:66,Unknown,-66,1,
06:39:06,Ma_Box_Orange,E8:ED:F3:11:22:33,Sagemcom (Orange),-58,1,
06:39:06,Hacker_Alfa,00:C0:CA:88:99:AA,Alfa Network,-51,5,Deauth Attack
06:39:06,Ma_B0x_Orange,FF:EE:DD:44:55:66,Unknown,-64,1,
06:39:08,Ma_Box_Orange,E8:ED:F3:11:22:33,Sagemcom (Orange),-59,1,
06:39:08,Hacker_Alfa,00:C0:CA:88:99:AA,Alfa Network,-49,5,Deauth Attack
06:39:08,Ma_B0x_Orange,FF:EE:DD:44:55:66,Unknown,-63,1,
06:39:09,Ma_Box_Orange,E8:ED:F3:11:22:33,Sagemcom (Orange),-58,1,
06:39:09,Hacker_Alfa,00:C0:CA:88:99:AA,Alfa Network,-51,5,Deauth Attack
06:39:09,Ma_B0x_Orange,FF:EE:DD:44:55:66,Unknown,-65,1,
06:39:11,Ma_Box_Orange,E8:ED:F3:11:22:33,Sagemcom (Orange),-40,1,
06:39:11,Hacker_Alfa,00:C0:CA:88:99:AA,Alfa Network,-51,5,Deauth Attack
06:39:11,Ma_B0x_Orange,FF:EE:DD:44:55:66,Unknown,-67,1,
06:39:12,Ma_Box_Orange,E8:ED:F3:11:22:33,Sagemcom (Orange),-40,1,
06:39:12,Hacker_Alfa,00:C0:CA:88:99:AA,Alfa Network,-52,5,Deauth Attack
06:39:12,Ma_B0x_Orange,FF:EE:DD:44:55:66,Unknown,-63,1,
06:39:14,Ma_Box_Orange,E8:ED:F3:11:22:33,Sagemcom (Orange),-40,1,
06:39:14,Hacker_Alfa,00:C0:CA:88:99:AA,Alfa Network,-51,5,Deauth Attack
06:39:14,Ma_B0x_Orange,FF:EE:DD:44:55:66,Unknown,-67,1,
06:39:15,Ma_Box_Orange,E8:ED:F3:11:22:33,Sagemcom (Orange),-61,1,
06:39:15,Hacker_Alfa,00:C0:CA:88:99:AA,Alfa Network,-52,5,Deauth Attack
06:39:15,Ma_B0x_Orange,FF:EE:DD:44:55:66,Unknown,-64,1,
06:39:17,Ma_Box_Orange,E8:ED:F3:11:22:33,Sagemcom (Orange),-59,1,
06:39:17,Hacker_Alfa,00:C0:CA:88:99:AA,Alfa Network,-52,5,Deauth Attack
06:39:17,Ma_B0x_Orange,FF:EE:DD:44:55:66,Unknown,-63,1,
06:39:18,Ma_Box_Orange,E8:ED:F3:11:22:33,Sagemcom (Orange),-60,1,
06:39:18,Hacker_Alfa,00:C0:CA:88:99:AA,Alfa Network,-50,5,Deauth Attack
06:39:18,Ma_B0x_Orange,FF:EE:DD:44:55:66,Unknown,-66,1,
06:39:20,Ma_Box_Orange,E8:ED:F3:11:22:33,Sagemcom (Orange),-61,1,
06:39:20,Hacker_Alfa,00:C0:CA:88:99:AA,Alfa Network,-50,5,Deauth Attack
06:39:20,Ma_B0x_Orange,FF:EE:DD:44:55:66,Unknown,-65,1,
06:39:21,Ma_Box_Orange,E8:ED:F3:11:22:33,Sagemcom (Orange),-61,1,
06:39:21,Hacker_Alfa,00:C0:CA:88:99:AA,Alfa Network,-49,5,Deauth Attack
06:39:21,Ma_B0x_Orange,FF:EE:DD:44:55:66,Unknown,-67,1,
06:39:23,Ma_Box_Orange,E8:ED:F3:11:22:33,Sagemcom (Orange),-59,1,
06:39:23,Hacker_Alfa,00:C0:CA:88:99:AA,Alfa Network,-51,5,Deauth Attack
06:39:23,Ma_B0x_Orange,FF:EE:DD:44:55:66,Unknown,-67,1,
06:39:24,Ma_Box_Orange,E8:ED:F3:11:22:33,Sagemcom (Orange),-58,1,
06:39:24,Hacker_Alfa,00:C0:CA:88:99:AA,Alfa Network,-51,5,Deauth Attack
06:39:24,Ma_B0x_Orange,FF:EE:DD:44:55:66,Unknown,-66,1,
06:39:26,Ma_Box_Orange,E8:ED:F3:11:22:33,Sagemcom (Orange),-40,1,
06:39:26,Hacker_Alfa,00:C0:CA:88:99:AA,Alfa Network,-52,5,Deauth Attack
06:39:26,Ma_B0x_Orange,FF:EE:DD:44:55:66,Unknown,-63,1,
06:39:27,Ma_Box_Orange,E8:ED:F3:11:22:33,Sagemcom (Orange),-40,1,
06:39:27,Hacker_Alfa,00:C0:CA:88:99:AA,Alfa Network,-50,5,Deauth Attack
06:39:27,Ma_B0x_Orange,FF:EE:DD:44:55:66,Unknown,-66,1,
06:39:29,Ma_Box_Orange,E8:ED:F3:11:22:33,Sagemcom (Orange),-40,1,
06:39:29,Hacker_Alfa,00:C0:CA:88:99:AA,Alfa Network,-51,5,Deauth Attack
06:39:29,Ma_B0x_Orange,FF:EE:DD:44:55:66,Unknown,-65,1,
06:39:30,Ma_Box_Orange,E8:ED:F3:11:22:33,Sagemcom (Orange),-61,1,
06:39:30,Hacker_Alfa,00:C0:CA:88:99:AA,Alfa Network,-50,5,Deauth Attack
06:39:30,Ma_B0x_Orange,FF:EE:DD:44:55:66,Unknown,-63,1,
06:39:32,Ma_Box_Orange,E8:ED:F3:11:22:33,Sagemcom (Orange),-59,1,
06:39:32,Hacker_Alfa,00:C0:CA:88:99:AA,Alfa Network,-51,5,Deauth Attack
06:39:32,Ma_B0x_Orange,FF:EE:DD:44:55:66,Unknown,-65,1,
06:39:33,Ma_Box_Orange,E8:ED:F3:11:22:33,Sagemcom (Orange),-60,1,
06:39:33,Hacker_Alfa,00:C0:CA:88:99:AA,Alfa Network,-51,5,Deauth Attack
06:39:33,Ma_B0x_Orange,FF:EE:DD:44:55:66,Unknown,-64,1,
06:39:35,Ma_Box_Orange,E8:ED:F3:11:22:33,Sagemcom (Orange),-60,1,
06:39:35,Hacker_Alfa,00:C0:CA:88:99:AA,Alfa Network,-52,5,Deauth Attack
06:39:35,Ma_B0x_Orange,FF:EE:DD:44:55:66,Unknown,-64,1,
06:39:36,Ma_Box_Orange,E8:ED:F3:11:22:33,Sagemcom (Orange),-59,1,
06:39:36,Hacker_Alfa,00:C0:CA:88:99:AA,Alfa Network,-52,5,Deauth Attack
06:39:36,Ma_B0x_Orange,FF:EE:DD:44:55:66,Unknown,-64,1,
06:39:38,Ma_Box_Orange,E8:ED:F3:11:22:33,Sagemcom (Orange),-62,1,
06:39:38,Hacker_Alfa,00:C0:CA:88:99:AA,Alfa Network,-48,7,Deauth Attack
06:39:38,Ma_B0x_Orange,FF:EE:DD:44:55:66,Unknown,-67,1,
06:39:39,Ma_Box_Orange,E8:ED:F3:11:22:33,Sagemcom (Orange),-59,1,
06:39:39,Hacker_Alfa,00:C0:CA:88:99:AA,Alfa Network,-52,7,Deauth Attack
06:39:39,Ma_B0x_Orange,FF:EE:DD:44:55:66,Unknown,-64,1,
06:39:41,Ma_Box_Orange,E8:ED:F3:11:22:33,Sagemcom (Orange),-40,1,
06:39:41,Hacker_Alfa,00:C0:CA:88:99:AA,Alfa Network,-48,7,Deauth Attack
06:39:41,Ma_B0x_Orange,FF:EE:DD:44:55:66,Unknown,-64,1,
06:39:42,Ma_Box_Orange,E8:ED:F3:11:22:33,Sagemcom (Orange),-40,1,
06:39:42,Hacker_Alfa,00:C0:CA:88:99:AA,Alfa Network,-51,7,Deauth Attack
06:39:42,Ma_B0x_Orange,FF:EE:DD:44:55:66,Unknown,-63,1,
06:39:44,Ma_Box_Orange,E8:ED:F3:11:22:33,Sagemcom (Orange),-40,1,
06:39:44,Hacker_Alfa,00:C0:CA:88:99:AA,Alfa Network,-48,7,Deauth Attack
06:39:44,Ma_B0x_Orange,FF:EE:DD:44:55:66,Unknown,-65,1,
06:39:45,Ma_Box_Orange,E8:ED:F3:11:22:33,Sagemcom (Orange),-59,1,
06:39:45,Hacker_Alfa,00:C0:CA:88:99:AA,Alfa Network,-50,7,Deauth Attack
06:39:45,Ma_B0x_Orange,FF:EE:DD:44:55:66,Unknown,-66,1,
06:39:47,Ma_Box_Orange,E8:ED:F3:11:22:33,Sagemcom (Orange),-62,1,
06:39:47,Hacker_Alfa,00:C0:CA:88:99:AA,Alfa Network,-51,7,Deauth Attack
06:39:47,Ma_B0x_Orange,FF:EE:DD:44:55:66,Unknown,-66,1,
06:39:48,Ma_Box_Orange,E8:ED:F3:11:22:33,Sagemcom (Orange),-62,1,
06:39:48,Hacker_Alfa,00:C0:CA:88:99:AA,Alfa Network,-52,7,Deauth Attack
06:39:48,Ma_B0x_Orange,FF:EE:DD:44:55:66,Unknown,-66,1,
06:39:50,Ma_Box_Orange,E8:ED:F3:11:22:33,Sagemcom (Orange),-60,1,
06:39:50,Hacker_Alfa,00:C0:CA:88:99:AA,Alfa Network,-50,7,Deauth Attack
06:39:50,Ma_B0x_Orange,FF:EE:DD:44:55:66,Unknown,-65,1,
06:39:51,Ma_Box_Orange,E8:ED:F3:11:22:33,Sagemcom (Orange),-58,1,
06:39:51,Hacker_Alfa,00:C0:CA:88:99:AA,Alfa Network,-49,7,Deauth Attack
06:39:51,Ma_B0x_Orange,FF:EE:DD:44:55:66,Unknown,-64,1,
06:39:53,Ma_Box_Orange,E8:ED:F3:11:22:33,Sagemcom (Orange),-60,1,
06:39:53,Hacker_Alfa,00:C0:CA:88:99:AA,Alfa Network,-51,7,Deauth Attack
06:39:53,Ma_B0x_Orange,FF:EE:DD:44:55:66,Unknown,-66,1,
06:39:54,Ma_Box_Orange,E8:ED:F3:11:22:33,Sagemcom (Orange),-59,1,
06:39:54,Hacker_Alfa,00:C0:CA:88:99:AA,Alfa Network,-52,7,Deauth Attack
06:39:54,Ma_B0x_Orange,FF:EE:DD:44:55:66,Unknown,-63,1,
06:39:56,Ma_Box_Orange,E8:ED:F3:11:22:33,Sagemcom (Orange),-40,1,
06:39:56,Hacker_Alfa,00:C0:CA:88:99:AA,Alfa Network,-51,7,Deauth Attack
06:39:56,Ma_B0x_Orange,FF:EE:DD:44:55:66,Unknown,-66,1,
06:39:57,Ma_Box_Orange,E8:ED:F3:11:22:33,Sagemcom (Orange),-40,1,
06:39:57,Hacker_Alfa,00:C0:CA:88:99:AA,Alfa Network,-50,7,Deauth Attack
06:39:57,Ma_B0x_Orange,FF:EE:DD:44:55:66,Unknown,-63,1,
06:39:59,Ma_Box_Orange,E8:ED:F3:11:22:33,Sagemcom (Orange),-40,1,
06:39:59,Hacker_Alfa,00:C0:CA:88:99:AA,Alfa Network,-51,7,Deauth Attack
06:39:59,Ma_B0x_Orange,FF:EE:DD:44:55:66,Unknown,-65,1,
06:40:00,Ma_Box_Orange,E8:ED:F3:11:22:33,Sagemcom (Orange),-58,1,
06:40:00,Hacker_Alfa,00:C0:CA:88:99:AA,Alfa Network,-52,7,Deauth Attack
06:40:00,Ma_B0x_Orange,FF:EE:DD:44:55:66,Unknown,-67,1,
06:40:02,Ma_Box_Orange,E8:ED:F3:11:22:33,Sagemcom (Orange),-58,1,
06:40:02,Hacker_Alfa,00:C0:CA:88:99:AA,Alfa Network,-49,7,Deauth Attack
06:40:02,Ma_B0x_Orange,FF:EE:DD:44:55:66,Unknown,-65,1,
06:40:03,Ma_Box_Orange,E8:ED:F3:11:22:33,Sagemcom (Orange),-60,1,
06:40:03,Hacker_Alfa,00:C0:CA:88:99:AA,Alfa Network,-52,7,Deauth Attack
06:40:03,Ma_B0x_Orange,FF:EE:DD:44:55:66,Unknown,-66,1,
06:40:05,Ma_Box_Orange,E8:ED:F3:11:22:33,Sagemcom (Orange),-61,1,
06:40:05,Hacker_Alfa,00:C0:CA:88:99:AA,Alfa Network,-51,7,Deauth Attack
06:40:05,Ma_B0x_Orange,FF:EE:DD:44:55:66,Unknown,-64,1,
06:40:06,Ma_Box_Orange,E8:ED:F3:11:22:33,Sagemcom (Orange),-62,1,
06:40:06,Hacker_Alfa,00:C0:CA:88:99:AA,Alfa Network,-51,7,Deauth Attack
06:40:06,Ma_B0x_Orange,FF:EE:DD:44:55:66,Unknown,-64,1,
06:40:08,Ma_Box_Orange,E8:ED:F3:11:22:33,Sagemcom (Orange),-60,1,
06:40:08,Hacker_Alfa,00:C0:CA:88:99:AA,Alfa Network,-50,7,Deauth Attack
06:40:08,Ma_B0x_Orange,FF:EE:DD:44:55:66,Unknown,-67,1,
06:40:09,Ma_Box_Orange,E8:ED:F3:11:22:33,Sagemcom (Orange),-62,1,
06:40:09,Hacker_Alfa,00:C0:CA:88:99:AA,Alfa Network,-50,7,Deauth Attack
06:40:09,Ma_B0x_Orange,FF:EE:DD:44:55:66,Unknown,-63,1,
06:40:11,Ma_Box_Orange,E8:ED:F3:11:22:33,Sagemcom (Orange),-40,1,
06:40:11,Hacker_Alfa,00:C0:CA:88:99:AA,Alfa Network,-50,7,Deauth Attack
06:40:11,Ma_B0x_Orange,FF:EE:DD:44:55:66,Unknown,-67,1,
06:40:12,Ma_Box_Orange,E8:ED:F3:11:22:33,Sagemcom (Orange),-40,1,
06:40:12,Hacker_Alfa,00:C0:CA:88:99:AA,Alfa Network,-52,7,Deauth Attack
06:40:12,Ma_B0x_Orange,FF:EE:DD:44:55:66,Unknown,-64,1,
06:40:14,Ma_Box_Orange,E8:ED:F3:11:22:33,Sagemcom (Orange),-40,1,
06:40:14,Hacker_Alfa,00:C0:CA:88:99:AA,Alfa Network,-48,7,Deauth Attack
06:40:14,Ma_B0x_Orange,FF:EE:DD:44:55:66,Unknown,-65,1,
06:40:15,Ma_Box_Orange,E8:ED:F3:11:22:33,Sagemcom (Orange),-58,1,
06:40:15,Hacker_Alfa,00:C0:CA:88:99:AA,Alfa Network,-48,7,Deauth Attack
06:40:15,Ma_B0x_Orange,FF:EE:DD:44:55:66,Unknown,-67,1,
06:40:17,Ma_Box_Orange,E8:ED:F3:11:22:33,Sagemcom (Orange),-58,1,
06:40:17,Hacker_Alfa,00:C0:CA:88:99:AA,Alfa Network,-50,7,Deauth Attack
06:40:17,Ma_B0x_Orange,FF:EE:DD:44:55:66,Unknown,-67,1,
06:40:18,Ma_Box_Orange,E8:ED:F3:11:22:33,Sagemcom (Orange),-61,1,
06:40:18,Hacker_Alfa,00:C0:CA:88:99:AA,Alfa Network,-52,7,Deauth Attack
06:40:18,Ma_B0x_Orange,FF:EE:DD:44:55:66,Unknown,-63,1,
06:40:20,Ma_Box_Orange,E8:ED:F3:11:22:33,Sagemcom (Orange),-62,1,
06:40:20,Hacker_Alfa,00:C0:CA:88:99:AA,Alfa Network,-52,7,Deauth Attack
06:40:20,Ma_B0x_Orange,FF:EE:DD:44:55:66,Unknown,-65,1,
06:40:21,Ma_Box_Orange,E8:ED:F3:11:22:33,Sagemcom (Orange),-62,1,
06:40:21,Hacker_Alfa,00:C0:CA:88:99:AA,Alfa Network,-48,7,Deauth Attack
06:40:21,Ma_B0x_Orange,FF:EE:DD:44:55:66,Unknown,-63,1,
06:40:23,Ma_Box_Orange,E8:ED:F3:11:22:33,Sagemcom (Orange),-60,1,
06:40:23,Hacker_Alfa,00:C0:CA:88:99:AA,Alfa Network,-50,7,Deauth Attack
06:40:23,Ma_B0x_Orange,FF:EE:DD:44:55:66,Unknown,-63,1,
06:40:24,Ma_Box_Orange,E8:ED:F3:11:22:33,Sagemcom (Orange),-62,1,
06:40:24,Hacker_Alfa,00:C0:CA:88:99:AA,Alfa Network,-52,7,Deauth Attack
06:40:24,Ma_B0x_Orange,FF:EE:DD:44:55:66,Unknown,-67,1,
06:40:26,Ma_Box_Orange,E8:ED:F3:11:22:33,Sagemcom (Orange),-40,1,
06:40:26,Hacker_Alfa,00:C0:CA:88:99:AA,Alfa Network,-51,7,Deauth Attack
06:40:26,Ma_B0x_Orange,FF:EE:DD:44:55:66,Unknown,-63,1,
06:40:27,Ma_Box_Orange,E8:ED:F3:11:22:33,Sagemcom (Orange),-40,1,
06:40:27,Hacker_Alfa,00:C0:CA:88:99:AA,Alfa Network,-48,7,Deauth Attack
06:40:27,Ma_B0x_Orange,FF:EE:DD:44:55:66,Unknown,-64,1,
06:40:29,Ma_Box_Orange,E8:ED:F3:11:22:33,Sagemcom (Orange),-40,1,
06:40:29,Hacker_Alfa,00:C0:CA:88:99:AA,Alfa Network,-50,7,Deauth Attack
06:40:29,Ma_B0x_Orange,FF:EE:DD:44:55:66,Unknown,-64,1,
06:40:30,Ma_Box_Orange,E8:ED:F3:11:22:33,Sagemcom (Orange),-59,1,
06:40:30,Hacker_Alfa,00:C0:CA:88:99:AA,Alfa Network,-49,7,Deauth Attack
06:40:30,Ma_B0x_Orange,FF:EE:DD:44:55:66,Unknown,-64,1,
06:40:32,Ma_Box_Orange,E8:ED:F3:11:22:33,Sagemcom (Orange),-59,1,
06:40:32,Hacker_Alfa,00:C0:CA:88:99:AA,Alfa Network,-49,7,Deauth Attack
06:40:32,Ma_B0x_Orange,FF:EE:DD:44:55:66,Unknown,-65,1,
06:40:33,Ma_Box_Orange,E8:ED:F3:11:22:33,Sagemcom (Orange),-61,1,
06:40:33,Hacker_Alfa,00:C0:CA:88:99:AA,Alfa Network,-48,7,Deauth Attack
06:40:33,Ma_B0x_Orange,FF:EE:DD:44:55:66,Unknown,-63,1,
06:40:35,Ma_Box_Orange,E8:ED:F3:11:22:33,Sagemcom (Orange),-60,1,
06:40:35,Hacker_Alfa,00:C0:CA:88:99:AA,Alfa Network,-48,7,Deauth Attack
06:40:35,Ma_B0x_Orange,FF:EE:DD:44:55:66,Unknown,-67,1,
06:40:36,Ma_Box_Orange,E8:ED:F3:11:22:33,Sagemcom (Orange),-60,1,
06:40:36,Hacker_Alfa,00:C0:CA:88:99:AA,Alfa Network,-48,7,Deauth Attack
06:40:36,Ma_B0x_Orange,FF:EE:DD:44:55:66,Unknown,-67,1,
06:40:38,Ma_Box_Orange,E8:ED:F3:11:22:33,Sagemcom (Orange),-60,1,
06:40:38,Hacker_Alfa,00:C0:CA:88:99:AA,Alfa Network,-50,7,Deauth Attack
06:40:38,Ma_B0x_Orange,FF:EE:DD:44:55:66,Unknown,-65,1,
06:40:39,Ma_Box_Orange,E8:ED:F3:11:22:33,Sagemcom (Orange),-61,1,
06:40:39,Hacker_Alfa,00:C0:CA:88:99:AA,Alfa Network,-48,7,Deauth Attack
06:40:39,Ma_B0x_Orange,FF:EE:DD:44:55:66,Unknown,-66,1,
06:40:41,Ma_Box_Orange,E8:ED:F3:11:22:33,Sagemcom (Orange),-40,1,
06:40:41,Hacker_Alfa,00:C0:CA:88:99:AA,Alfa Network,-48,7,Deauth Attack
06:40:41,Ma_B0x_Orange,FF:EE:DD:44:55:66,Unknown,-67,1,
06:40:42,Ma_Box_Orange,E8:ED:F3:11:22:33,Sagemcom (Orange),-40,1,
06:40:42,Hacker_Alfa,00:C0:CA:88:99:AA,Alfa Network,-49,7,Deauth Attack
06:40:42,Ma_B0x_Orange,FF:EE:DD:44:55:66,Unknown,-66,1,
06:40:44,Ma_Box_Orange,E8:ED:F3:11:22:33,Sagemcom (Orange),-40,1,
06:40:44,Hacker_Alfa,00:C0:CA:88:99:AA,Alfa Network,-50,7,Deauth Attack
06:40:44,Ma_B0x_Orange,FF:EE:DD:44:55:66,Unknown,-67,1,
06:40:45,Ma_Box_Orange,E8:ED:F3:11:22:33,Sagemcom (Orange),-61,1,
06:40:45,Hacker_Alfa,00:C0:CA:88:99:AA,Alfa Network,-48,7,Deauth Attack
06:40:45,Ma_B0x_Orange,FF:EE:DD:44:55:66,Unknown,-64,1,
06:40:47,Ma_Box_Orange,E8:ED:F3:11:22:33,Sagemcom (Orange),-61,1,
06:40:47,Hacker_Alfa,00:C0:CA:88:99:AA,Alfa Network,-52,7,Deauth Attack
06:40:47,Ma_B0x_Orange,FF:EE:DD:44:55:66,Unknown,-65,1,
06:40:48,Ma_Box_Orange,E8:ED:F3:11:22:33,Sagemcom (Orange),-61,1,
06:40:48,Hacker_Alfa,00:C0:CA:88:99:AA,Alfa Network,-49,7,Deauth Attack
06:40:48,Ma_B0x_Orange,FF:EE:DD:44:55:66,Unknown,-65,1,
06:40:50,Ma_Box_Orange,E8:ED:F3:11:22:33,Sagemcom (Orange),-60,1,
06:40:50,Hacker_Alfa,00:C0:CA:88:99:AA,Alfa Network,-50,7,Deauth Attack
06:40:50,Ma_B0x_Orange,FF:EE:DD:44:55:66,Unknown,-66,1,
06:40:51,Ma_Box_Orange,E8:ED:F3:11:22:33,Sagemcom (Orange),-61,1,
06:40:51,Hacker_Alfa,00:C0:CA:88:99:AA,Alfa Network,-52,7,Deauth Attack
06:40:51,Ma_B0x_Orange,FF:EE:DD:44:55:66,Unknown,-67,1,
06:40:53,Ma_Box_Orange,E8:ED:F3:11:22:33,Sagemcom (Orange),-60,1,
06:40:53,Hacker_Alfa,00:C0:CA:88:99:AA,Alfa Network,-51,7,Deauth Attack
06:40:53,Ma_B0x_Orange,FF:EE:DD:44:55:66,Unknown,-66,1,
06:40:54,Ma_Box_Orange,E8:ED:F3:11:22:33,Sagemcom (Orange),-61,1,
06:40:54,Hacker_Alfa,00:C0:CA:88:99:AA,Alfa Network,-51,7,Deauth Attack
06:40:54,Ma_B0x_Orange,FF:EE:DD:44:55:66,Unknown,-63,1,
06:40:56,Ma_Box_Orange,E8:ED:F3:11:22:33,Sagemcom (Orange),-40,1,
06:40:56,Hacker_Alfa,00:C0:CA:88:99:AA,Alfa Network,-52,7,Deauth Attack
06:40:56,Ma_B0x_Orange,FF:EE:DD:44:55:66,Unknown,-67,1,
06:40:57,Ma_Box_Orange,E8:ED:F3:11:22:33,Sagemcom (Orange),-40,1,
06:40:57,Hacker_Alfa,00:C0:CA:88:99:AA,Alfa Network,-52,7,Deauth Attack
06:40:57,Ma_B0x_Orange,FF:EE:DD:44:55:66,Unknown,-64,1,
06:40:59,Ma_Box_Orange,E8:ED:F3:11:22:33,Sagemcom (Orange),-40,1,
06:40:59,Hacker_Alfa,00:C0:CA:88:99:AA,Alfa Network,-48,7,Deauth Attack
06:40:59,Ma_B0x_Orange,FF:EE:DD:44:55:66,Unknown,-63,1,
06:41:00,Ma_Box_Orange,E8:ED:F3:11:22:33,Sagemcom (Orange),-59,1,
06:41:00,Hacker_Alfa,00:C0:CA:88:99:AA,Alfa Network,-51,7,Deauth Attack
06:41:00,Ma_B0x_Orange,FF:EE:DD:44:55:66,Unknown,-67,1,
06:41:02,Ma_Box_Orange,E8:ED:F3:11:22:33,Sagemcom (Orange),-59,1,
06:41:02,Hacker_Alfa,00:C0:CA:88:99:AA,Alfa Network,-49,7,Deauth Attack
06:41:02,Ma_B0x_Orange,FF:EE:DD:44:55:66,Unknown,-65,1,
06:41:03,Ma_Box_Orange,E8:ED:F3:11:22:33,Sagemcom (Orange),-58,1,
06:41:03,Hacker_Alfa,00:C0:CA:88:99:AA,Alfa Network,-48,7,Deauth Attack
06:41:03,Ma_B0x_Orange,FF:EE:DD:44:55:66,Unknown,-65,1,
06:41:05,Ma_Box_Orange,E8:ED:F3:11:22:33,Sagemcom (Orange),-61,1,
06:41:05,Hacker_Alfa,00:C0:CA:88:99:AA,Alfa Network,-49,7,Deauth Attack
06:41:05,Ma_B0x_Orange,FF:EE:DD:44:55:66,Unknown,-66,1,
06:41:06,Ma_Box_Orange,E8:ED:F3:11:22:33,Sagemcom (Orange),-62,1,
06:41:06,Hacker_Alfa,00:C0:CA:88:99:AA,Alfa Network,-49,7,Deauth Attack
06:41:06,Ma_B0x_Orange,FF:EE:DD:44:55:66,Unknown,-64,1,
06:41:08,Ma_Box_Orange,E8:ED:F3:11:22:33,Sagemcom (Orange),-58,1,
06:41:08,Hacker_Alfa,00:C0:CA:88:99:AA,Alfa Network,-50,7,Deauth Attack
06:41:08,Ma_B0x_Orange,FF:EE:DD:44:55:66,Unknown,-67,1,
06:41:09,Ma_Box_Orange,E8:ED:F3:11:22:33,Sagemcom (Orange),-59,1,
06:41:09,Hacker_Alfa,00:C0:CA:88:99:AA,Alfa Network,-52,7,Deauth Attack
06:41:09,Ma_B0x_Orange,FF:EE:DD:44:55:66,Unknown,-67,1,
06:41:11,Ma_Box_Orange,E8:ED:F3:11:22:33,Sagemcom (Orange),-40,1,
06:41:11,Hacker_Alfa,00:C0:CA:88:99:AA,Alfa Network,-50,7,Deauth Attack
06:41:11,Ma_B0x_Orange,FF:EE:DD:44:55:66,Unknown,-64,1,
06:41:12,Ma_Box_Orange,E8:ED:F3:11:22:33,Sagemcom (Orange),-40,1,
06:41:12,Hacker_Alfa,00:C0:CA:88:99:AA,Alfa Network,-49,7,Deauth Attack
06:41:12,Ma_B0x_Orange,FF:EE:DD:44:55:66,Unknown,-65,1,
06:41:14,Ma_Box_Orange,E8:ED:F3:11:22:33,Sagemcom (Orange),-40,1,
06:41:14,Hacker_Alfa,00:C0:CA:88:99:AA,Alfa Network,-48,7,Deauth Attack
06:41:14,Ma_B0x_Orange,FF:EE:DD:44:55:66,Unknown,-65,1,
06:41:15,Ma_Box_Orange,E8:ED:F3:11:22:33,Sagemcom (Orange),-59,1,
06:41:15,Hacker_Alfa,00:C0:CA:88:99:AA,Alfa Network,-51,7,Deauth Attack
06:41:15,Ma_B0x_Orange,FF:EE:DD:44:55:66,Unknown,-64,1,
06:41:17,Ma_Box_Orange,E8:ED:F3:11:22:33,Sagemcom (Orange),-58,1,
06:41:17,Hacker_Alfa,00:C0:CA:88:99:AA,Alfa Network,-50,7,Deauth Attack
06:41:17,Ma_B0x_Orange,FF:EE:DD:44:55:66,Unknown,-66,1,
06:41:18,Ma_Box_Orange,E8:ED:F3:11:22:33,Sagemcom (Orange),-58,1,
06:41:18,Hacker_Alfa,00:C0:CA:88:99:AA,Alfa Network,-49,7,Deauth Attack
06:41:18,Ma_B0x_Orange,FF:EE:DD:44:55:66,Unknown,-63,1,
06:41:20,Ma_Box_Orange,E8:ED:F3:11:22:33,Sagemcom (Orange),-59,1,
06:41:20,Hacker_Alfa,00:C0:CA:88:99:AA,Alfa Network,-50,7,Deauth Attack
06:41:20,Ma_B0x_Orange,FF:EE:DD:44:55:66,Unknown,-64,1,
06:41:21,Ma_Box_Orange,E8:ED:F3:11:22:33,Sagemcom (Orange),-60,1,
06:41:21,Hacker_Alfa,00:C0:CA:88:99:AA,Alfa Network,-50,7,Deauth Attack
06:41:21,Ma_B0x_Orange,FF:EE:DD:44:55:66,Unknown,-67,1,
06:41:23,Ma_Box_Orange,E8:ED:F3:11:22:33,Sagemcom (Orange),-61,1,
06:41:23,Hacker_Alfa,00:C0:CA:88:99:AA,Alfa Network,-52,7,Deauth Attack
06:41:23,Ma_B0x_Orange,FF:EE:DD:44:55:66,Unknown,-66,1,
06:41:24,Ma_Box_Orange,E8:ED:F3:11:22:33,Sagemcom (Orange),-62,1,
06:41:24,Hacker_Alfa,00:C0:CA:88:99:AA,Alfa Network,-52,7,Deauth Attack
06:41:24,Ma_B0x_Orange,FF:EE:DD:44:55:66,Unknown,-67,1,
06:41:26,Ma_Box_Orange,E8:ED:F3:11:22:33,Sagemcom (Orange),-40,1,
06:41:26,Hacker_Alfa,00:C0:CA:88:99:AA,Alfa Network,-50,7,Deauth Attack
06:41:26,Ma_B0x_Orange,FF:EE:DD:44:55:66,Unknown,-64,1,
06:41:27,Ma_Box_Orange,E8:ED:F3:11:22:33,Sagemcom (Orange),-40,1,
06:41:27,Hacker_Alfa,00:C0:CA:88:99:AA,Alfa Network,-49,7,Deauth Attack
06:41:27,Ma_B0x_Orange,FF:EE:DD:44:55:66,Unknown,-63,1,
06:41:29,Ma_Box_Orange,E8:ED:F3:11:22:33,Sagemcom (Orange),-40,1,
06:41:29,Hacker_Alfa,00:C0:CA:88:99:AA,Alfa Network,-52,7,Deauth Attack
06:41:29,Ma_B0x_Orange,FF:EE:DD:44:55:66,Unknown,-67,1,
06:41:30,Ma_Box_Orange,E8:ED:F3:11:22:33,Sagemcom (Orange),-58,1,
06:41:30,Hacker_Alfa,00:C0:CA:88:99:AA,Alfa Network,-50,7,Deauth Attack
06:41:30,Ma_B0x_Orange,FF:EE:DD:44:55:66,Unknown,-64,1,
06:41:32,Ma_Box_Orange,E8:ED:F3:11:22:33,Sagemcom (Orange),-60,1,
06:41:32,Hacker_Alfa,00:C0:CA:88:99:AA,Alfa Network,-50,7,Deauth Attack
06:41:32,Ma_B0x_Orange,FF:EE:DD:44:55:66,Unknown,-65,1,
06:41:33,Ma_Box_Orange,E8:ED:F3:11:22:33,Sagemcom (Orange),-58,1,
06:41:33,Hacker_Alfa,00:C0:CA:88:99:AA,Alfa Network,-52,7,Deauth Attack
06:41:33,Ma_B0x_Orange,FF:EE:DD:44:55:66,Unknown,-64,1,
06:41:35,Ma_Box_Orange,E8:ED:F3:11:22:33,Sagemcom (Orange),-62,1,
06:41:35,Hacker_Alfa,00:C0:CA:88:99:AA,Alfa Network,-51,7,Deauth Attack
06:41:35,Ma_B0x_Orange,FF:EE:DD:44:55:66,Unknown,-63,1,
06:41:36,Ma_Box_Orange,E8:ED:F3:11:22:33,Sagemcom (Orange),-58,1,
06:41:36,Hacker_Alfa,00:C0:CA:88:99:AA,Alfa Network,-49,7,Deauth Attack
06:41:36,Ma_B0x_Orange,FF:EE:DD:44:55:66,Unknown,-64,1,
06:41:38,Ma_Box_Orange,E8:ED:F3:11:22:33,Sagemcom (Orange),-62,1,
06:41:38,Hacker_Alfa,00:C0:CA:88:99:AA,Alfa Network,-50,7,Deauth Attack
06:41:38,Ma_B0x_Orange,FF:EE:DD:44:55:66,Unknown,-63,1,
06:41:39,Ma_Box_Orange,E8:ED:F3:11:22:33,Sagemcom (Orange),-61,1,
06:41:39,Hacker_Alfa,00:C0:CA:88:99:AA,Alfa Network,-50,7,Deauth Attack
06:41:39,Ma_B0x_Orange,FF:EE:DD:44:55:66,Unknown,-67,1,
06:41:41,Ma_Box_Orange,E8:ED:F3:11:22:33,Sagemcom (Orange),-40,1,
06:41:41,Hacker_Alfa,00:C0:CA:88:99:AA,Alfa Network,-51,7,Deauth Attack
06:41:41,Ma_B0x_Orange,FF:EE:DD:44:55:66,Unknown,-63,1,
06:41:42,Ma_Box_Orange,E8:ED:F3:11:22:33,Sagemcom (Orange),-40,1,
06:41:42,Hacker_Alfa,00:C0:CA:88:99:AA,Alfa Network,-52,7,Deauth Attack
06:41:42,Ma_B0x_Orange,FF:EE:DD:44:55:66,Unknown,-66,1,
06:41:44,Ma_Box_Orange,E8:ED:F3:11:22:33,Sagemcom (Orange),-40,1,
06:41:44,Hacker_Alfa,00:C0:CA:88:99:AA,Alfa Network,-51,7,Deauth Attack
06:41:44,Ma_B0x_Orange,FF:EE:DD:44:55:66,Unknown,-63,1,
06:41:45,Ma_Box_Orange,E8:ED:F3:11:22:33,Sagemcom (Orange),-58,1,
06:41:45,Hacker_Alfa,00:C0:CA:88:99:AA,Alfa Network,-51,7,Deauth Attack
06:41:45,Ma_B0x_Orange,FF:EE:DD:44:55:66,Unknown,-66,1,
06:41:47,Ma_Box_Orange,E8:ED:F3:11:22:33,Sagemcom (Orange),-62,1,
06:41:47,Hacker_Alfa,00:C0:CA:88:99:AA,Alfa Network,-48,7,Deauth Attack
06:41:47,Ma_B0x_Orange,FF:EE:DD:44:55:66,Unknown,-67,1,
06:41:48,Ma_Box_Orange,E8:ED:F3:11:22:33,Sagemcom (Orange),-58,1,
06:41:48,Hacker_Alfa,00:C0:CA:88:99:AA,Alfa Network,-52,7,Deauth Attack
06:41:48,Ma_B0x_Orange,FF:EE:DD:44:55:66,Unknown,-67,1,
06:41:50,Ma_Box_Orange,E8:ED:F3:11:22:33,Sagemcom (Orange),-60,1,
06:41:50,Hacker_Alfa,00:C0:CA:88:99:AA,Alfa Network,-52,7,Deauth Attack
06:41:50,Ma_B0x_Orange,FF:EE:DD:44:55:66,Unknown,-64,1,
06:41:51,Ma_Box_Orange,E8:ED:F3:11:22:33,Sagemcom (Orange),-62,1,
06:41:51,Hacker_Alfa,00:C0:CA:88:99:AA,Alfa Network,-50,7,Deauth Attack
06:41:51,Ma_B0x_Orange,FF:EE:DD:44:55:66,Unknown,-66,1,
06:41:53,Ma_Box_Orange,E8:ED:F3:11:22:33,Sagemcom (Orange),-61,1,
06:41:53,Hacker_Alfa,00:C0:CA:88:99:AA,Alfa Network,-49,7,Deauth Attack
06:41:53,Ma_B0x_Orange,FF:EE:DD:44:55:66,Unknown,-67,1,
06:41:54,Ma_Box_Orange,E8:ED:F3:11:22:33,Sagemcom (Orange),-60,1,
06:41:54,Hacker_Alfa,00:C0:CA:88:99:AA,Alfa Network,-49,7,Deauth Attack
06:41:54,Ma_B0x_Orange,FF:EE:DD:44:55:66,Unknown,-65,1,
06:41:56,Ma_Box_Orange,E8:ED:F3:11:22:33,Sagemcom (Orange),-40,1,
06:41:56,Hacker_Alfa,00:C0:CA:88:99:AA,Alfa Network,-49,7,Deauth Attack
06:41:56,Ma_B0x_Orange,FF:EE:DD:44:55:66,Unknown,-63,1,
06:41:57,Ma_Box_Orange,E8:ED:F3:11:22:33,Sagemcom (Orange),-40,1,
06:41:57,Hacker_Alfa,00:C0:CA:88:99:AA,Alfa Network,-49,7,Deauth Attack
06:41:57,Ma_B0x_Orange,FF:EE:DD:44:55:66,Unknown,-66,1,
06:41:59,Ma_Box_Orange,E8:ED:F3:11:22:33,Sagemcom (Orange),-40,1,
06:41:59,Hacker_Alfa,00:C0:CA:88:99:AA,Alfa Network,-51,7,Deauth Attack
06:41:59,Ma_B0x_Orange,FF:EE:DD:44:55:66,Unknown,-64,1,
06:42:00,Ma_Box_Orange,E8:ED:F3:11:22:33,Sagemcom (Orange),-59,1,
06:42:00,Hacker_Alfa,00:C0:CA:88:99:AA,Alfa Network,-50,7,Deauth Attack
06:42:00,Ma_B0x_Orange,FF:EE:DD:44:55:66,Unknown,-67,1,
06:42:02,Ma_Box_Orange,E8:ED:F3:11:22:33,Sagemcom (Orange),-58,1,
06:42:02,Hacker_Alfa,00:C0:CA:88:99:AA,Alfa Network,-51,7,Deauth Attack
06:42:02,Ma_B0x_Orange,FF:EE:DD:44:55:66,Unknown,-65,1,
06:42:03,Ma_Box_Orange,E8:ED:F3:11:22:33,Sagemcom (Orange),-60,1,
06:42:03,Hacker_Alfa,00:C0:CA:88:99:AA,Alfa Network,-51,7,Deauth Attack
06:42:03,Ma_B0x_Orange,FF:EE:DD:44:55:66,Unknown,-67,1,
06:42:05,Ma_Box_Orange,E8:ED:F3:11:22:33,Sagemcom (Orange),-58,1,
06:42:05,Hacker_Alfa,00:C0:CA:88:99:AA,Alfa Network,-49,7,Deauth Attack
06:42:05,Ma_B0x_Orange,FF:EE:DD:44:55:66,Unknown,-63,1,
06:42:06,Ma_Box_Orange,E8:ED:F3:11:22:33,Sagemcom (Orange),-59,1,
06:42:06,Hacker_Alfa,00:C0:CA:88:99:AA,Alfa Network,-52,7,Deauth Attack
06:42:06,Ma_B0x_Orange,FF:EE:DD:44:55:66,Unknown,-67,1,
06:42:08,Ma_Box_Orange,E8:ED:F3:11:22:33,Sagemcom (Orange),-61,1,
06:42:08,Hacker_Alfa,00:C0:CA:88:99:AA,Alfa Network,-52,7,Deauth Attack
06:42:08,Ma_B0x_Orange,FF:EE:DD:44:55:66,Unknown,-65,1,
06:42:09,Ma_Box_Orange,E8:ED:F3:11:22:33,Sagemcom (Orange),-61,1,
06:42:09,Hacker_Alfa,00:C0:CA:88:99:AA,Alfa Network,-49,7,Deauth Attack
06:42:09,Ma_B0x_Orange,FF:EE:DD:44:55:66,Unknown,-66,1,
06:42:11,Ma_Box_Orange,E8:ED:F3:11:22:33,Sagemcom (Orange),-40,1,
06:42:11,Hacker_Alfa,00:C0:CA:88:99:AA,Alfa Network,-49,7,Deauth Attack
06:42:11,Ma_B0x_Orange,FF:EE:DD:44:55:66,Unknown,-67,1,
06:42:12,Ma_Box_Orange,E8:ED:F3:11:22:33,Sagemcom (Orange),-40,1,
06:42:12,Hacker_Alfa,00:C0:CA:88:99:AA,Alfa Network,-50,7,Deauth Attack
06:42:12,Ma_B0x_Orange,FF:EE:DD:44:55:66,Unknown,-64,1,
06:42:14,Ma_Box_Orange,E8:ED:F3:11:22:33,Sagemcom (Orange),-40,1,
06:42:14,Hacker_Alfa,00:C0:CA:88:99:AA,Alfa Network,-48,7,Deauth Attack
06:42:14,Ma_B0x_Orange,FF:EE:DD:44:55:66,Unknown,-66,1,
06:42:15,Ma_Box_Orange,E8:ED:F3:11:22:33,Sagemcom (Orange),-62,1,
06:42:15,Hacker_Alfa,00:C0:CA:88:99:AA,Alfa Network,-50,7,Deauth Attack
06:42:15,Ma_B0x_Orange,FF:EE:DD:44:55:66,Unknown,-66,1,
06:42:17,Ma_Box_Orange,E8:ED:F3:11:22:33,Sagemcom (Orange),-62,1,
06:42:17,Hacker_Alfa,00:C0:CA:88:99:AA,Alfa Network,-49,7,Deauth Attack
06:42:17,Ma_B0x_Orange,FF:EE:DD:44:55:66,Unknown,-66,1,
06:42:18,Ma_Box_Orange,E8:ED:F3:11:22:33,Sagemcom (Orange),-62,1,
06:42:18,Hacker_Alfa,00:C0:CA:88:99:AA,Alfa Network,-50,7,Deauth Attack
06:42:18,Ma_B0x_Orange,FF:EE:DD:44:55:66,Unknown,-67,1,
06:42:20,Ma_Box_Orange,E8:ED:F3:11:22:33,Sagemcom (Orange),-59,1,
06:42:20,Hacker_Alfa,00:C0:CA:88:99:AA,Alfa Network,-48,7,Deauth Attack
06:42:20,Ma_B0x_Orange,FF:EE:DD:44:55:66,Unknown,-65,1,
06:42:21,Ma_Box_Orange,E8:ED:F3:11:22:33,Sagemcom (Orange),-59,1,
06:42:21,Hacker_Alfa,00:C0:CA:88:99:AA,Alfa Network,-51,7,Deauth Attack
06:42:21,Ma_B0x_Orange,FF:EE:DD:44:55:66,Unknown,-64,1,
06:42:23,Ma_Box_Orange,E8:ED:F3:11:22:33,Sagemcom (Orange),-58,1,
06:42:23,Hacker_Alfa,00:C0:CA:88:99:AA,Alfa Network,-51,7,Deauth Attack
06:42:23,Ma_B0x_Orange,FF:EE:DD:44:55:66,Unknown,-65,1,
06:42:24,Ma_Box_Orange,E8:ED:F3:11:22:33,Sagemcom (Orange),-62,1,
06:42:24,Hacker_Alfa,00:C0:CA:88:99:AA,Alfa Network,-48,7,Deauth Attack
06:42:24,Ma_B0x_Orange,FF:EE:DD:44:55:66,Unknown,-63,1,
06:42:26,Ma_Box_Orange,E8:ED:F3:11:22:33,Sagemcom (Orange),-40,1,
06:42:26,Hacker_Alfa,00:C0:CA:88:99:AA,Alfa Network,-48,7,Deauth Attack
06:42:26,Ma_B0x_Orange,FF:EE:DD:44:55:66,Unknown,-63,1,
06:42:27,Ma_Box_Orange,E8:ED:F3:11:22:33,Sagemcom (Orange),-40,1,
06:42:27,Hacker_Alfa,00:C0:CA:88:99:AA,Alfa Network,-48,7,Deauth Attack
06:42:27,Ma_B0x_Orange,FF:EE:DD:44:55:66,Unknown,-67,1,
06:42:29,Ma_Box_Orange,E8:ED:F3:11:22:33,Sagemcom (Orange),-40,1,
06:42:29,Hacker_Alfa,00:C0:CA:88:99:AA,Alfa Network,-49,7,Deauth Attack
06:42:29,Ma_B0x_Orange,FF:EE:DD:44:55:66,Unknown,-65,1,
06:42:30,Ma_Box_Orange,E8:ED:F3:11:22:33,Sagemcom (Orange),-61,1,
06:42:30,Hacker_Alfa,00:C0:CA:88:99:AA,Alfa Network,-48,7,Deauth Attack
06:42:30,Ma_B0x_Orange,FF:EE:DD:44:55:66,Unknown,-63,1,
06:42:32,Ma_Box_Orange,E8:ED:F3:11:22:33,Sagemcom (Orange),-59,1,
06:42:32,Hacker_Alfa,00:C0:CA:88:99:AA,Alfa Network,-51,7,Deauth Attack
06:42:32,Ma_B0x_Orange,FF:EE:DD:44:55:66,Unknown,-66,1,
06:42:33,Ma_Box_Orange,E8:ED:F3:11:22:33,Sagemcom (Orange),-58,1,
06:42:33,Hacker_Alfa,00:C0:CA:88:99:AA,Alfa Network,-48,7,Deauth Attack
06:42:33,Ma_B0x_Orange,FF:EE:DD:44:55:66,Unknown,-67,1,
06:42:35,Ma_Box_Orange,E8:ED:F3:11:22:33,Sagemcom (Orange),-59,1,
06:42:35,Hacker_Alfa,00:C0:CA:88:99:AA,Alfa Network,-51,7,Deauth Attack
06:42:35,Ma_B0x_Orange,FF:EE:DD:44:55:66,Unknown,-67,1,
06:42:36,Ma_Box_Orange,E8:ED:F3:11:22:33,Sagemcom (Orange),-61,1,
06:42:36,Hacker_Alfa,00:C0:CA:88:99:AA,Alfa Network,-48,7,Deauth Attack
06:42:36,Ma_B0x_Orange,FF:EE:DD:44:55:66,Unknown,-67,1,
06:42:38,Ma_Box_Orange,E8:ED:F3:11:22:33,Sagemcom (Orange),-60,1,
06:42:38,Hacker_Alfa,00:C0:CA:88:99:AA,Alfa Network,-52,7,Deauth Attack
06:42:38,Ma_B0x_Orange,FF:EE:DD:44:55:66,Unknown,-66,1,
06:42:39,Ma_Box_Orange,E8:ED:F3:11:22:33,Sagemcom (Orange),-58,1,
06:42:39,Hacker_Alfa,00:C0:CA:88:99:AA,Alfa Network,-52,7,Deauth Attack
06:42:39,Ma_B0x_Orange,FF:EE:DD:44:55:66,Unknown,-64,1,
06:42:41,Ma_Box_Orange,E8:ED:F3:11:22:33,Sagemcom (Orange),-40,1,
06:42:41,Hacker_Alfa,00:C0:CA:88:99:AA,Alfa Network,-48,7,Deauth Attack
06:42:41,Ma_B0x_Orange,FF:EE:DD:44:55:66,Unknown,-65,1,
06:42:42,Ma_Box_Orange,E8:ED:F3:11:22:33,Sagemcom (Orange),-40,1,
06:42:42,Hacker_Alfa,00:C0:CA:88:99:AA,Alfa Network,-50,7,Deauth Attack
06:42:42,Ma_B0x_Orange,FF:EE:DD:44:55:66,Unknown,-67,1,
06:42:44,Ma_Box_Orange,E8:ED:F3:11:22:33,Sagemcom (Orange),-40,1,
06:42:44,Hacker_Alfa,00:C0:CA:88:99:AA,Alfa Network,-49,7,Deauth Attack
06:42:44,Ma_B0x_Orange,FF:EE:DD:44:55:66,Unknown,-64,1,
06:42:45,Ma_Box_Orange,E8:ED:F3:11:22:33,Sagemcom (Orange),-61,1,
06:42:45,Hacker_Alfa,00:C0:CA:88:99:AA,Alfa Network,-48,7,Deauth Attack
06:42:45,Ma_B0x_Orange,FF:EE:DD:44:55:66,Unknown,-66,1,
06:42:47,Ma_Box_Orange,E8:ED:F3:11:22:33,Sagemcom (Orange),-60,1,
06:42:47,Hacker_Alfa,00:C0:CA:88:99:AA,Alfa Network,-51,7,Deauth Attack
06:42:47,Ma_B0x_Orange,FF:EE:DD:44:55:66,Unknown,-67,1,
06:42:48,Ma_Box_Orange,E8:ED:F3:11:22:33,Sagemcom (Orange),-61,1,
06:42:48,Hacker_Alfa,00:C0:CA:88:99:AA,Alfa Network,-51,7,Deauth Attack
06:42:48,Ma_B0x_Orange,FF:EE:DD:44:55:66,Unknown,-65,1,
06:42:50,Ma_Box_Orange,E8:ED:F3:11:22:33,Sagemcom (Orange),-62,1,
06:42:50,Hacker_Alfa,00:C0:CA:88:99:AA,Alfa Network,-49,7,Deauth Attack
06:42:50,Ma_B0x_Orange,FF:EE:DD:44:55:66,Unknown,-67,1,
06:42:51,Ma_Box_Orange,E8:ED:F3:11:22:33,Sagemcom (Orange),-61,1,
06:42:51,Hacker_Alfa,00:C0:CA:88:99:AA,Alfa Network,-51,7,Deauth Attack
06:42:51,Ma_B0x_Orange,FF:EE:DD:44:55:66,Unknown,-66,1,
06:42:53,Ma_Box_Orange,E8:ED:F3:11:22:33,Sagemcom (Orange),-62,1,
06:42:53,Hacker_Alfa,00:C0:CA:88:99:AA,Alfa Network,-52,7,Deauth Attack
06:42:53,Ma_B0x_Orange,FF:EE:DD:44:55:66,Unknown,-67,1,
06:42:54,Ma_Box_Orange,E8:ED:F3:11:22:33,Sagemcom (Orange),-62,1,
06:42:54,Hacker_Alfa,00:C0:CA:88:99:AA,Alfa Network,-49,7,Deauth Attack
06:42:54,Ma_B0x_Orange,FF:EE:DD:44:55:66,Unknown,-65,1,
06:42:56,Ma_Box_Orange,E8:ED:F3:11:22:33,Sagemcom (Orange),-40,1,
06:42:56,Hacker_Alfa,00:C0:CA:88:99:AA,Alfa Network,-50,7,Deauth Attack
06:42:56,Ma_B0x_Orange,FF:EE:DD:44:55:66,Unknown,-63,3,RSSI Spike
06:42:57,Ma_Box_Orange,E8:ED:F3:11:22:33,Sagemcom (Orange),-40,1,
06:42:57,Hacker_Alfa,00:C0:CA:88:99:AA,Alfa Network,-51,7,Deauth Attack
06:42:57,Ma_B0x_Orange,FF:EE:DD:44:55:66,Unknown,-63,3,RSSI Spike
06:42:59,Ma_Box_Orange,E8:ED:F3:11:22:33,Sagemcom (Orange),-40,1,
06:42:59,Hacker_Alfa,00:C0:CA:88:99:AA,Alfa Network,-52,7,Deauth Attack
06:42:59,Ma_B0x_Orange,FF:EE:DD:44:55:66,Unknown,-67,3,RSSI Spike
06:43:00,Ma_Box_Orange,E8:ED:F3:11:22:33,Sagemcom (Orange),-62,1,
06:43:00,Hacker_Alfa,00:C0:CA:88:99:AA,Alfa Network,-48,7,Deauth Attack
06:43:00,Ma_B0x_Orange,FF:EE:DD:44:55:66,Unknown,-67,3,RSSI Spike
06:43:02,Ma_Box_Orange,E8:ED:F3:11:22:33,Sagemcom (Orange),-61,1,
06:43:02,Hacker_Alfa,00:C0:CA:88:99:AA,Alfa Network,-50,7,Deauth Attack
06:43:02,Ma_B0x_Orange,FF:EE:DD:44:55:66,Unknown,-67,3,RSSI Spike
06:43:03,Ma_Box_Orange,E8:ED:F3:11:22:33,Sagemcom (Orange),-62,1,
06:43:03,Hacker_Alfa,00:C0:CA:88:99:AA,Alfa Network,-51,7,Deauth Attack
06:43:03,Ma_B0x_Orange,FF:EE:DD:44:55:66,Unknown,-66,3,RSSI Spike
06:43:05,Ma_Box_Orange,E8:ED:F3:11:22:33,Sagemcom (Orange),-60,1,
06:43:05,Hacker_Alfa,00:C0:CA:88:99:AA,Alfa Network,-51,7,Deauth Attack
06:43:05,Ma_B0x_Orange,FF:EE:DD:44:55:66,Unknown,-67,3,RSSI Spike
06:43:06,Ma_Box_Orange,E8:ED:F3:11:22:33,Sagemcom (Orange),-59,1,
06:43:06,Hacker_Alfa,00:C0:CA:88:99:AA,Alfa Network,-50,7,Deauth Attack
06:43:06,Ma_B0x_Orange,FF:EE:DD:44:55:66,Unknown,-65,3,RSSI Spike
06:43:08,Ma_Box_Orange,E8:ED:F3:11:22:33,Sagemcom (Orange),-58,1,
06:43:08,Hacker_Alfa,00:C0:CA:88:99:AA,Alfa Network,-52,7,Deauth Attack
06:43:08,Ma_B0x_Orange,FF:EE:DD:44:55:66,Unknown,-65,3,RSSI Spike
06:43:09,Ma_Box_Orange,E8:ED:F3:11:22:33,Sagemcom (Orange),-62,1,
06:43:09,Hacker_Alfa,00:C0:CA:88:99:AA,Alfa Network,-50,7,Deauth Attack
06:43:09,Ma_B0x_Orange,FF:EE:DD:44:55:66,Unknown,-64,3,RSSI Spike
06:43:11,Ma_Box_Orange,E8:ED:F3:11:22:33,Sagemcom (Orange),-40,1,
06:43:11,Hacker_Alfa,00:C0:CA:88:99:AA,Alfa Network,-50,7,Deauth Attack
06:43:11,Ma_B0x_Orange,FF:EE:DD:44:55:66,Unknown,-65,3,RSSI Spike
06:43:12,Ma_Box_Orange,E8:ED:F3:11:22:33,Sagemcom (Orange),-40,1,
06:43:12,Hacker_Alfa,00:C0:CA:88:99:AA,Alfa Network,-52,7,Deauth Attack
06:43:12,Ma_B0x_Orange,FF:EE:DD:44:55:66,Unknown,-65,3,RSSI Spike
06:43:14,Ma_Box_Orange,E8:ED:F3:11:22:33,Sagemcom (Orange),-40,1,
06:43:14,Hacker_Alfa,00:C0:CA:88:99:AA,Alfa Network,-49,7,Deauth Attack
06:43:14,Ma_B0x_Orange,FF:EE:DD:44:55:66,Unknown,-66,3,RSSI Spike
06:43:15,Ma_Box_Orange,E8:ED:F3:11:22:33,Sagemcom (Orange),-61,1,
06:43:15,Hacker_Alfa,00:C0:CA:88:99:AA,Alfa Network,-51,7,Deauth Attack
06:43:15,Ma_B0x_Orange,FF:EE:DD:44:55:66,Unknown,-66,3,RSSI Spike
06:43:17,Ma_Box_Orange,E8:ED:F3:11:22:33,Sagemcom (Orange),-61,1,
06:43:17,Hacker_Alfa,00:C0:CA:88:99:AA,Alfa Network,-48,7,Deauth Attack
06:43:17,Ma_B0x_Orange,FF:EE:DD:44:55:66,Unknown,-66,3,RSSI Spike
06:43:18,Ma_Box_Orange,E8:ED:F3:11:22:33,Sagemcom (Orange),-61,1,
06:43:18,Hacker_Alfa,00:C0:CA:88:99:AA,Alfa Network,-52,7,Deauth Attack
06:43:18,Ma_B0x_Orange,FF:EE:DD:44:55:66,Unknown,-64,3,RSSI Spike
06:43:20,Ma_Box_Orange,E8:ED:F3:11:22:33,Sagemcom (Orange),-60,1,
06:43:20,Hacker_Alfa,00:C0:CA:88:99:AA,Alfa Network,-49,7,Deauth Attack
06:43:20,Ma_B0x_Orange,FF:EE:DD:44:55:66,Unknown,-66,3,RSSI Spike
06:43:21,Ma_Box_Orange,E8:ED:F3:11:22:33,Sagemcom (Orange),-61,1,
06:43:21,Hacker_Alfa,00:C0:CA:88:99:AA,Alfa Network,-49,7,Deauth Attack
06:43:21,Ma_B0x_Orange,FF:EE:DD:44:55:66,Unknown,-64,3,RSSI Spike
06:43:23,Ma_Box_Orange,E8:ED:F3:11:22:33,Sagemcom (Orange),-62,1,
06:43:23,Hacker_Alfa,00:C0:CA:88:99:AA,Alfa Network,-52,7,Deauth Attack
06:43:23,Ma_B0x_Orange,FF:EE:DD:44:55:66,Unknown,-63,3,RSSI Spike
06:43:24,Ma_Box_Orange,E8:ED:F3:11:22:33,Sagemcom (Orange),-60,1,
06:43:24,Hacker_Alfa,00:C0:CA:88:99:AA,Alfa Network,-52,7,Deauth Attack
06:43:24,Ma_B0x_Orange,FF:EE:DD:44:55:66,Unknown,-64,3,RSSI Spike
06:43:26,Ma_Box_Orange,E8:ED:F3:11:22:33,Sagemcom (Orange),-40,1,
06:43:26,Hacker_Alfa,00:C0:CA:88:99:AA,Alfa Network,-49,7,Deauth Attack
06:43:26,Ma_B0x_Orange,FF:EE:DD:44:55:66,Unknown,-67,3,RSSI Spike
06:43:27,Ma_Box_Orange,E8:ED:F3:11:22:33,Sagemcom (Orange),-40,1,
06:43:27,Hacker_Alfa,00:C0:CA:88:99:AA,Alfa Network,-48,7,Deauth Attack
06:43:27,Ma_B0x_Orange,FF:EE:DD:44:55:66,Unknown,-67,3,RSSI Spike
06:43:29,Ma_Box_Orange,E8:ED:F3:11:22:33,Sagemcom (Orange),-40,1,
06:43:29,Hacker_Alfa,00:C0:CA:88:99:AA,Alfa Network,-51,7,Deauth Attack
06:43:29,Ma_B0x_Orange,FF:EE:DD:44:55:66,Unknown,-67,3,RSSI Spike
06:43:30,Ma_Box_Orange,E8:ED:F3:11:22:33,Sagemcom (Orange),-60,1,
06:43:30,Hacker_Alfa,00:C0:CA:88:99:AA,Alfa Network,-50,7,Deauth Attack
06:43:30,Ma_B0x_Orange,FF:EE:DD:44:55:66,Unknown,-66,3,RSSI Spike
06:43:32,Ma_Box_Orange,E8:ED:F3:11:22:33,Sagemcom (Orange),-61,1,
06:43:32,Hacker_Alfa,00:C0:CA:88:99:AA,Alfa Network,-49,7,Deauth Attack
06:43:32,Ma_B0x_Orange,FF:EE:DD:44:55:66,Unknown,-66,3,RSSI Spike
06:43:33,Ma_Box_Orange,E8:ED:F3:11:22:33,Sagemcom (Orange),-62,1,
06:43:33,Hacker_Alfa,00:C0:CA:88:99:AA,Alfa Network,-52,7,Deauth Attack
06:43:33,Ma_B0x_Orange,FF:EE:DD:44:55:66,Unknown,-64,3,RSSI Spike
06:43:35,Ma_Box_Orange,E8:ED:F3:11:22:33,Sagemcom (Orange),-60,1,
06:43:35,Hacker_Alfa,00:C0:CA:88:99:AA,Alfa Network,-52,7,Deauth Attack
06:43:35,Ma_B0x_Orange,FF:EE:DD:44:55:66,Unknown,-65,3,RSSI Spike
06:43:36,Ma_Box_Orange,E8:ED:F3:11:22:33,Sagemcom (Orange),-60,1,
06:43:36,Hacker_Alfa,00:C0:CA:88:99:AA,Alfa Network,-51,7,Deauth Attack
06:43:36,Ma_B0x_Orange,FF:EE:DD:44:55:66,Unknown,-63,3,RSSI Spike
06:43:38,Ma_Box_Orange,E8:ED:F3:11:22:33,Sagemcom (Orange),-59,1,
06:43:38,Hacker_Alfa,00:C0:CA:88:99:AA,Alfa Network,-49,7,Deauth Attack
06:43:38,Ma_B0x_Orange,FF:EE:DD:44:55:66,Unknown,-66,3,RSSI Spike
06:43:39,Ma_Box_Orange,E8:ED:F3:11:22:33,Sagemcom (Orange),-60,1,
06:43:39,Hacker_Alfa,00:C0:CA:88:99:AA,Alfa Network,-50,7,Deauth Attack
06:43:39,Ma_B0x_Orange,FF:EE:DD:44:55:66,Unknown,-64,3,RSSI Spike
06:43:41,Ma_Box_Orange,E8:ED:F3:11:22:33,Sagemcom (Orange),-40,1,
06:43:41,Hacker_Alfa,00:C0:CA:88:99:AA,Alfa Network,-51,7,Deauth Attack
06:43:41,Ma_B0x_Orange,FF:EE:DD:44:55:66,Unknown,-65,3,RSSI Spike
06:43:42,Ma_Box_Orange,E8:ED:F3:11:22:33,Sagemcom (Orange),-40,1,
06:43:42,Hacker_Alfa,00:C0:CA:88:99:AA,Alfa Network,-51,7,Deauth Attack
06:43:42,Ma_B0x_Orange,FF:EE:DD:44:55:66,Unknown,-65,3,RSSI Spike
06:43:44,Ma_Box_Orange,E8:ED:F3:11:22:33,Sagemcom (Orange),-40,1,
06:43:44,Hacker_Alfa,00:C0:CA:88:99:AA,Alfa Network,-50,7,Deauth Attack
06:43:44,Ma_B0x_Orange,FF:EE:DD:44:55:66,Unknown,-65,3,RSSI Spike
06:43:45,Ma_Box_Orange,E8:ED:F3:11:22:33,Sagemcom (Orange),-59,1,
06:43:45,Hacker_Alfa,00:C0:CA:88:99:AA,Alfa Network,-51,7,Deauth Attack
06:43:45,Ma_B0x_Orange,FF:EE:DD:44:55:66,Unknown,-64,3,RSSI Spike
06:43:47,Ma_Box_Orange,E8:ED:F3:11:22:33,Sagemcom (Orange),-60,1,
06:43:47,Hacker_Alfa,00:C0:CA:88:99:AA,Alfa Network,-48,7,Deauth Attack
06:43:47,Ma_B0x_Orange,FF:EE:DD:44:55:66,Unknown,-66,3,RSSI Spike
06:43:48,Ma_Box_Orange,E8:ED:F3:11:22:33,Sagemcom (Orange),-59,1,
06:43:48,Hacker_Alfa,00:C0:CA:88:99:AA,Alfa Network,-51,7,Deauth Attack
06:43:48,Ma_B0x_Orange,FF:EE:DD:44:55:66,Unknown,-65,3,RSSI Spike
06:43:50,Ma_Box_Orange,E8:ED:F3:11:22:33,Sagemcom (Orange),-62,1,
06:43:50,Hacker_Alfa,00:C0:CA:88:99:AA,Alfa Network,-50,7,Deauth Attack
06:43:50,Ma_B0x_Orange,FF:EE:DD:44:55:66,Unknown,-67,3,RSSI Spike
06:43:51,Ma_Box_Orange,E8:ED:F3:11:22:33,Sagemcom (Orange),-59,1,
06:43:51,Hacker_Alfa,00:C0:CA:88:99:AA,Alfa Network,-52,7,Deauth Attack
06:43:51,Ma_B0x_Orange,FF:EE:DD:44:55:66,Unknown,-63,3,RSSI Spike
06:43:53,Ma_Box_Orange,E8:ED:F3:11:22:33,Sagemcom (Orange),-62,1,
06:43:53,Hacker_Alfa,00:C0:CA:88:99:AA,Alfa Network,-50,7,Deauth Attack
06:43:53,Ma_B0x_Orange,FF:EE:DD:44:55:66,Unknown,-65,3,RSSI Spike
06:43:54,Ma_Box_Orange,E8:ED:F3:11:22:33,Sagemcom (Orange),-61,1,
06:43:54,Hacker_Alfa,00:C0:CA:88:99:AA,Alfa Network,-48,7,Deauth Attack
06:43:54,Ma_B0x_Orange,FF:EE:DD:44:55:66,Unknown,-67,3,RSSI Spike
06:43:56,Ma_Box_Orange,E8:ED:F3:11:22:33,Sagemcom (Orange),-40,1,
06:43:56,Hacker_Alfa,00:C0:CA:88:99:AA,Alfa Network,-52,7,Deauth Attack
06:43:56,Ma_B0x_Orange,FF:EE:DD:44:55:66,Unknown,-63,3,RSSI Spike
06:43:57,Ma_Box_Orange,E8:ED:F3:11:22:33,Sagemcom (Orange),-40,1,
06:43:57,Hacker_Alfa,00:C0:CA:88:99:AA,Alfa Network,-50,7,Deauth Attack
06:43:57,Ma_B0x_Orange,FF:EE:DD:44:55:66,Unknown,-64,3,RSSI Spike
06:43:59,Ma_Box_Orange,E8:ED:F3:11:22:33,Sagemcom (Orange),-40,1,
06:43:59,Hacker_Alfa,00:C0:CA:88:99:AA,Alfa Network,-50,7,Deauth Attack
06:43:59,Ma_B0x_Orange,FF:EE:DD:44:55:66,Unknown,-66,3,RSSI Spike
06:44:00,Ma_Box_Orange,E8:ED:F3:11:22:33,Sagemcom (Orange),-59,1,
06:44:00,Hacker_Alfa,00:C0:CA:88:99:AA,Alfa Network,-52,7,Deauth Attack
06:44:00,Ma_B0x_Orange,FF:EE:DD:44:55:66,Unknown,-66,3,RSSI Spike
06:44:02,Ma_Box_Orange,E8:ED:F3:11:22:33,Sagemcom (Orange),-61,1,
06:44:02,Hacker_Alfa,00:C0:CA:88:99:AA,Alfa Network,-52,7,Deauth Attack
06:44:02,Ma_B0x_Orange,FF:EE:DD:44:55:66,Unknown,-63,3,RSSI Spike
06:44:03,Ma_Box_Orange,E8:ED:F3:11:22:33,Sagemcom (Orange),-59,1,
06:44:03,Hacker_Alfa,00:C0:CA:88:99:AA,Alfa Network,-49,7,Deauth Attack
06:44:03,Ma_B0x_Orange,FF:EE:DD:44:55:66,Unknown,-65,3,RSSI Spike
06:44:05,Ma_Box_Orange,E8:ED:F3:11:22:33,Sagemcom (Orange),-61,1,
06:44:05,Hacker_Alfa,00:C0:CA:88:99:AA,Alfa Network,-50,7,Deauth Attack
06:44:05,Ma_B0x_Orange,FF:EE:DD:44:55:66,Unknown,-64,3,RSSI Spike
06:44:06,Ma_Box_Orange,E8:ED:F3:11:22:33,Sagemcom (Orange),-59,1,
06:44:06,Hacker_Alfa,00:C0:CA:88:99:AA,Alfa Network,-51,7,Deauth Attack
06:44:06,Ma_B0x_Orange,FF:EE:DD:44:55:66,Unknown,-63,3,RSSI Spike
06:44:08,Ma_Box_Orange,E8:ED:F3:11:22:33,Sagemcom (Orange),-59,1,
06:44:08,Hacker_Alfa,00:C0:CA:88:99:AA,Alfa Network,-50,7,Deauth Attack
06:44:08,Ma_B0x_Orange,FF:EE:DD:44:55:66,Unknown,-65,3,RSSI Spike
06:44:09,Ma_Box_Orange,E8:ED:F3:11:22:33,Sagemcom (Orange),-62,1,
06:44:09,Hacker_Alfa,00:C0:CA:88:99:AA,Alfa Network,-52,7,Deauth Attack
06:44:09,Ma_B0x_Orange,FF:EE:DD:44:55:66,Unknown,-65,3,RSSI Spike
06:44:11,Ma_Box_Orange,E8:ED:F3:11:22:33,Sagemcom (Orange),-40,1,
06:44:11,Hacker_Alfa,00:C0:CA:88:99:AA,Alfa Network,-48,7,Deauth Attack
06:44:11,Ma_B0x_Orange,FF:EE:DD:44:55:66,Unknown,-63,3,RSSI Spike
06:44:12,Ma_Box_Orange,E8:ED:F3:11:22:33,Sagemcom (Orange),-40,1,
06:44:12,Hacker_Alfa,00:C0:CA:88:99:AA,Alfa Network,-49,7,Deauth Attack
06:44:12,Ma_B0x_Orange,FF:EE:DD:44:55:66,Unknown,-63,3,RSSI Spike
06:44:14,Ma_Box_Orange,E8:ED:F3:11:22:33,Sagemcom (Orange),-40,1,
06:44:14,Hacker_Alfa,00:C0:CA:88:99:AA,Alfa Network,-49,7,Deauth Attack
06:44:14,Ma_B0x_Orange,FF:EE:DD:44:55:66,Unknown,-65,3,RSSI Spike
06:44:15,Ma_Box_Orange,E8:ED:F3:11:22:33,Sagemcom (Orange),-60,1,
06:44:15,Hacker_Alfa,00:C0:CA:88:99:AA,Alfa Network,-51,7,Deauth Attack
06:44:15,Ma_B0x_Orange,FF:EE:DD:44:55:66,Unknown,-63,3,RSSI Spike
06:44:17,Ma_Box_Orange,E8:ED:F3:11:22:33,Sagemcom (Orange),-62,1,
06:44:17,Hacker_Alfa,00:C0:CA:88:99:AA,Alfa Network,-51,7,Deauth Attack
06:44:17,Ma_B0x_Orange,FF:EE:DD:44:55:66,Unknown,-65,3,RSSI Spike
06:44:18,Ma_Box_Orange,E8:ED:F3:11:22:33,Sagemcom (Orange),-61,1,
06:44:18,Hacker_Alfa,00:C0:CA:88:99:AA,Alfa Network,-51,7,Deauth Attack
06:44:18,Ma_B0x_Orange,FF:EE:DD:44:55:66,Unknown,-63,3,RSSI Spike
06:44:20,Ma_Box_Orange,E8:ED:F3:11:22:33,Sagemcom (Orange),-62,1,
06:44:20,Hacker_Alfa,00:C0:CA:88:99:AA,Alfa Network,-52,7,Deauth Attack
06:44:20,Ma_B0x_Orange,FF:EE:DD:44:55:66,Unknown,-65,3,RSSI Spike
06:44:21,Ma_Box_Orange,E8:ED:F3:11:22:33,Sagemcom (Orange),-59,1,
06:44:21,Hacker_Alfa,00:C0:CA:88:99:AA,Alfa Network,-51,7,Deauth Attack
06:44:21,Ma_B0x_Orange,FF:EE:DD:44:55:66,Unknown,-64,3,RSSI Spike
06:44:23,Ma_Box_Orange,E8:ED:F3:11:22:33,Sagemcom (Orange),-61,1,
06:44:23,Hacker_Alfa,00:C0:CA:88:99:AA,Alfa Network,-49,7,Deauth Attack
06:44:23,Ma_B0x_Orange,FF:EE:DD:44:55:66,Unknown,-64,3,RSSI Spike
06:44:24,Ma_Box_Orange,E8:ED:F3:11:22:33,Sagemcom (Orange),-60,1,
06:44:24,Hacker_Alfa,00:C0:CA:88:99:AA,Alfa Network,-49,7,Deauth Attack
06:44:24,Ma_B0x_Orange,FF:EE:DD:44:55:66,Unknown,-64,3,RSSI Spike
06:44:26,Ma_Box_Orange,E8:ED:F3:11:22:33,Sagemcom (Orange),-40,1,
06:44:26,Hacker_Alfa,00:C0:CA:88:99:AA,Alfa Network,-50,7,Deauth Attack
06:44:26,Ma_B0x_Orange,FF:EE:DD:44:55:66,Unknown,-64,3,RSSI Spike
06:44:27,Ma_Box_Orange,E8:ED:F3:11:22:33,Sagemcom (Orange),-40,1,
06:44:27,Hacker_Alfa,00:C0:CA:88:99:AA,Alfa Network,-50,7,Deauth Attack
06:44:27,Ma_B0x_Orange,FF:EE:DD:44:55:66,Unknown,-66,3,RSSI Spike
06:44:29,Ma_Box_Orange,E8:ED:F3:11:22:33,Sagemcom (Orange),-40,1,
06:44:29,Hacker_Alfa,00:C0:CA:88:99:AA,Alfa Network,-50,7,Deauth Attack
06:44:29,Ma_B0x_Orange,FF:EE:DD:44:55:66,Unknown,-64,3,RSSI Spike
06:44:30,Ma_Box_Orange,E8:ED:F3:11:22:33,Sagemcom (Orange),-60,1,
06:44:30,Hacker_Alfa,00:C0:CA:88:99:AA,Alfa Network,-50,7,Deauth Attack
06:44:30,Ma_B0x_Orange,FF:EE:DD:44:55:66,Unknown,-64,3,RSSI Spike
06:44:32,Ma_Box_Orange,E8:ED:F3:11:22:33,Sagemcom (Orange),-61,1,
06:44:32,Hacker_Alfa,00:C0:CA:88:99:AA,Alfa Network,-51,7,Deauth Attack
06:44:32,Ma_B0x_Orange,FF:EE:DD:44:55:66,Unknown,-67,3,RSSI Spike
06:44:33,Ma_Box_Orange,E8:ED:F3:11:22:33,Sagemcom (Orange),-59,1,
06:44:33,Hacker_Alfa,00:C0:CA:88:99:AA,Alfa Network,-52,7,Deauth Attack
06:44:33,Ma_B0x_Orange,FF:EE:DD:44:55:66,Unknown,-67,3,RSSI Spike
06:44:35,Ma_Box_Orange,E8:ED:F3:11:22:33,Sagemcom (Orange),-58,1,
06:44:35,Hacker_Alfa,00:C0:CA:88:99:AA,Alfa Network,-49,7,Deauth Attack
06:44:35,Ma_B0x_Orange,FF:EE:DD:44:55:66,Unknown,-67,3,RSSI Spike
06:44:36,Ma_Box_Orange,E8:ED:F3:11:22:33,Sagemcom (Orange),-58,1,
06:44:36,Hacker_Alfa,00:C0:CA:88:99:AA,Alfa Network,-51,7,Deauth Attack
06:44:36,Ma_B0x_Orange,FF:EE:DD:44:55:66,Unknown,-66,3,RSSI Spike
06:44:38,Ma_Box_Orange,E8:ED:F3:11:22:33,Sagemcom (Orange),-62,1,
06:44:38,Hacker_Alfa,00:C0:CA:88:99:AA,Alfa Network,-49,7,Deauth Attack
06:44:38,Ma_B0x_Orange,FF:EE:DD:44:55:66,Unknown,-65,3,RSSI Spike
06:44:39,Ma_Box_Orange,E8:ED:F3:11:22:33,Sagemcom (Orange),-59,1,
06:44:39,Hacker_Alfa,00:C0:CA:88:99:AA,Alfa Network,-52,7,Deauth Attack
06:44:39,Ma_B0x_Orange,FF:EE:DD:44:55:66,Unknown,-65,3,RSSI Spike
06:44:41,Ma_Box_Orange,E8:ED:F3:11:22:33,Sagemcom (Orange),-40,1,
06:44:41,Hacker_Alfa,00:C0:CA:88:99:AA,Alfa Network,-52,7,Deauth Attack
06:44:41,Ma_B0x_Orange,FF:EE:DD:44:55:66,Unknown,-65,3,RSSI Spike
06:44:42,Ma_Box_Orange,E8:ED:F3:11:22:33,Sagemcom (Orange),-40,1,
06:44:42,Hacker_Alfa,00:C0:CA:88:99:AA,Alfa Network,-48,7,Deauth Attack
06:44:42,Ma_B0x_Orange,FF:EE:DD:44:55:66,Unknown,-66,3,RSSI Spike
06:44:44,Ma_Box_Orange,E8:ED:F3:11:22:33,Sagemcom (Orange),-40,1,
06:44:44,Hacker_Alfa,00:C0:CA:88:99:AA,Alfa Network,-51,7,Deauth Attack
06:44:44,Ma_B0x_Orange,FF:EE:DD:44:55:66,Unknown,-66,3,RSSI Spike
06:44:45,Ma_Box_Orange,E8:ED:F3:11:22:33,Sagemcom (Orange),-62,1,
06:44:45,Hacker_Alfa,00:C0:CA:88:99:AA,Alfa Network,-48,7,Deauth Attack
06:44:45,Ma_B0x_Orange,FF:EE:DD:44:55:66,Unknown,-65,3,RSSI Spike
06:44:47,Ma_Box_Orange,E8:ED:F3:11:22:33,Sagemcom (Orange),-62,1,
06:44:47,Hacker_Alfa,00:C0:CA:88:99:AA,Alfa Network,-50,7,Deauth Attack
06:44:47,Ma_B0x_Orange,FF:EE:DD:44:55:66,Unknown,-67,3,RSSI Spike
06:44:48,Ma_Box_Orange,E8:ED:F3:11:22:33,Sagemcom (Orange),-60,1,
06:44:48,Hacker_Alfa,00:C0:CA:88:99:AA,Alfa Network,-50,7,Deauth Attack
06:44:48,Ma_B0x_Orange,FF:EE:DD:44:55:66,Unknown,-66,3,RSSI Spike
06:44:50,Ma_Box_Orange,E8:ED:F3:11:22:33,Sagemcom (Orange),-62,1,
06:44:50,Hacker_Alfa,00:C0:CA:88:99:AA,Alfa Network,-51,7,Deauth Attack
06:44:50,Ma_B0x_Orange,FF:EE:DD:44:55:66,Unknown,-67,3,RSSI Spike
06:44:51,Ma_Box_Orange,E8:ED:F3:11:22:33,Sagemcom (Orange),-61,1,
06:44:51,Hacker_Alfa,00:C0:CA:88:99:AA,Alfa Network,-50,7,Deauth Attack
06:44:51,Ma_B0x_Orange,FF:EE:DD:44:55:66,Unknown,-65,3,RSSI Spike
06:44:53,Ma_Box_Orange,E8:ED:F3:11:22:33,Sagemcom (Orange),-61,1,
06:44:53,Hacker_Alfa,00:C0:CA:88:99:AA,Alfa Network,-48,7,Deauth Attack
06:44:53,Ma_B0x_Orange,FF:EE:DD:44:55:66,Unknown,-64,3,RSSI Spike
06:44:54,Ma_Box_Orange,E8:ED:F3:11:22:33,Sagemcom (Orange),-58,1,
06:44:54,Hacker_Alfa,00:C0:CA:88:99:AA,Alfa Network,-50,7,Deauth Attack
06:44:54,Ma_B0x_Orange,FF:EE:DD:44:55:66,Unknown,-63,3,RSSI Spike
06:44:56,Ma_Box_Orange,E8:ED:F3:11:22:33,Sagemcom (Orange),-40,1,
06:44:56,Hacker_Alfa,00:C0:CA:88:99:AA,Alfa Network,-49,7,Deauth Attack
06:44:56,Ma_B0x_Orange,FF:EE:DD:44:55:66,Unknown,-65,3,RSSI Spike
06:44:57,Ma_Box_Orange,E8:ED:F3:11:22:33,Sagemcom (Orange),-40,1,
06:44:57,Hacker_Alfa,00:C0:CA:88:99:AA,Alfa Network,-48,7,Deauth Attack
06:44:57,Ma_B0x_Orange,FF:EE:DD:44:55:66,Unknown,-65,3,RSSI Spike
06:44:59,Ma_Box_Orange,E8:ED:F3:11:22:33,Sagemcom (Orange),-40,1,
06:44:59,Hacker_Alfa,00:C0:CA:88:99:AA,Alfa Network,-48,7,Deauth Attack
06:44:59,Ma_B0x_Orange,FF:EE:DD:44:55:66,Unknown,-66,3,RSSI Spike
06:45:00,Ma_Box_Orange,E8:ED:F3:11:22:33,Sagemcom (Orange),-59,1,
06:45:00,Hacker_Alfa,00:C0:CA:88:99:AA,Alfa Network,-51,7,Deauth Attack
06:45:00,Ma_B0x_Orange,FF:EE:DD:44:55:66,Unknown,-64,3,RSSI Spike
06:45:02,Ma_Box_Orange,E8:ED:F3:11:22:33,Sagemcom (Orange),-58,1,
06:45:02,Hacker_Alfa,00:C0:CA:88:99:AA,Alfa Network,-48,7,Deauth Attack
06:45:02,Ma_B0x_Orange,FF:EE:DD:44:55:66,Unknown,-65,3,RSSI Spike
06:45:03,Ma_Box_Orange,E8:ED:F3:11:22:33,Sagemcom (Orange),-58,1,
06:45:03,Hacker_Alfa,00:C0:CA:88:99:AA,Alfa Network,-50,7,Deauth Attack
06:45:03,Ma_B0x_Orange,FF:EE:DD:44:55:66,Unknown,-66,3,RSSI Spike
06:45:05,Ma_Box_Orange,E8:ED:F3:11:22:33,Sagemcom (Orange),-59,1,
06:45:05,Hacker_Alfa,00:C0:CA:88:99:AA,Alfa Network,-50,7,Deauth Attack
06:45:05,Ma_B0x_Orange,FF:EE:DD:44:55:66,Unknown,-63,3,RSSI Spike
06:45:06,Ma_Box_Orange,E8:ED:F3:11:22:33,Sagemcom (Orange),-62,1,
06:45:06,Hacker_Alfa,00:C0:CA:88:99:AA,Alfa Network,-50,7,Deauth Attack
06:45:06,Ma_B0x_Orange,FF:EE:DD:44:55:66,Unknown,-64,3,RSSI Spike
06:45:08,Ma_Box_Orange,E8:ED:F3:11:22:33,Sagemcom (Orange),-62,1,
06:45:08,Hacker_Alfa,00:C0:CA:88:99:AA,Alfa Network,-52,7,Deauth Attack
06:45:08,Ma_B0x_Orange,FF:EE:DD:44:55:66,Unknown,-66,3,RSSI Spike
06:45:09,Ma_Box_Orange,E8:ED:F3:11:22:33,Sagemcom (Orange),-60,1,
06:45:09,Hacker_Alfa,00:C0:CA:88:99:AA,Alfa Network,-50,7,Deauth Attack
06:45:09,Ma_B0x_Orange,FF:EE:DD:44:55:66,Unknown,-65,3,RSSI Spike
06:45:11,Ma_Box_Orange,E8:ED:F3:11:22:33,Sagemcom (Orange),-40,1,
06:45:11,Hacker_Alfa,00:C0:CA:88:99:AA,Alfa Network,-50,7,Deauth Attack
06:45:11,Ma_B0x_Orange,FF:EE:DD:44:55:66,Unknown,-63,3,RSSI Spike
06:45:12,Ma_Box_Orange,E8:ED:F3:11:22:33,Sagemcom (Orange),-40,1,
06:45:12,Hacker_Alfa,00:C0:CA:88:99:AA,Alfa Network,-49,7,Deauth Attack
06:45:12,Ma_B0x_Orange,FF:EE:DD:44:55:66,Unknown,-64,3,RSSI Spike
06:45:14,Ma_Box_Orange,E8:ED:F3:11:22:33,Sagemcom (Orange),-40,1,
06:45:14,Hacker_Alfa,00:C0:CA:88:99:AA,Alfa Network,-52,7,Deauth Attack
06:45:14,Ma_B0x_Orange,FF:EE:DD:44:55:66,Unknown,-66,3,RSSI Spike
06:45:15,Ma_Box_Orange,E8:ED:F3:11:22:33,Sagemcom (Orange),-59,1,
06:45:15,Hacker_Alfa,00:C0:CA:88:99:AA,Alfa Network,-50,7,Deauth Attack
06:45:15,Ma_B0x_Orange,FF:EE:DD:44:55:66,Unknown,-67,3,RSSI Spike
06:45:17,Ma_Box_Orange,E8:ED:F3:11:22:33,Sagemcom (Orange),-58,1,
06:45:17,Hacker_Alfa,00:C0:CA:88:99:AA,Alfa Network,-48,7,Deauth Attack
06:45:17,Ma_B0x_Orange,FF:EE:DD:44:55:66,Unknown,-66,3,RSSI Spike
06:45:18,Ma_Box_Orange,E8:ED:F3:11:22:33,Sagemcom (Orange),-62,1,
06:45:18,Hacker_Alfa,00:C0:CA:88:99:AA,Alfa Network,-48,7,Deauth Attack
06:45:18,Ma_B0x_Orange,FF:EE:DD:44:55:66,Unknown,-64,3,RSSI Spike
06:45:20,Ma_Box_Orange,E8:ED:F3:11:22:33,Sagemcom (Orange),-58,1,
06:45:20,Hacker_Alfa,00:C0:CA:88:99:AA,Alfa Network,-52,7,Deauth Attack
06:45:20,Ma_B0x_Orange,FF:EE:DD:44:55:66,Unknown,-64,3,RSSI Spike
06:45:21,Ma_Box_Orange,E8:ED:F3:11:22:33,Sagemcom (Orange),-62,1,
06:45:21,Hacker_Alfa,00:C0:CA:88:99:AA,Alfa Network,-50,7,Deauth Attack
06:45:21,Ma_B0x_Orange,FF:EE:DD:44:55:66,Unknown,-64,3,RSSI Spike
06:45:23,Ma_Box_Orange,E8:ED:F3:11:22:33,Sagemcom (Orange),-62,1,
06:45:23,Hacker_Alfa,00:C0:CA:88:99:AA,Alfa Network,-52,7,Deauth Attack
06:45:23,Ma_B0x_Orange,FF:EE:DD:44:55:66,Unknown,-67,3,RSSI Spike
06:45:24,Ma_Box_Orange,E8:ED:F3:11:22:33,Sagemcom (Orange),-62,1,
06:45:24,Hacker_Alfa,00:C0:CA:88:99:AA,Alfa Network,-52,7,Deauth Attack
06:45:24,Ma_B0x_Orange,FF:EE:DD:44:55:66,Unknown,-64,3,RSSI Spike
06:45:26,Ma_Box_Orange,E8:ED:F3:11:22:33,Sagemcom (Orange),-40,1,
06:45:26,Hacker_Alfa,00:C0:CA:88:99:AA,Alfa Network,-51,7,Deauth Attack
06:45:26,Ma_B0x_Orange,FF:EE:DD:44:55:66,Unknown,-63,3,RSSI Spike
06:45:27,Ma_Box_Orange,E8:ED:F3:11:22:33,Sagemcom (Orange),-40,1,
06:45:27,Hacker_Alfa,00:C0:CA:88:99:AA,Alfa Network,-52,7,Deauth Attack
06:45:27,Ma_B0x_Orange,FF:EE:DD:44:55:66,Unknown,-65,3,RSSI Spike
06:45:29,Ma_Box_Orange,E8:ED:F3:11:22:33,Sagemcom (Orange),-40,1,
06:45:29,Hacker_Alfa,00:C0:CA:88:99:AA,Alfa Network,-51,7,Deauth Attack
06:45:29,Ma_B0x_Orange,FF:EE:DD:44:55:66,Unknown,-67,3,RSSI Spike
06:45:30,Ma_Box_Orange,E8:ED:F3:11:22:33,Sagemcom (Orange),-59,1,
06:45:30,Hacker_Alfa,00:C0:CA:88:99:AA,Alfa Network,-49,7,Deauth Attack
06:45:30,Ma_B0x_Orange,FF:EE:DD:44:55:66,Unknown,-64,3,RSSI Spike
06:45:32,Ma_Box_Orange,E8:ED:F3:11:22:33,Sagemcom (Orange),-61,1,
06:45:32,Hacker_Alfa,00:C0:CA:88:99:AA,Alfa Network,-52,7,Deauth Attack
06:45:32,Ma_B0x_Orange,FF:EE:DD:44:55:66,Unknown,-63,3,RSSI Spike
06:45:33,Ma_Box_Orange,E8:ED:F3:11:22:33,Sagemcom (Orange),-60,1,
06:45:33,Hacker_Alfa,00:C0:CA:88:99:AA,Alfa Network,-51,7,Deauth Attack
06:45:33,Ma_B0x_Orange,FF:EE:DD:44:55:66,Unknown,-65,3,RSSI Spike
06:45:35,Ma_Box_Orange,E8:ED:F3:11:22:33,Sagemcom (Orange),-59,1,
06:45:35,Hacker_Alfa,00:C0:CA:88:99:AA,Alfa Network,-49,7,Deauth Attack
06:45:35,Ma_B0x_Orange,FF:EE:DD:44:55:66,Unknown,-64,3,RSSI Spike
06:45:36,Ma_Box_Orange,E8:ED:F3:11:22:33,Sagemcom (Orange),-59,1,
06:45:36,Hacker_Alfa,00:C0:CA:88:99:AA,Alfa Network,-49,7,Deauth Attack
06:45:36,Ma_B0x_Orange,FF:EE:DD:44:55:66,Unknown,-65,3,RSSI Spike
06:45:38,Ma_Box_Orange,E8:ED:F3:11:22:33,Sagemcom (Orange),-59,1,
06:45:38,Hacker_Alfa,00:C0:CA:88:99:AA,Alfa Network,-52,7,Deauth Attack
06:45:38,Ma_B0x_Orange,FF:EE:DD:44:55:66,Unknown,-63,3,RSSI Spike
06:45:39,Ma_Box_Orange,E8:ED:F3:11:22:33,Sagemcom (Orange),-61,1,
06:45:39,Hacker_Alfa,00:C0:CA:88:99:AA,Alfa Network,-50,7,Deauth Attack
06:45:39,Ma_B0x_Orange,FF:EE:DD:44:55:66,Unknown,-67,3,RSSI Spike
06:45:41,Ma_Box_Orange,E8:ED:F3:11:22:33,Sagemcom (Orange),-40,1,
06:45:41,Hacker_Alfa,00:C0:CA:88:99:AA,Alfa Network,-51,7,Deauth Attack
06:45:41,Ma_B0x_Orange,FF:EE:DD:44:55:66,Unknown,-64,3,RSSI Spike
06:45:42,Ma_Box_Orange,E8:ED:F3:11:22:33,Sagemcom (Orange),-40,1,
06:45:42,Hacker_Alfa,00:C0:CA:88:99:AA,Alfa Network,-51,7,Deauth Attack
06:45:42,Ma_B0x_Orange,FF:EE:DD:44:55:66,Unknown,-63,3,RSSI Spike
06:45:44,Ma_Box_Orange,E8:ED:F3:11:22:33,Sagemcom (Orange),-40,1,
06:45:44,Hacker_Alfa,00:C0:CA:88:99:AA,Alfa Network,-51,7,Deauth Attack
06:45:44,Ma_B0x_Orange,FF:EE:DD:44:55:66,Unknown,-66,3,RSSI Spike
06:45:45,Ma_Box_Orange,E8:ED:F3:11:22:33,Sagemcom (Orange),-58,1,
06:45:45,Hacker_Alfa,00:C0:CA:88:99:AA,Alfa Network,-51,7,Deauth Attack
06:45:45,Ma_B0x_Orange,FF:EE:DD:44:55:66,Unknown,-67,3,RSSI Spike
06:45:47,Ma_Box_Orange,E8:ED:F3:11:22:33,Sagemcom (Orange),-59,1,
06:45:47,Hacker_Alfa,00:C0:CA:88:99:AA,Alfa Network,-48,7,Deauth Attack
06:45:47,Ma_B0x_Orange,FF:EE:DD:44:55:66,Unknown,-64,3,RSSI Spike
06:45:48,Ma_Box_Orange,E8:ED:F3:11:22:33,Sagemcom (Orange),-61,1,
06:45:48,Hacker_Alfa,00:C0:CA:88:99:AA,Alfa Network,-50,7,Deauth Attack
06:45:48,Ma_B0x_Orange,FF:EE:DD:44:55:66,Unknown,-67,3,RSSI Spike
06:45:50,Ma_Box_Orange,E8:ED:F3:11:22:33,Sagemcom (Orange),-62,1,
06:45:50,Hacker_Alfa,00:C0:CA:88:99:AA,Alfa Network,-50,7,Deauth Attack
06:45:50,Ma_B0x_Orange,FF:EE:DD:44:55:66,Unknown,-66,3,RSSI Spike
06:45:51,Ma_Box_Orange,E8:ED:F3:11:22:33,Sagemcom (Orange),-60,1,
06:45:51,Hacker_Alfa,00:C0:CA:88:99:AA,Alfa Network,-50,7,Deauth Attack
06:45:51,Ma_B0x_Orange,FF:EE:DD:44:55:66,Unknown,-66,3,RSSI Spike
06:45:53,Ma_Box_Orange,E8:ED:F3:11:22:33,Sagemcom (Orange),-58,1,
06:45:53,Hacker_Alfa,00:C0:CA:88:99:AA,Alfa Network,-51,7,Deauth Attack
06:45:53,Ma_B0x_Orange,FF:EE:DD:44:55:66,Unknown,-66,3,RSSI Spike
06:45:54,Ma_Box_Orange,E8:ED:F3:11:22:33,Sagemcom (Orange),-59,1,
06:45:54,Hacker_Alfa,00:C0:CA:88:99:AA,Alfa Network,-51,7,Deauth Attack
06:45:54,Ma_B0x_Orange,FF:EE:DD:44:55:66,Unknown,-65,3,RSSI Spike
06:45:56,Ma_Box_Orange,E8:ED:F3:11:22:33,Sagemcom (Orange),-40,1,
06:45:56,Hacker_Alfa,00:C0:CA:88:99:AA,Alfa Network,-48,7,Deauth Attack
06:45:56,Ma_B0x_Orange,FF:EE:DD:44:55:66,Unknown,-65,3,RSSI Spike
06:45:57,Ma_Box_Orange,E8:ED:F3:11:22:33,Sagemcom (Orange),-40,1,
06:45:57,Hacker_Alfa,00:C0:CA:88:99:AA,Alfa Network,-48,7,Deauth Attack
06:45:57,Ma_B0x_Orange,FF:EE:DD:44:55:66,Unknown,-65,3,RSSI Spike
06:45:59,Ma_Box_Orange,E8:ED:F3:11:22:33,Sagemcom (Orange),-40,1,
06:45:59,Hacker_Alfa,00:C0:CA:88:99:AA,Alfa Network,-51,7,Deauth Attack
06:45:59,Ma_B0x_Orange,FF:EE:DD:44:55:66,Unknown,-65,3,RSSI Spike
06:46:00,Ma_Box_Orange,E8:ED:F3:11:22:33,Sagemcom (Orange),-58,1,
06:46:00,Hacker_Alfa,00:C0:CA:88:99:AA,Alfa Network,-52,7,Deauth Attack
06:46:00,Ma_B0x_Orange,FF:EE:DD:44:55:66,Unknown,-65,3,RSSI Spike
06:46:02,Ma_Box_Orange,E8:ED:F3:11:22:33,Sagemcom (Orange),-59,1,
06:46:02,Hacker_Alfa,00:C0:CA:88:99:AA,Alfa Network,-48,7,Deauth Attack
06:46:02,Ma_B0x_Orange,FF:EE:DD:44:55:66,Unknown,-63,3,RSSI Spike
06:46:03,Ma_Box_Orange,E8:ED:F3:11:22:33,Sagemcom (Orange),-60,1,
06:46:03,Hacker_Alfa,00:C0:CA:88:99:AA,Alfa Network,-49,7,Deauth Attack
06:46:03,Ma_B0x_Orange,FF:EE:DD:44:55:66,Unknown,-65,3,RSSI Spike
06:46:05,Ma_Box_Orange,E8:ED:F3:11:22:33,Sagemcom (Orange),-58,1,
06:46:05,Hacker_Alfa,00:C0:CA:88:99:AA,Alfa Network,-49,7,Deauth Attack
06:46:05,Ma_B0x_Orange,FF:EE:DD:44:55:66,Unknown,-65,3,RSSI Spike
06:46:06,Ma_Box_Orange,E8:ED:F3:11:22:33,Sagemcom (Orange),-60,1,
06:46:06,Hacker_Alfa,00:C0:CA:88:99:AA,Alfa Network,-49,7,Deauth Attack
06:46:06,Ma_B0x_Orange,FF:EE:DD:44:55:66,Unknown,-65,3,RSSI Spike
06:46:08,Ma_Box_Orange,E8:ED:F3:11:22:33,Sagemcom (Orange),-59,1,
06:46:08,Hacker_Alfa,00:C0:CA:88:99:AA,Alfa Network,-51,7,Deauth Attack
06:46:08,Ma_B0x_Orange,FF:EE:DD:44:55:66,Unknown,-67,3,RSSI Spike
06:46:09,Ma_Box_Orange,E8:ED:F3:11:22:33,Sagemcom (Orange),-60,1,
06:46:09,Hacker_Alfa,00:C0:CA:88:99:AA,Alfa Network,-48,7,Deauth Attack
06:46:09,Ma_B0x_Orange,FF:EE:DD:44:55:66,Unknown,-63,3,RSSI Spike
06:46:11,Ma_Box_Orange,E8:ED:F3:11:22:33,Sagemcom (Orange),-40,1,
06:46:11,Hacker_Alfa,00:C0:CA:88:99:AA,Alfa Network,-52,7,Deauth Attack
06:46:11,Ma_B0x_Orange,FF:EE:DD:44:55:66,Unknown,-65,3,RSSI Spike
06:46:12,Ma_Box_Orange,E8:ED:F3:11:22:33,Sagemcom (Orange),-40,1,
06:46:12,Hacker_Alfa,00:C0:CA:88:99:AA,Alfa Network,-51,7,Deauth Attack
06:46:12,Ma_B0x_Orange,FF:EE:DD:44:55:66,Unknown,-67,3,RSSI Spike
06:46:14,Ma_Box_Orange,E8:ED:F3:11:22:33,Sagemcom (Orange),-40,1,
06:46:14,Hacker_Alfa,00:C0:CA:88:99:AA,Alfa Network,-50,7,Deauth Attack
06:46:14,Ma_B0x_Orange,FF:EE:DD:44:55:66,Unknown,-67,3,RSSI Spike
06:46:15,Ma_Box_Orange,E8:ED:F3:11:22:33,Sagemcom (Orange),-59,1,
06:46:15,Hacker_Alfa,00:C0:CA:88:99:AA,Alfa Network,-49,7,Deauth Attack
06:46:15,Ma_B0x_Orange,FF:EE:DD:44:55:66,Unknown,-67,3,RSSI Spike
06:46:17,Ma_Box_Orange,E8:ED:F3:11:22:33,Sagemcom (Orange),-61,1,
06:46:17,Hacker_Alfa,00:C0:CA:88:99:AA,Alfa Network,-50,7,Deauth Attack
06:46:17,Ma_B0x_Orange,FF:EE:DD:44:55:66,Unknown,-65,3,RSSI Spike
06:46:18,Ma_Box_Orange,E8:ED:F3:11:22:33,Sagemcom (Orange),-60,1,
06:46:18,Hacker_Alfa,00:C0:CA:88:99:AA,Alfa Network,-51,7,Deauth Attack
06:46:18,Ma_B0x_Orange,FF:EE:DD:44:55:66,Unknown,-67,3,RSSI Spike
06:46:20,Ma_Box_Orange,E8:ED:F3:11:22:33,Sagemcom (Orange),-60,1,
06:46:20,Hacker_Alfa,00:C0:CA:88:99:AA,Alfa Network,-52,7,Deauth Attack
06:46:20,Ma_B0x_Orange,FF:EE:DD:44:55:66,Unknown,-63,3,RSSI Spike
06:46:21,Ma_Box_Orange,E8:ED:F3:11:22:33,Sagemcom (Orange),-61,1,
06:46:21,Hacker_Alfa,00:C0:CA:88:99:AA,Alfa Network,-52,7,Deauth Attack
06:46:21,Ma_B0x_Orange,FF:EE:DD:44:55:66,Unknown,-63,3,RSSI Spike
06:46:23,Ma_Box_Orange,E8:ED:F3:11:22:33,Sagemcom (Orange),-61,1,
06:46:23,Hacker_Alfa,00:C0:CA:88:99:AA,Alfa Network,-52,7,Deauth Attack
06:46:23,Ma_B0x_Orange,FF:EE:DD:44:55:66,Unknown,-66,3,RSSI Spike
06:46:24,Ma_Box_Orange,E8:ED:F3:11:22:33,Sagemcom (Orange),-62,1,
06:46:24,Hacker_Alfa,00:C0:CA:88:99:AA,Alfa Network,-50,7,Deauth Attack
06:46:24,Ma_B0x_Orange,FF:EE:DD:44:55:66,Unknown,-66,3,RSSI Spike
06:46:26,Ma_Box_Orange,E8:ED:F3:11:22:33,Sagemcom (Orange),-40,1,
06:46:26,Hacker_Alfa,00:C0:CA:88:99:AA,Alfa Network,-52,7,Deauth Attack
06:46:26,Ma_B0x_Orange,FF:EE:DD:44:55:66,Unknown,-67,3,RSSI Spike
06:46:27,Ma_Box_Orange,E8:ED:F3:11:22:33,Sagemcom (Orange),-40,1,
06:46:27,Hacker_Alfa,00:C0:CA:88:99:AA,Alfa Network,-52,7,Deauth Attack
06:46:27,Ma_B0x_Orange,FF:EE:DD:44:55:66,Unknown,-66,3,RSSI Spike
06:46:29,Ma_Box_Orange,E8:ED:F3:11:22:33,Sagemcom (Orange),-40,1,
06:46:29,Hacker_Alfa,00:C0:CA:88:99:AA,Alfa Network,-52,7,Deauth Attack
06:46:29,Ma_B0x_Orange,FF:EE:DD:44:55:66,Unknown,-67,3,RSSI Spike
06:46:30,Ma_Box_Orange,E8:ED:F3:11:22:33,Sagemcom (Orange),-59,1,
06:46:30,Hacker_Alfa,00:C0:CA:88:99:AA,Alfa Network,-49,7,Deauth Attack
06:46:30,Ma_B0x_Orange,FF:EE:DD:44:55:66,Unknown,-66,3,RSSI Spike
06:46:32,Ma_Box_Orange,E8:ED:F3:11:22:33,Sagemcom (Orange),-60,1,
06:46:32,Hacker_Alfa,00:C0:CA:88:99:AA,Alfa Network,-51,7,Deauth Attack
06:46:32,Ma_B0x_Orange,FF:EE:DD:44:55:66,Unknown,-66,3,RSSI Spike
06:46:33,Ma_Box_Orange,E8:ED:F3:11:22:33,Sagemcom (Orange),-62,1,
06:46:33,Hacker_Alfa,00:C0:CA:88:99:AA,Alfa Network,-52,7,Deauth Attack
06:46:33,Ma_B0x_Orange,FF:EE:DD:44:55:66,Unknown,-63,3,RSSI Spike
06:46:35,Ma_Box_Orange,E8:ED:F3:11:22:33,Sagemcom (Orange),-60,1,
06:46:35,Hacker_Alfa,00:C0:CA:88:99:AA,Alfa Network,-48,7,Deauth Attack
06:46:35,Ma_B0x_Orange,FF:EE:DD:44:55:66,Unknown,-65,3,RSSI Spike
06:46:36,Ma_Box_Orange,E8:ED:F3:11:22:33,Sagemcom (Orange),-60,1,
06:46:36,Hacker_Alfa,00:C0:CA:88:99:AA,Alfa Network,-50,7,Deauth Attack
06:46:36,Ma_B0x_Orange,FF:EE:DD:44:55:66,Unknown,-65,3,RSSI Spike
06:46:38,Ma_Box_Orange,E8:ED:F3:11:22:33,Sagemcom (Orange),-62,1,
06:46:38,Hacker_Alfa,00:C0:CA:88:99:AA,Alfa Network,-49,7,Deauth Attack
06:46:38,Ma_B0x_Orange,FF:EE:DD:44:55:66,Unknown,-64,3,RSSI Spike
06:46:39,Ma_Box_Orange,E8:ED:F3:11:22:33,Sagemcom (Orange),-60,1,
06:46:39,Hacker_Alfa,00:C0:CA:88:99:AA,Alfa Network,-48,7,Deauth Attack
06:46:39,Ma_B0x_Orange,FF:EE:DD:44:55:66,Unknown,-64,3,RSSI Spike
06:46:41,Ma_Box_Orange,E8:ED:F3:11:22:33,Sagemcom (Orange),-40,1,
06:46:41,Hacker_Alfa,00:C0:CA:88:99:AA,Alfa Network,-48,7,Deauth Attack
06:46:41,Ma_B0x_Orange,FF:EE:DD:44:55:66,Unknown,-64,3,RSSI Spike
06:46:42,Ma_Box_Orange,E8:ED:F3:11:22:33,Sagemcom (Orange),-40,1,
06:46:42,Hacker_Alfa,00:C0:CA:88:99:AA,Alfa Network,-48,7,Deauth Attack
06:46:42,Ma_B0x_Orange,FF:EE:DD:44:55:66,Unknown,-63,3,RSSI Spike
06:46:44,Ma_Box_Orange,E8:ED:F3:11:22:33,Sagemcom (Orange),-40,1,
06:46:44,Hacker_Alfa,00:C0:CA:88:99:AA,Alfa Network,-51,7,Deauth Attack
06:46:44,Ma_B0x_Orange,FF:EE:DD:44:55:66,Unknown,-67,3,RSSI Spike
06:46:45,Ma_Box_Orange,E8:ED:F3:11:22:33,Sagemcom (Orange),-58,1,
06:46:45,Hacker_Alfa,00:C0:CA:88:99:AA,Alfa Network,-51,7,Deauth Attack
06:46:45,Ma_B0x_Orange,FF:EE:DD:44:55:66,Unknown,-67,3,RSSI Spike
06:46:47,Ma_Box_Orange,E8:ED:F3:11:22:33,Sagemcom (Orange),-60,1,
06:46:47,Hacker_Alfa,00:C0:CA:88:99:AA,Alfa Network,-52,7,Deauth Attack
06:46:47,Ma_B0x_Orange,FF:EE:DD:44:55:66,Unknown,-67,3,RSSI Spike
06:46:48,Ma_Box_Orange,E8:ED:F3:11:22:33,Sagemcom (Orange),-62,1,
06:46:48,Hacker_Alfa,00:C0:CA:88:99:AA,Alfa Network,-48,7,Deauth Attack
06:46:48,Ma_B0x_Orange,FF:EE:DD:44:55:66,Unknown,-65,3,RSSI Spike
06:46:50,Ma_Box_Orange,E8:ED:F3:11:22:33,Sagemcom (Orange),-62,1,
06:46:50,Hacker_Alfa,00:C0:CA:88:99:AA,Alfa Network,-48,7,Deauth Attack
06:46:50,Ma_B0x_Orange,FF:EE:DD:44:55:66,Unknown,-63,3,RSSI Spike
06:46:51,Ma_Box_Orange,E8:ED:F3:11:22:33,Sagemcom (Orange),-61,1,
06:46:51,Hacker_Alfa,00:C0:CA:88:99:AA,Alfa Network,-49,7,Deauth Attack
06:46:51,Ma_B0x_Orange,FF:EE:DD:44:55:66,Unknown,-64,3,RSSI Spike
06:46:53,Ma_Box_Orange,E8:ED:F3:11:22:33,Sagemcom (Orange),-61,1,
06:46:53,Hacker_Alfa,00:C0:CA:88:99:AA,Alfa Network,-50,7,Deauth Attack
06:46:53,Ma_B0x_Orange,FF:EE:DD:44:55:66,Unknown,-67,3,RSSI Spike
06:46:54,Ma_Box_Orange,E8:ED:F3:11:22:33,Sagemcom (Orange),-61,1,
06:46:54,Hacker_Alfa,00:C0:CA:88:99:AA,Alfa Network,-48,7,Deauth Attack
06:46:54,Ma_B0x_Orange,FF:EE:DD:44:55:66,Unknown,-64,3,RSSI Spike
06:46:56,Ma_Box_Orange,E8:ED:F3:11:22:33,Sagemcom (Orange),-40,1,
06:46:56,Hacker_Alfa,00:C0:CA:88:99:AA,Alfa Network,-51,7,Deauth Attack
06:46:56,Ma_B0x_Orange,FF:EE:DD:44:55:66,Unknown,-65,3,RSSI Spike
06:46:57,Ma_Box_Orange,E8:ED:F3:11:22:33,Sagemcom (Orange),-40,1,
06:46:57,Hacker_Alfa,00:C0:CA:88:99:AA,Alfa Network,-48,7,Deauth Attack
06:46:57,Ma_B0x_Orange,FF:EE:DD:44:55:66,Unknown,-66,3,RSSI Spike
06:46:59,Ma_Box_Orange,E8:ED:F3:11:22:33,Sagemcom (Orange),-40,1,
06:46:59,Hacker_Alfa,00:C0:CA:88:99:AA,Alfa Network,-49,7,Deauth Attack
06:46:59,Ma_B0x_Orange,FF:EE:DD:44:55:66,Unknown,-67,3,RSSI Spike
06:47:00,Ma_Box_Orange,E8:ED:F3:11:22:33,Sagemcom (Orange),-60,1,
06:47:00,Hacker_Alfa,00:C0:CA:88:99:AA,Alfa Network,-50,7,Deauth Attack
06:47:00,Ma_B0x_Orange,FF:EE:DD:44:55:66,Unknown,-66,3,RSSI Spike
06:47:02,Ma_Box_Orange,E8:ED:F3:11:22:33,Sagemcom (Orange),-60,1,
06:47:02,Hacker_Alfa,00:C0:CA:88:99:AA,Alfa Network,-48,7,Deauth Attack
06:47:02,Ma_B0x_Orange,FF:EE:DD:44:55:66,Unknown,-66,3,RSSI Spike
06:47:03,Ma_Box_Orange,E8:ED:F3:11:22:33,Sagemcom (Orange),-59,1,
06:47:03,Hacker_Alfa,00:C0:CA:88:99:AA,Alfa Network,-51,7,Deauth Attack
06:47:03,Ma_B0x_Orange,FF:EE:DD:44:55:66,Unknown,-64,3,RSSI Spike
06:47:05,Ma_Box_Orange,E8:ED:F3:11:22:33,Sagemcom (Orange),-58,1,
06:47:05,Hacker_Alfa,00:C0:CA:88:99:AA,Alfa Network,-52,7,Deauth Attack
06:47:05,Ma_B0x_Orange,FF:EE:DD:44:55:66,Unknown,-64,3,RSSI Spike
06:47:07,Ma_Box_Orange,E8:ED:F3:11:22:33,Sagemcom (Orange),-62,1,
06:47:07,Hacker_Alfa,00:C0:CA:88:99:AA,Alfa Network,-51,7,Deauth Attack
06:47:07,Ma_B0x_Orange,FF:EE:DD:44:55:66,Unknown,-64,3,RSSI Spike
06:47:08,Ma_Box_Orange,E8:ED:F3:11:22:33,Sagemcom (Orange),-62,1,
06:47:08,Hacker_Alfa,00:C0:CA:88:99:AA,Alfa Network,-52,7,Deauth Attack
06:47:08,Ma_B0x_Orange,FF:EE:DD:44:55:66,Unknown,-63,3,RSSI Spike
06:47:10,Ma_Box_Orange,E8:ED:F3:11:22:33,Sagemcom (Orange),-62,1,
06:47:10,Hacker_Alfa,00:C0:CA:88:99:AA,Alfa Network,-48,7,Deauth Attack
06:47:10,Ma_B0x_Orange,FF:EE:DD:44:55:66,Unknown,-67,3,RSSI Spike
06:47:11,Ma_Box_Orange,E8:ED:F3:11:22:33,Sagemcom (Orange),-40,1,
06:47:11,Hacker_Alfa,00:C0:CA:88:99:AA,Alfa Network,-50,7,Deauth Attack
06:47:11,Ma_B0x_Orange,FF:EE:DD:44:55:66,Unknown,-63,3,RSSI Spike
06:47:13,Ma_Box_Orange,E8:ED:F3:11:22:33,Sagemcom (Orange),-40,1,
06:47:13,Hacker_Alfa,00:C0:CA:88:99:AA,Alfa Network,-50,7,Deauth Attack
06:47:13,Ma_B0x_Orange,FF:EE:DD:44:55:66,Unknown,-66,3,RSSI Spike
06:47:14,Ma_Box_Orange,E8:ED:F3:11:22:33,Sagemcom (Orange),-40,1,
06:47:14,Hacker_Alfa,00:C0:CA:88:99:AA,Alfa Network,-48,7,Deauth Attack
06:47:14,Ma_B0x_Orange,FF:EE:DD:44:55:66,Unknown,-65,3,RSSI Spike
06:47:16,Ma_Box_Orange,E8:ED:F3:11:22:33,Sagemcom (Orange),-60,1,
06:47:16,Hacker_Alfa,00:C0:CA:88:99:AA,Alfa Network,-52,7,Deauth Attack
06:47:16,Ma_B0x_Orange,FF:EE:DD:44:55:66,Unknown,-64,3,RSSI Spike
06:47:17,Ma_Box_Orange,E8:ED:F3:11:22:33,Sagemcom (Orange),-61,1,
06:47:17,Hacker_Alfa,00:C0:CA:88:99:AA,Alfa Network,-51,7,Deauth Attack
06:47:17,Ma_B0x_Orange,FF:EE:DD:44:55:66,Unknown,-66,3,RSSI Spike
06:47:19,Ma_Box_Orange,E8:ED:F3:11:22:33,Sagemcom (Orange),-59,1,
06:47:19,Hacker_Alfa,00:C0:CA:88:99:AA,Alfa Network,-48,7,Deauth Attack
06:47:19,Ma_B0x_Orange,FF:EE:DD:44:55:66,Unknown,-67,3,RSSI Spike
06:47:20,Ma_Box_Orange,E8:ED:F3:11:22:33,Sagemcom (Orange),-60,1,
06:47:20,Hacker_Alfa,00:C0:CA:88:99:AA,Alfa Network,-49,7,Deauth Attack
06:47:20,Ma_B0x_Orange,FF:EE:DD:44:55:66,Unknown,-65,3,RSSI Spike
06:47:22,Ma_Box_Orange,E8:ED:F3:11:22:33,Sagemcom (Orange),-61,1,
06:47:22,Hacker_Alfa,00:C0:CA:88:99:AA,Alfa Network,-48,7,Deauth Attack
06:47:22,Ma_B0x_Orange,FF:EE:DD:44:55:66,Unknown,-64,3,RSSI Spike
06:47:23,Ma_Box_Orange,E8:ED:F3:11:22:33,Sagemcom (Orange),-59,1,
06:47:23,Hacker_Alfa,00:C0:CA:88:99:AA,Alfa Network,-50,7,Deauth Attack
06:47:23,Ma_B0x_Orange,FF:EE:DD:44:55:66,Unknown,-67,3,RSSI Spike
06:47:25,Ma_Box_Orange,E8:ED:F3:11:22:33,Sagemcom (Orange),-58,1,
06:47:25,Hacker_Alfa,00:C0:CA:88:99:AA,Alfa Network,-49,7,Deauth Attack
06:47:25,Ma_B0x_Orange,FF:EE:DD:44:55:66,Unknown,-66,3,RSSI Spike
06:47:26,Ma_Box_Orange,E8:ED:F3:11:22:33,Sagemcom (Orange),-40,1,
06:47:26,Hacker_Alfa,00:C0:CA:88:99:AA,Alfa Network,-50,7,Deauth Attack
06:47:26,Ma_B0x_Orange,FF:EE:DD:44:55:66,Unknown,-66,3,RSSI Spike
06:47:28,Ma_Box_Orange,E8:ED:F3:11:22:33,Sagemcom (Orange),-40,1,
06:47:28,Hacker_Alfa,00:C0:CA:88:99:AA,Alfa Network,-51,7,Deauth Attack
06:47:28,Ma_B0x_Orange,FF:EE:DD:44:55:66,Unknown,-64,3,RSSI Spike
06:47:29,Ma_Box_Orange,E8:ED:F3:11:22:33,Sagemcom (Orange),-40,1,
06:47:29,Hacker_Alfa,00:C0:CA:88:99:AA,Alfa Network,-49,7,Deauth Attack
06:47:29,Ma_B0x_Orange,FF:EE:DD:44:55:66,Unknown,-64,3,RSSI Spike
06:47:31,Ma_Box_Orange,E8:ED:F3:11:22:33,Sagemcom (Orange),-60,1,
06:47:31,Hacker_Alfa,00:C0:CA:88:99:AA,Alfa Network,-52,7,Deauth Attack
06:47:31,Ma_B0x_Orange,FF:EE:DD:44:55:66,Unknown,-64,3,RSSI Spike
06:47:32,Ma_Box_Orange,E8:ED:F3:11:22:33,Sagemcom (Orange),-62,1,
06:47:32,Hacker_Alfa,00:C0:CA:88:99:AA,Alfa Network,-52,7,Deauth Attack
06:47:32,Ma_B0x_Orange,FF:EE:DD:44:55:66,Unknown,-65,3,RSSI Spike
06:47:34,Ma_Box_Orange,E8:ED:F3:11:22:33,Sagemcom (Orange),-60,1,
06:47:34,Hacker_Alfa,00:C0:CA:88:99:AA,Alfa Network,-49,7,Deauth Attack
06:47:34,Ma_B0x_Orange,FF:EE:DD:44:55:66,Unknown,-63,3,RSSI Spike
06:47:35,Ma_Box_Orange,E8:ED:F3:11:22:33,Sagemcom (Orange),-59,1,
06:47:35,Hacker_Alfa,00:C0:CA:88:99:AA,Alfa Network,-52,7,Deauth Attack
06:47:35,Ma_B0x_Orange,FF:EE:DD:44:55:66,Unknown,-64,3,RSSI Spike
06:47:37,Ma_Box_Orange,E8:ED:F3:11:22:33,Sagemcom (Orange),-59,1,
06:47:37,Hacker_Alfa,00:C0:CA:88:99:AA,Alfa Network,-48,7,Deauth Attack
06:47:37,Ma_B0x_Orange,FF:EE:DD:44:55:66,Unknown,-63,3,RSSI Spike
06:47:38,Ma_Box_Orange,E8:ED:F3:11:22:33,Sagemcom (Orange),-58,1,
06:47:38,Hacker_Alfa,00:C0:CA:88:99:AA,Alfa Network,-48,7,Deauth Attack
06:47:38,Ma_B0x_Orange,FF:EE:DD:44:55:66,Unknown,-65,3,RSSI Spike
06:47:40,Ma_Box_Orange,E8:ED:F3:11:22:33,Sagemcom (Orange),-58,1,
06:47:40,Hacker_Alfa,00:C0:CA:88:99:AA,Alfa Network,-51,7,Deauth Attack
06:47:40,Ma_B0x_Orange,FF:EE:DD:44:55:66,Unknown,-64,3,RSSI Spike
06:47:41,Ma_Box_Orange,E8:ED:F3:11:22:33,Sagemcom (Orange),-40,1,
06:47:41,Hacker_Alfa,00:C0:CA:88:99:AA,Alfa Network,-52,7,Deauth Attack
06:47:41,Ma_B0x_Orange,FF:EE:DD:44:55:66,Unknown,-66,3,RSSI Spike
06:47:43,Ma_Box_Orange,E8:ED:F3:11:22:33,Sagemcom (Orange),-40,1,
06:47:43,Hacker_Alfa,00:C0:CA:88:99:AA,Alfa Network,-48,7,Deauth Attack
06:47:43,Ma_B0x_Orange,FF:EE:DD:44:55:66,Unknown,-64,3,RSSI Spike
06:47:44,Ma_Box_Orange,E8:ED:F3:11:22:33,Sagemcom (Orange),-40,1,
06:47:44,Hacker_Alfa,00:C0:CA:88:99:AA,Alfa Network,-51,7,Deauth Attack
06:47:44,Ma_B0x_Orange,FF:EE:DD:44:55:66,Unknown,-65,3,RSSI Spike
06:47:46,Ma_Box_Orange,E8:ED:F3:11:22:33,Sagemcom (Orange),-61,1,
06:47:46,Hacker_Alfa,00:C0:CA:88:99:AA,Alfa Network,-51,7,Deauth Attack
06:47:46,Ma_B0x_Orange,FF:EE:DD:44:55:66,Unknown,-65,3,RSSI Spike
06:47:47,Ma_Box_Orange,E8:ED:F3:11:22:33,Sagemcom (Orange),-58,1,
06:47:47,Hacker_Alfa,00:C0:CA:88:99:AA,Alfa Network,-50,7,Deauth Attack
06:47:47,Ma_B0x_Orange,FF:EE:DD:44:55:66,Unknown,-67,3,RSSI Spike
06:47:49,Ma_Box_Orange,E8:ED:F3:11:22:33,Sagemcom (Orange),-59,1,
06:47:49,Hacker_Alfa,00:C0:CA:88:99:AA,Alfa Network,-50,7,Deauth Attack
06:47:49,Ma_B0x_Orange,FF:EE:DD:44:55:66,Unknown,-65,3,RSSI Spike
06:47:50,Ma_Box_Orange,E8:ED:F3:11:22:33,Sagemcom (Orange),-62,1,
06:47:50,Hacker_Alfa,00:C0:CA:88:99:AA,Alfa Network,-49,7,Deauth Attack
06:47:50,Ma_B0x_Orange,FF:EE:DD:44:55:66,Unknown,-63,3,RSSI Spike
06:47:52,Ma_Box_Orange,E8:ED:F3:11:22:33,Sagemcom (Orange),-58,1,
06:47:52,Hacker_Alfa,00:C0:CA:88:99:AA,Alfa Network,-51,7,Deauth Attack
06:47:52,Ma_B0x_Orange,FF:EE:DD:44:55:66,Unknown,-65,3,RSSI Spike
06:47:53,Ma_Box_Orange,E8:ED:F3:11:22:33,Sagemcom (Orange),-62,1,
06:47:53,Hacker_Alfa,00:C0:CA:88:99:AA,Alfa Network,-48,7,Deauth Attack
06:47:53,Ma_B0x_Orange,FF:EE:DD:44:55:66,Unknown,-66,3,RSSI Spike
06:47:55,Ma_Box_Orange,E8:ED:F3:11:22:33,Sagemcom (Orange),-59,1,
06:47:55,Hacker_Alfa,00:C0:CA:88:99:AA,Alfa Network,-52,7,Deauth Attack
06:47:55,Ma_B0x_Orange,FF:EE:DD:44:55:66,Unknown,-64,3,RSSI Spike
06:47:56,Ma_Box_Orange,E8:ED:F3:11:22:33,Sagemcom (Orange),-40,1,
06:47:56,Hacker_Alfa,00:C0:CA:88:99:AA,Alfa Network,-48,7,Deauth Attack
06:47:56,Ma_B0x_Orange,FF:EE:DD:44:55:66,Unknown,-66,3,RSSI Spike
06:47:58,Ma_Box_Orange,E8:ED:F3:11:22:33,Sagemcom (Orange),-40,1,
06:47:58,Hacker_Alfa,00:C0:CA:88:99:AA,Alfa Network,-52,7,Deauth Attack
06:47:58,Ma_B0x_Orange,FF:EE:DD:44:55:66,Unknown,-67,3,RSSI Spike
06:47:59,Ma_Box_Orange,E8:ED:F3:11:22:33,Sagemcom (Orange),-40,1,
06:47:59,Hacker_Alfa,00:C0:CA:88:99:AA,Alfa Network,-50,7,Deauth Attack
06:47:59,Ma_B0x_Orange,FF:EE:DD:44:55:66,Unknown,-67,3,RSSI Spike
06:48:01,Ma_Box_Orange,E8:ED:F3:11:22:33,Sagemcom (Orange),-60,1,
06:48:01,Hacker_Alfa,00:C0:CA:88:99:AA,Alfa Network,-51,7,Deauth Attack
06:48:01,Ma_B0x_Orange,FF:EE:DD:44:55:66,Unknown,-66,3,RSSI Spike
06:48:02,Ma_Box_Orange,E8:ED:F3:11:22:33,Sagemcom (Orange),-58,1,
06:48:02,Hacker_Alfa,00:C0:CA:88:99:AA,Alfa Network,-52,7,Deauth Attack
06:48:02,Ma_B0x_Orange,FF:EE:DD:44:55:66,Unknown,-65,3,RSSI Spike
06:48:04,Ma_Box_Orange,E8:ED:F3:11:22:33,Sagemcom (Orange),-61,1,
06:48:04,Hacker_Alfa,00:C0:CA:88:99:AA,Alfa Network,-51,7,Deauth Attack
06:48:04,Ma_B0x_Orange,FF:EE:DD:44:55:66,Unknown,-64,3,RSSI Spike
06:48:05,Ma_Box_Orange,E8:ED:F3:11:22:33,Sagemcom (Orange),-58,1,
06:48:05,Hacker_Alfa,00:C0:CA:88:99:AA,Alfa Network,-48,7,Deauth Attack
06:48:05,Ma_B0x_Orange,FF:EE:DD:44:55:66,Unknown,-64,3,RSSI Spike
06:48:07,Ma_Box_Orange,E8:ED:F3:11:22:33,Sagemcom (Orange),-60,1,
06:48:07,Hacker_Alfa,00:C0:CA:88:99:AA,Alfa Network,-51,7,Deauth Attack
06:48:07,Ma_B0x_Orange,FF:EE:DD:44:55:66,Unknown,-65,3,RSSI Spike
06:48:08,Ma_Box_Orange,E8:ED:F3:11:22:33,Sagemcom (Orange),-59,1,
06:48:08,Hacker_Alfa,00:C0:CA:88:99:AA,Alfa Network,-51,7,Deauth Attack
06:48:08,Ma_B0x_Orange,FF:EE:DD:44:55:66,Unknown,-65,3,RSSI Spike
06:48:10,Ma_Box_Orange,E8:ED:F3:11:22:33,Sagemcom (Orange),-59,1,
06:48:10,Hacker_Alfa,00:C0:CA:88:99:AA,Alfa Network,-49,7,Deauth Attack
06:48:10,Ma_B0x_Orange,FF:EE:DD:44:55:66,Unknown,-66,3,RSSI Spike
06:48:11,Ma_Box_Orange,E8:ED:F3:11:22:33,Sagemcom (Orange),-40,1,
06:48:11,Hacker_Alfa,00:C0:CA:88:99:AA,Alfa Network,-51,7,Deauth Attack
06:48:11,Ma_B0x_Orange,FF:EE:DD:44:55:66,Unknown,-65,3,RSSI Spike
06:48:13,Ma_Box_Orange,E8:ED:F3:11:22:33,Sagemcom (Orange),-40,1,
06:48:13,Hacker_Alfa,00:C0:CA:88:99:AA,Alfa Network,-52,7,Deauth Attack
06:48:13,Ma_B0x_Orange,FF:EE:DD:44:55:66,Unknown,-64,3,RSSI Spike
06:48:14,Ma_Box_Orange,E8:ED:F3:11:22:33,Sagemcom (Orange),-40,1,
06:48:14,Hacker_Alfa,00:C0:CA:88:99:AA,Alfa Network,-52,7,Deauth Attack
06:48:14,Ma_B0x_Orange,FF:EE:DD:44:55:66,Unknown,-65,3,RSSI Spike
06:48:16,Ma_Box_Orange,E8:ED:F3:11:22:33,Sagemcom (Orange),-60,1,
06:48:16,Hacker_Alfa,00:C0:CA:88:99:AA,Alfa Network,-49,7,Deauth Attack
06:48:16,Ma_B0x_Orange,FF:EE:DD:44:55:66,Unknown,-64,3,RSSI Spike
06:48:17,Ma_Box_Orange,E8:ED:F3:11:22:33,Sagemcom (Orange),-61,1,
06:48:17,Hacker_Alfa,00:C0:CA:88:99:AA,Alfa Network,-48,7,Deauth Attack
06:48:17,Ma_B0x_Orange,FF:EE:DD:44:55:66,Unknown,-67,3,RSSI Spike
06:48:19,Ma_Box_Orange,E8:ED:F3:11:22:33,Sagemcom (Orange),-59,1,
06:48:19,Hacker_Alfa,00:C0:CA:88:99:AA,Alfa Network,-51,7,Deauth Attack
06:48:19,Ma_B0x_Orange,FF:EE:DD:44:55:66,Unknown,-64,3,RSSI Spike
06:48:20,Ma_Box_Orange,E8:ED:F3:11:22:33,Sagemcom (Orange),-60,1,
06:48:20,Hacker_Alfa,00:C0:CA:88:99:AA,Alfa Network,-52,7,Deauth Attack
06:48:20,Ma_B0x_Orange,FF:EE:DD:44:55:66,Unknown,-65,3,RSSI Spike
06:48:22,Ma_Box_Orange,E8:ED:F3:11:22:33,Sagemcom (Orange),-60,1,
06:48:22,Hacker_Alfa,00:C0:CA:88:99:AA,Alfa Network,-48,7,Deauth Attack
06:48:22,Ma_B0x_Orange,FF:EE:DD:44:55:66,Unknown,-66,3,RSSI Spike
06:48:23,Ma_Box_Orange,E8:ED:F3:11:22:33,Sagemcom (Orange),-60,1,
06:48:23,Hacker_Alfa,00:C0:CA:88:99:AA,Alfa Network,-52,7,Deauth Attack
06:48:23,Ma_B0x_Orange,FF:EE:DD:44:55:66,Unknown,-64,3,RSSI Spike
06:48:25,Ma_Box_Orange,E8:ED:F3:11:22:33,Sagemcom (Orange),-58,1,
06:48:25,Hacker_Alfa,00:C0:CA:88:99:AA,Alfa Network,-48,7,Deauth Attack
06:48:25,Ma_B0x_Orange,FF:EE:DD:44:55:66,Unknown,-63,3,RSSI Spike
06:48:26,Ma_Box_Orange,E8:ED:F3:11:22:33,Sagemcom (Orange),-40,1,
06:48:26,Hacker_Alfa,00:C0:CA:88:99:AA,Alfa Network,-48,7,Deauth Attack
06:48:26,Ma_B0x_Orange,FF:EE:DD:44:55:66,Unknown,-63,3,RSSI Spike
06:48:28,Ma_Box_Orange,E8:ED:F3:11:22:33,Sagemcom (Orange),-40,1,
06:48:28,Hacker_Alfa,00:C0:CA:88:99:AA,Alfa Network,-49,7,Deauth Attack
06:48:28,Ma_B0x_Orange,FF:EE:DD:44:55:66,Unknown,-64,3,RSSI Spike
06:48:29,Ma_Box_Orange,E8:ED:F3:11:22:33,Sagemcom (Orange),-40,1,
06:48:29,Hacker_Alfa,00:C0:CA:88:99:AA,Alfa Network,-48,7,Deauth Attack
06:48:29,Ma_B0x_Orange,FF:EE:DD:44:55:66,Unknown,-66,3,RSSI Spike
06:48:31,Ma_Box_Orange,E8:ED:F3:11:22:33,Sagemcom (Orange),-61,1,
06:48:31,Hacker_Alfa,00:C0:CA:88:99:AA,Alfa Network,-48,7,Deauth Attack
06:48:31,Ma_B0x_Orange,FF:EE:DD:44:55:66,Unknown,-65,3,RSSI Spike
06:48:32,Ma_Box_Orange,E8:ED:F3:11:22:33,Sagemcom (Orange),-60,1,
06:48:32,Hacker_Alfa,00:C0:CA:88:99:AA,Alfa Network,-50,7,Deauth Attack
06:48:32,Ma_B0x_Orange,FF:EE:DD:44:55:66,Unknown,-65,3,RSSI Spike
06:48:34,Ma_Box_Orange,E8:ED:F3:11:22:33,Sagemcom (Orange),-60,1,
06:48:34,Hacker_Alfa,00:C0:CA:88:99:AA,Alfa Network,-50,7,Deauth Attack
06:48:34,Ma_B0x_Orange,FF:EE:DD:44:55:66,Unknown,-64,3,RSSI Spike
06:48:35,Ma_Box_Orange,E8:ED:F3:11:22:33,Sagemcom (Orange),-59,1,
06:48:35,Hacker_Alfa,00:C0:CA:88:99:AA,Alfa Network,-52,7,Deauth Attack
06:48:35,Ma_B0x_Orange,FF:EE:DD:44:55:66,Unknown,-65,3,RSSI Spike
06:48:37,Ma_Box_Orange,E8:ED:F3:11:22:33,Sagemcom (Orange),-59,1,
06:48:37,Hacker_Alfa,00:C0:CA:88:99:AA,Alfa Network,-50,7,Deauth Attack
06:48:37,Ma_B0x_Orange,FF:EE:DD:44:55:66,Unknown,-63,3,RSSI Spike
06:48:38,Ma_Box_Orange,E8:ED:F3:11:22:33,Sagemcom (Orange),-59,1,
06:48:38,Hacker_Alfa,00:C0:CA:88:99:AA,Alfa Network,-51,7,Deauth Attack
06:48:38,Ma_B0x_Orange,FF:EE:DD:44:55:66,Unknown,-65,3,RSSI Spike
06:48:40,Ma_Box_Orange,E8:ED:F3:11:22:33,Sagemcom (Orange),-58,1,
06:48:40,Hacker_Alfa,00:C0:CA:88:99:AA,Alfa Network,-52,7,Deauth Attack
06:48:40,Ma_B0x_Orange,FF:EE:DD:44:55:66,Unknown,-66,3,RSSI Spike
06:48:41,Ma_Box_Orange,E8:ED:F3:11:22:33,Sagemcom (Orange),-40,1,
06:48:41,Hacker_Alfa,00:C0:CA:88:99:AA,Alfa Network,-52,7,Deauth Attack
06:48:41,Ma_B0x_Orange,FF:EE:DD:44:55:66,Unknown,-67,3,RSSI Spike
06:48:43,Ma_Box_Orange,E8:ED:F3:11:22:33,Sagemcom (Orange),-40,1,
06:48:43,Hacker_Alfa,00:C0:CA:88:99:AA,Alfa Network,-49,7,Deauth Attack
06:48:43,Ma_B0x_Orange,FF:EE:DD:44:55:66,Unknown,-64,3,RSSI Spike
06:48:44,Ma_Box_Orange,E8:ED:F3:11:22:33,Sagemcom (Orange),-40,1,
06:48:44,Hacker_Alfa,00:C0:CA:88:99:AA,Alfa Network,-49,7,Deauth Attack
06:48:44,Ma_B0x_Orange,FF:EE:DD:44:55:66,Unknown,-66,3,RSSI Spike
06:48:46,Ma_Box_Orange,E8:ED:F3:11:22:33,Sagemcom (Orange),-61,1,
06:48:46,Hacker_Alfa,00:C0:CA:88:99:AA,Alfa Network,-52,7,Deauth Attack
06:48:46,Ma_B0x_Orange,FF:EE:DD:44:55:66,Unknown,-66,3,RSSI Spike
06:48:47,Ma_Box_Orange,E8:ED:F3:11:22:33,Sagemcom (Orange),-58,1,
06:48:47,Hacker_Alfa,00:C0:CA:88:99:AA,Alfa Network,-48,7,Deauth Attack
06:48:47,Ma_B0x_Orange,FF:EE:DD:44:55:66,Unknown,-63,3,RSSI Spike
06:48:49,Ma_Box_Orange,E8:ED:F3:11:22:33,Sagemcom (Orange),-62,1,
06:48:49,Hacker_Alfa,00:C0:CA:88:99:AA,Alfa Network,-51,7,Deauth Attack
06:48:49,Ma_B0x_Orange,FF:EE:DD:44:55:66,Unknown,-67,3,RSSI Spike
06:48:50,Ma_Box_Orange,E8:ED:F3:11:22:33,Sagemcom (Orange),-59,1,
06:48:50,Hacker_Alfa,00:C0:CA:88:99:AA,Alfa Network,-50,7,Deauth Attack
06:48:50,Ma_B0x_Orange,FF:EE:DD:44:55:66,Unknown,-66,3,RSSI Spike
06:48:52,Ma_Box_Orange,E8:ED:F3:11:22:33,Sagemcom (Orange),-62,1,
06:48:52,Hacker_Alfa,00:C0:CA:88:99:AA,Alfa Network,-48,7,Deauth Attack
06:48:52,Ma_B0x_Orange,FF:EE:DD:44:55:66,Unknown,-66,3,RSSI Spike
06:48:53,Ma_Box_Orange,E8:ED:F3:11:22:33,Sagemcom (Orange),-61,1,
06:48:53,Hacker_Alfa,00:C0:CA:88:99:AA,Alfa Network,-52,7,Deauth Attack
06:48:53,Ma_B0x_Orange,FF:EE:DD:44:55:66,Unknown,-66,3,RSSI Spike
06:48:55,Ma_Box_Orange,E8:ED:F3:11:22:33,Sagemcom (Orange),-62,1,
06:48:55,Hacker_Alfa,00:C0:CA:88:99:AA,Alfa Network,-51,7,Deauth Attack
06:48:55,Ma_B0x_Orange,FF:EE:DD:44:55:66,Unknown,-64,3,RSSI Spike
06:48:56,Ma_Box_Orange,E8:ED:F3:11:22:33,Sagemcom (Orange),-40,1,
06:48:56,Hacker_Alfa,00:C0:CA:88:99:AA,Alfa Network,-52,7,Deauth Attack
06:48:56,Ma_B0x_Orange,FF:EE:DD:44:55:66,Unknown,-65,3,RSSI Spike
06:48:58,Ma_Box_Orange,E8:ED:F3:11:22:33,Sagemcom (Orange),-40,1,
06:48:58,Hacker_Alfa,00:C0:CA:88:99:AA,Alfa Network,-52,7,Deauth Attack
06:48:58,Ma_B0x_Orange,FF:EE:DD:44:55:66,Unknown,-64,3,RSSI Spike
06:48:59,Ma_Box_Orange,E8:ED:F3:11:22:33,Sagemcom (Orange),-40,1,
06:48:59,Hacker_Alfa,00:C0:CA:88:99:AA,Alfa Network,-49,7,Deauth Attack
06:48:59,Ma_B0x_Orange,FF:EE:DD:44:55:66,Unknown,-64,3,RSSI Spike
06:49:01,Ma_Box_Orange,E8:ED:F3:11:22:33,Sagemcom (Orange),-59,1,
06:49:01,Hacker_Alfa,00:C0:CA:88:99:AA,Alfa Network,-48,7,Deauth Attack
06:49:01,Ma_B0x_Orange,FF:EE:DD:44:55:66,Unknown,-67,3,RSSI Spike
06:49:02,Ma_Box_Orange,E8:ED:F3:11:22:33,Sagemcom (Orange),-62,1,
06:49:02,Hacker_Alfa,00:C0:CA:88:99:AA,Alfa Network,-51,7,Deauth Attack
06:49:02,Ma_B0x_Orange,FF:EE:DD:44:55:66,Unknown,-63,3,RSSI Spike
06:49:04,Ma_Box_Orange,E8:ED:F3:11:22:33,Sagemcom (Orange),-58,1,
06:49:04,Hacker_Alfa,00:C0:CA:88:99:AA,Alfa Network,-52,7,Deauth Attack
06:49:04,Ma_B0x_Orange,FF:EE:DD:44:55:66,Unknown,-66,3,RSSI Spike
06:49:05,Ma_Box_Orange,E8:ED:F3:11:22:33,Sagemcom (Orange),-59,1,
06:49:05,Hacker_Alfa,00:C0:CA:88:99:AA,Alfa Network,-52,7,Deauth Attack
06:49:05,Ma_B0x_Orange,FF:EE:DD:44:55:66,Unknown,-63,3,RSSI Spike
06:49:07,Ma_Box_Orange,E8:ED:F3:11:22:33,Sagemcom (Orange),-61,1,
06:49:07,Hacker_Alfa,00:C0:CA:88:99:AA,Alfa Network,-49,7,Deauth Attack
06:49:07,Ma_B0x_Orange,FF:EE:DD:44:55:66,Unknown,-63,3,RSSI Spike
06:49:08,Ma_Box_Orange,E8:ED:F3:11:22:33,Sagemcom (Orange),-61,1,
06:49:08,Hacker_Alfa,00:C0:CA:88:99:AA,Alfa Network,-49,7,Deauth Attack
06:49:08,Ma_B0x_Orange,FF:EE:DD:44:55:66,Unknown,-65,3,RSSI Spike
06:49:10,Ma_Box_Orange,E8:ED:F3:11:22:33,Sagemcom (Orange),-61,1,
06:49:10,Hacker_Alfa,00:C0:CA:88:99:AA,Alfa Network,-51,7,Deauth Attack
06:49:10,Ma_B0x_Orange,FF:EE:DD:44:55:66,Unknown,-67,3,RSSI Spike
06:49:11,Ma_Box_Orange,E8:ED:F3:11:22:33,Sagemcom (Orange),-40,1,
06:49:11,Hacker_Alfa,00:C0:CA:88:99:AA,Alfa Network,-50,7,Deauth Attack
06:49:11,Ma_B0x_Orange,FF:EE:DD:44:55:66,Unknown,-64,3,RSSI Spike
06:49:13,Ma_Box_Orange,E8:ED:F3:11:22:33,Sagemcom (Orange),-40,1,
06:49:13,Hacker_Alfa,00:C0:CA:88:99:AA,Alfa Network,-49,7,Deauth Attack
06:49:13,Ma_B0x_Orange,FF:EE:DD:44:55:66,Unknown,-63,3,RSSI Spike
06:49:14,Ma_Box_Orange,E8:ED:F3:11:22:33,Sagemcom (Orange),-40,1,
06:49:14,Hacker_Alfa,00:C0:CA:88:99:AA,Alfa Network,-52,7,Deauth Attack
06:49:14,Ma_B0x_Orange,FF:EE:DD:44:55:66,Unknown,-66,3,RSSI Spike
06:49:16,Ma_Box_Orange,E8:ED:F3:11:22:33,Sagemcom (Orange),-59,1,
06:49:16,Hacker_Alfa,00:C0:CA:88:99:AA,Alfa Network,-49,7,Deauth Attack
06:49:16,Ma_B0x_Orange,FF:EE:DD:44:55:66,Unknown,-64,3,RSSI Spike
06:49:17,Ma_Box_Orange,E8:ED:F3:11:22:33,Sagemcom (Orange),-59,1,
06:49:17,Hacker_Alfa,00:C0:CA:88:99:AA,Alfa Network,-49,7,Deauth Attack
06:49:17,Ma_B0x_Orange,FF:EE:DD:44:55:66,Unknown,-64,3,RSSI Spike
06:49:19,Ma_Box_Orange,E8:ED:F3:11:22:33,Sagemcom (Orange),-60,1,
06:49:19,Hacker_Alfa,00:C0:CA:88:99:AA,Alfa Network,-49,7,Deauth Attack
06:49:19,Ma_B0x_Orange,FF:EE:DD:44:55:66,Unknown,-65,3,RSSI Spike
06:49:20,Ma_Box_Orange,E8:ED:F3:11:22:33,Sagemcom (Orange),-58,1,
06:49:20,Hacker_Alfa,00:C0:CA:88:99:AA,Alfa Network,-48,7,Deauth Attack
06:49:20,Ma_B0x_Orange,FF:EE:DD:44:55:66,Unknown,-65,3,RSSI Spike
06:49:22,Ma_Box_Orange,E8:ED:F3:11:22:33,Sagemcom (Orange),-62,1,
06:49:22,Hacker_Alfa,00:C0:CA:88:99:AA,Alfa Network,-48,7,Deauth Attack
06:49:22,Ma_B0x_Orange,FF:EE:DD:44:55:66,Unknown,-64,3,RSSI Spike
06:49:23,Ma_Box_Orange,E8:ED:F3:11:22:33,Sagemcom (Orange),-58,1,
06:49:23,Hacker_Alfa,00:C0:CA:88:99:AA,Alfa Network,-49,7,Deauth Attack
06:49:23,Ma_B0x_Orange,FF:EE:DD:44:55:66,Unknown,-63,3,RSSI Spike
06:49:25,Ma_Box_Orange,E8:ED:F3:11:22:33,Sagemcom (Orange),-60,1,
06:49:25,Hacker_Alfa,00:C0:CA:88:99:AA,Alfa Network,-50,7,Deauth Attack
06:49:25,Ma_B0x_Orange,FF:EE:DD:44:55:66,Unknown,-63,3,RSSI Spike
06:49:26,Ma_Box_Orange,E8:ED:F3:11:22:33,Sagemcom (Orange),-40,1,
06:49:26,Hacker_Alfa,00:C0:CA:88:99:AA,Alfa Network,-51,7,Deauth Attack
06:49:26,Ma_B0x_Orange,FF:EE:DD:44:55:66,Unknown,-67,3,RSSI Spike
06:49:28,Ma_Box_Orange,E8:ED:F3:11:22:33,Sagemcom (Orange),-40,1,
06:49:28,Hacker_Alfa,00:C0:CA:88:99:AA,Alfa Network,-48,7,Deauth Attack
06:49:28,Ma_B0x_Orange,FF:EE:DD:44:55:66,Unknown,-65,3,RSSI Spike
06:49:29,Ma_Box_Orange,E8:ED:F3:11:22:33,Sagemcom (Orange),-40,1,
06:49:29,Hacker_Alfa,00:C0:CA:88:99:AA,Alfa Network,-52,7,Deauth Attack
06:49:29,Ma_B0x_Orange,FF:EE:DD:44:55:66,Unknown,-67,3,RSSI Spike
06:49:31,Ma_Box_Orange,E8:ED:F3:11:22:33,Sagemcom (Orange),-60,1,
06:49:31,Hacker_Alfa,00:C0:CA:88:99:AA,Alfa Network,-50,7,Deauth Attack
06:49:31,Ma_B0x_Orange,FF:EE:DD:44:55:66,Unknown,-63,3,RSSI Spike
06:49:32,Ma_Box_Orange,E8:ED:F3:11:22:33,Sagemcom (Orange),-59,1,
06:49:32,Hacker_Alfa,00:C0:CA:88:99:AA,Alfa Network,-49,7,Deauth Attack
06:49:32,Ma_B0x_Orange,FF:EE:DD:44:55:66,Unknown,-67,3,RSSI Spike
06:49:34,Ma_Box_Orange,E8:ED:F3:11:22:33,Sagemcom (Orange),-62,1,
06:49:34,Hacker_Alfa,00:C0:CA:88:99:AA,Alfa Network,-52,7,Deauth Attack
06:49:34,Ma_B0x_Orange,FF:EE:DD:44:55:66,Unknown,-67,3,RSSI Spike
06:49:35,Ma_Box_Orange,E8:ED:F3:11:22:33,Sagemcom (Orange),-59,1,
06:49:35,Hacker_Alfa,00:C0:CA:88:99:AA,Alfa Network,-49,7,Deauth Attack
06:49:35,Ma_B0x_Orange,FF:EE:DD:44:55:66,Unknown,-66,3,RSSI Spike
06:49:37,Ma_Box_Orange,E8:ED:F3:11:22:33,Sagemcom (Orange),-58,1,
06:49:37,Hacker_Alfa,00:C0:CA:88:99:AA,Alfa Network,-48,7,Deauth Attack
06:49:37,Ma_B0x_Orange,FF:EE:DD:44:55:66,Unknown,-67,3,RSSI Spike
06:49:38,Ma_Box_Orange,E8:ED:F3:11:22:33,Sagemcom (Orange),-60,1,
06:49:38,Hacker_Alfa,00:C0:CA:88:99:AA,Alfa Network,-48,7,Deauth Attack
06:49:38,Ma_B0x_Orange,FF:EE:DD:44:55:66,Unknown,-66,3,RSSI Spike
06:49:40,Ma_Box_Orange,E8:ED:F3:11:22:33,Sagemcom (Orange),-59,1,
06:49:40,Hacker_Alfa,00:C0:CA:88:99:AA,Alfa Network,-51,7,Deauth Attack
06:49:40,Ma_B0x_Orange,FF:EE:DD:44:55:66,Unknown,-63,3,RSSI Spike
06:49:41,Ma_Box_Orange,E8:ED:F3:11:22:33,Sagemcom (Orange),-40,1,
06:49:41,Hacker_Alfa,00:C0:CA:88:99:AA,Alfa Network,-51,7,Deauth Attack
06:49:41,Ma_B0x_Orange,FF:EE:DD:44:55:66,Unknown,-64,3,RSSI Spike
06:49:43,Ma_Box_Orange,E8:ED:F3:11:22:33,Sagemcom (Orange),-40,1,
06:49:43,Hacker_Alfa,00:C0:CA:88:99:AA,Alfa Network,-48,7,Deauth Attack
06:49:43,Ma_B0x_Orange,FF:EE:DD:44:55:66,Unknown,-64,3,RSSI Spike
06:49:44,Ma_Box_Orange,E8:ED:F3:11:22:33,Sagemcom (Orange),-40,1,
06:49:44,Hacker_Alfa,00:C0:CA:88:99:AA,Alfa Network,-50,7,Deauth Attack
06:49:44,Ma_B0x_Orange,FF:EE:DD:44:55:66,Unknown,-66,3,RSSI Spike
06:49:46,Ma_Box_Orange,E8:ED:F3:11:22:33,Sagemcom (Orange),-59,1,
06:49:46,Hacker_Alfa,00:C0:CA:88:99:AA,Alfa Network,-52,7,Deauth Attack
06:49:46,Ma_B0x_Orange,FF:EE:DD:44:55:66,Unknown,-66,3,RSSI Spike
06:49:47,Ma_Box_Orange,E8:ED:F3:11:22:33,Sagemcom (Orange),-59,1,
06:49:47,Hacker_Alfa,00:C0:CA:88:99:AA,Alfa Network,-49,7,Deauth Attack
06:49:47,Ma_B0x_Orange,FF:EE:DD:44:55:66,Unknown,-63,3,RSSI Spike
06:49:49,Ma_Box_Orange,E8:ED:F3:11:22:33,Sagemcom (Orange),-61,1,
06:49:49,Hacker_Alfa,00:C0:CA:88:99:AA,Alfa Network,-48,7,Deauth Attack
06:49:49,Ma_B0x_Orange,FF:EE:DD:44:55:66,Unknown,-65,3,RSSI Spike
06:49:50,Ma_Box_Orange,E8:ED:F3:11:22:33,Sagemcom (Orange),-61,1,
06:49:50,Hacker_Alfa,00:C0:CA:88:99:AA,Alfa Network,-48,7,Deauth Attack
06:49:50,Ma_B0x_Orange,FF:EE:DD:44:55:66,Unknown,-67,3,RSSI Spike
06:49:52,Ma_Box_Orange,E8:ED:F3:11:22:33,Sagemcom (Orange),-59,1,
06:49:52,Hacker_Alfa,00:C0:CA:88:99:AA,Alfa Network,-48,7,Deauth Attack
06:49:52,Ma_B0x_Orange,FF:EE:DD:44:55:66,Unknown,-64,3,RSSI Spike
06:49:53,Ma_Box_Orange,E8:ED:F3:11:22:33,Sagemcom (Orange),-62,1,
06:49:53,Hacker_Alfa,00:C0:CA:88:99:AA,Alfa Network,-50,7,Deauth Attack
06:49:53,Ma_B0x_Orange,FF:EE:DD:44:55:66,Unknown,-64,3,RSSI Spike
06:49:55,Ma_Box_Orange,E8:ED:F3:11:22:33,Sagemcom (Orange),-59,1,
06:49:55,Hacker_Alfa,00:C0:CA:88:99:AA,Alfa Network,-51,7,Deauth Attack
06:49:55,Ma_B0x_Orange,FF:EE:DD:44:55:66,Unknown,-65,3,RSSI Spike
06:49:56,Ma_Box_Orange,E8:ED:F3:11:22:33,Sagemcom (Orange),-40,1,
06:49:56,Hacker_Alfa,00:C0:CA:88:99:AA,Alfa Network,-52,7,Deauth Attack
06:49:56,Ma_B0x_Orange,FF:EE:DD:44:55:66,Unknown,-63,3,RSSI Spike
06:49:58,Ma_Box_Orange,E8:ED:F3:11:22:33,Sagemcom (Orange),-40,1,
06:49:58,Hacker_Alfa,00:C0:CA:88:99:AA,Alfa Network,-52,7,Deauth Attack
06:49:58,Ma_B0x_Orange,FF:EE:DD:44:55:66,Unknown,-67,3,RSSI Spike
06:49:59,Ma_Box_Orange,E8:ED:F3:11:22:33,Sagemcom (Orange),-40,1,
06:49:59,Hacker_Alfa,00:C0:CA:88:99:AA,Alfa Network,-52,7,Deauth Attack
06:49:59,Ma_B0x_Orange,FF:EE:DD:44:55:66,Unknown,-64,3,RSSI Spike
06:50:01,Ma_Box_Orange,E8:ED:F3:11:22:33,Sagemcom (Orange),-59,1,
06:50:01,Hacker_Alfa,00:C0:CA:88:99:AA,Alfa Network,-52,7,Deauth Attack
06:50:01,Ma_B0x_Orange,FF:EE:DD:44:55:66,Unknown,-65,3,RSSI Spike
06:50:02,Ma_Box_Orange,E8:ED:F3:11:22:33,Sagemcom (Orange),-61,1,
06:50:02,Hacker_Alfa,00:C0:CA:88:99:AA,Alfa Network,-52,7,Deauth Attack
06:50:02,Ma_B0x_Orange,FF:EE:DD:44:55:66,Unknown,-63,3,RSSI Spike
06:50:04,Ma_Box_Orange,E8:ED:F3:11:22:33,Sagemcom (Orange),-61,1,
06:50:04,Hacker_Alfa,00:C0:CA:88:99:AA,Alfa Network,-49,7,Deauth Attack
06:50:04,Ma_B0x_Orange,FF:EE:DD:44:55:66,Unknown,-67,3,RSSI Spike
06:50:05,Ma_Box_Orange,E8:ED:F3:11:22:33,Sagemcom (Orange),-60,1,
06:50:05,Hacker_Alfa,00:C0:CA:88:99:AA,Alfa Network,-51,7,Deauth Attack
06:50:05,Ma_B0x_Orange,FF:EE:DD:44:55:66,Unknown,-67,3,RSSI Spike
06:50:07,Ma_Box_Orange,E8:ED:F3:11:22:33,Sagemcom (Orange),-58,1,
06:50:07,Hacker_Alfa,00:C0:CA:88:99:AA,Alfa Network,-51,7,Deauth Attack
06:50:07,Ma_B0x_Orange,FF:EE:DD:44:55:66,Unknown,-63,3,RSSI Spike
06:50:08,Ma_Box_Orange,E8:ED:F3:11:22:33,Sagemcom (Orange),-58,1,
06:50:08,Hacker_Alfa,00:C0:CA:88:99:AA,Alfa Network,-50,7,Deauth Attack
06:50:08,Ma_B0x_Orange,FF:EE:DD:44:55:66,Unknown,-66,3,RSSI Spike
06:50:10,Ma_Box_Orange,E8:ED:F3:11:22:33,Sagemcom (Orange),-61,1,
06:50:10,Hacker_Alfa,00:C0:CA:88:99:AA,Alfa Network,-50,7,Deauth Attack
06:50:10,Ma_B0x_Orange,FF:EE:DD:44:55:66,Unknown,-63,3,RSSI Spike
06:50:11,Ma_Box_Orange,E8:ED:F3:11:22:33,Sagemcom (Orange),-40,1,
06:50:11,Hacker_Alfa,00:C0:CA:88:99:AA,Alfa Network,-50,7,Deauth Attack
06:50:11,Ma_B0x_Orange,FF:EE:DD:44:55:66,Unknown,-65,3,RSSI Spike
06:50:13,Ma_Box_Orange,E8:ED:F3:11:22:33,Sagemcom (Orange),-40,1,
06:50:13,Hacker_Alfa,00:C0:CA:88:99:AA,Alfa Network,-52,7,Deauth Attack
06:50:13,Ma_B0x_Orange,FF:EE:DD:44:55:66,Unknown,-64,3,RSSI Spike
06:50:14,Ma_Box_Orange,E8:ED:F3:11:22:33,Sagemcom (Orange),-40,1,
06:50:14,Hacker_Alfa,00:C0:CA:88:99:AA,Alfa Network,-52,7,Deauth Attack
06:50:14,Ma_B0x_Orange,FF:EE:DD:44:55:66,Unknown,-64,3,RSSI Spike
06:50:16,Ma_Box_Orange,E8:ED:F3:11:22:33,Sagemcom (Orange),-62,1,
06:50:16,Hacker_Alfa,00:C0:CA:88:99:AA,Alfa Network,-52,7,Deauth Attack
06:50:16,Ma_B0x_Orange,FF:EE:DD:44:55:66,Unknown,-64,3,RSSI Spike
06:50:17,Ma_Box_Orange,E8:ED:F3:11:22:33,Sagemcom (Orange),-59,1,
06:50:17,Hacker_Alfa,00:C0:CA:88:99:AA,Alfa Network,-52,7,Deauth Attack
06:50:17,Ma_B0x_Orange,FF:EE:DD:44:55:66,Unknown,-67,3,RSSI Spike
06:50:19,Ma_Box_Orange,E8:ED:F3:11:22:33,Sagemcom (Orange),-59,1,
06:50:19,Hacker_Alfa,00:C0:CA:88:99:AA,Alfa Network,-51,7,Deauth Attack
06:50:19,Ma_B0x_Orange,FF:EE:DD:44:55:66,Unknown,-67,3,RSSI Spike
06:50:20,Ma_Box_Orange,E8:ED:F3:11:22:33,Sagemcom (Orange),-61,1,
06:50:20,Hacker_Alfa,00:C0:CA:88:99:AA,Alfa Network,-51,7,Deauth Attack
06:50:20,Ma_B0x_Orange,FF:EE:DD:44:55:66,Unknown,-63,3,RSSI Spike
06:50:22,Ma_Box_Orange,E8:ED:F3:11:22:33,Sagemcom (Orange),-59,1,
06:50:22,Hacker_Alfa,00:C0:CA:88:99:AA,Alfa Network,-50,7,Deauth Attack
06:50:22,Ma_B0x_Orange,FF:EE:DD:44:55:66,Unknown,-65,3,RSSI Spike
06:50:23,Ma_Box_Orange,E8:ED:F3:11:22:33,Sagemcom (Orange),-62,1,
06:50:23,Hacker_Alfa,00:C0:CA:88:99:AA,Alfa Network,-49,7,Deauth Attack
06:50:23,Ma_B0x_Orange,FF:EE:DD:44:55:66,Unknown,-67,3,RSSI Spike
06:50:25,Ma_Box_Orange,E8:ED:F3:11:22:33,Sagemcom (Orange),-61,1,
06:50:25,Hacker_Alfa,00:C0:CA:88:99:AA,Alfa Network,-52,7,Deauth Attack
06:50:25,Ma_B0x_Orange,FF:EE:DD:44:55:66,Unknown,-63,3,RSSI Spike
06:50:26,Ma_Box_Orange,E8:ED:F3:11:22:33,Sagemcom (Orange),-40,1,
06:50:26,Hacker_Alfa,00:C0:CA:88:99:AA,Alfa Network,-50,7,Deauth Attack
06:50:26,Ma_B0x_Orange,FF:EE:DD:44:55:66,Unknown,-63,3,RSSI Spike
06:50:28,Ma_Box_Orange,E8:ED:F3:11:22:33,Sagemcom (Orange),-40,1,
06:50:28,Hacker_Alfa,00:C0:CA:88:99:AA,Alfa Network,-48,7,Deauth Attack
06:50:28,Ma_B0x_Orange,FF:EE:DD:44:55:66,Unknown,-66,3,RSSI Spike
06:50:29,Ma_Box_Orange,E8:ED:F3:11:22:33,Sagemcom (Orange),-40,1,
06:50:29,Hacker_Alfa,00:C0:CA:88:99:AA,Alfa Network,-49,7,Deauth Attack
06:50:29,Ma_B0x_Orange,FF:EE:DD:44:55:66,Unknown,-66,3,RSSI Spike
06:50:31,Ma_Box_Orange,E8:ED:F3:11:22:33,Sagemcom (Orange),-59,1,
06:50:31,Hacker_Alfa,00:C0:CA:88:99:AA,Alfa Network,-52,7,Deauth Attack
06:50:31,Ma_B0x_Orange,FF:EE:DD:44:55:66,Unknown,-64,3,RSSI Spike
06:50:32,Ma_Box_Orange,E8:ED:F3:11:22:33,Sagemcom (Orange),-58,1,
06:50:32,Hacker_Alfa,00:C0:CA:88:99:AA,Alfa Network,-49,7,Deauth Attack
06:50:32,Ma_B0x_Orange,FF:EE:DD:44:55:66,Unknown,-66,3,RSSI Spike
06:50:34,Ma_Box_Orange,E8:ED:F3:11:22:33,Sagemcom (Orange),-61,1,
06:50:34,Hacker_Alfa,00:C0:CA:88:99:AA,Alfa Network,-51,7,Deauth Attack
06:50:34,Ma_B0x_Orange,FF:EE:DD:44:55:66,Unknown,-63,3,RSSI Spike
06:50:35,Ma_Box_Orange,E8:ED:F3:11:22:33,Sagemcom (Orange),-59,1,
06:50:35,Hacker_Alfa,00:C0:CA:88:99:AA,Alfa Network,-51,7,Deauth Attack
06:50:35,Ma_B0x_Orange,FF:EE:DD:44:55:66,Unknown,-64,3,RSSI Spike
06:50:37,Ma_Box_Orange,E8:ED:F3:11:22:33,Sagemcom (Orange),-61,1,
06:50:37,Hacker_Alfa,00:C0:CA:88:99:AA,Alfa Network,-48,7,Deauth Attack
06:50:37,Ma_B0x_Orange,FF:EE:DD:44:55:66,Unknown,-66,3,RSSI Spike
06:50:38,Ma_Box_Orange,E8:ED:F3:11:22:33,Sagemcom (Orange),-60,1,
06:50:38,Hacker_Alfa,00:C0:CA:88:99:AA,Alfa Network,-51,7,Deauth Attack
06:50:38,Ma_B0x_Orange,FF:EE:DD:44:55:66,Unknown,-65,3,RSSI Spike
06:50:40,Ma_Box_Orange,E8:ED:F3:11:22:33,Sagemcom (Orange),-62,1,
06:50:40,Hacker_Alfa,00:C0:CA:88:99:AA,Alfa Network,-48,7,Deauth Attack
06:50:40,Ma_B0x_Orange,FF:EE:DD:44:55:66,Unknown,-65,3,RSSI Spike
06:50:41,Ma_Box_Orange,E8:ED:F3:11:22:33,Sagemcom (Orange),-40,1,
06:50:41,Hacker_Alfa,00:C0:CA:88:99:AA,Alfa Network,-52,7,Deauth Attack
06:50:41,Ma_B0x_Orange,FF:EE:DD:44:55:66,Unknown,-67,3,RSSI Spike
06:50:43,Ma_Box_Orange,E8:ED:F3:11:22:33,Sagemcom (Orange),-40,1,
06:50:43,Hacker_Alfa,00:C0:CA:88:99:AA,Alfa Network,-51,7,Deauth Attack
06:50:43,Ma_B0x_Orange,FF:EE:DD:44:55:66,Unknown,-64,3,RSSI Spike
06:50:44,Ma_Box_Orange,E8:ED:F3:11:22:33,Sagemcom (Orange),-40,1,
06:50:44,Hacker_Alfa,00:C0:CA:88:99:AA,Alfa Network,-50,7,Deauth Attack
06:50:44,Ma_B0x_Orange,FF:EE:DD:44:55:66,Unknown,-63,3,RSSI Spike
06:50:46,Ma_Box_Orange,E8:ED:F3:11:22:33,Sagemcom (Orange),-59,1,
06:50:46,Hacker_Alfa,00:C0:CA:88:99:AA,Alfa Network,-52,7,Deauth Attack
06:50:46,Ma_B0x_Orange,FF:EE:DD:44:55:66,Unknown,-67,3,RSSI Spike
06:50:47,Ma_Box_Orange,E8:ED:F3:11:22:33,Sagemcom (Orange),-61,1,
06:50:47,Hacker_Alfa,00:C0:CA:88:99:AA,Alfa Network,-48,7,Deauth Attack
06:50:47,Ma_B0x_Orange,FF:EE:DD:44:55:66,Unknown,-66,3,RSSI Spike
06:50:49,Ma_Box_Orange,E8:ED:F3:11:22:33,Sagemcom (Orange),-62,1,
06:50:49,Hacker_Alfa,00:C0:CA:88:99:AA,Alfa Network,-52,7,Deauth Attack
06:50:49,Ma_B0x_Orange,FF:EE:DD:44:55:66,Unknown,-66,3,RSSI Spike
06:50:50,Ma_Box_Orange,E8:ED:F3:11:22:33,Sagemcom (Orange),-61,1,
06:50:50,Hacker_Alfa,00:C0:CA:88:99:AA,Alfa Network,-49,7,Deauth Attack
06:50:50,Ma_B0x_Orange,FF:EE:DD:44:55:66,Unknown,-65,3,RSSI Spike
06:50:52,Ma_Box_Orange,E8:ED:F3:11:22:33,Sagemcom (Orange),-58,1,
06:50:52,Hacker_Alfa,00:C0:CA:88:99:AA,Alfa Network,-50,7,Deauth Attack
06:50:52,Ma_B0x_Orange,FF:EE:DD:44:55:66,Unknown,-67,3,RSSI Spike
06:50:53,Ma_Box_Orange,E8:ED:F3:11:22:33,Sagemcom (Orange),-62,1,
06:50:53,Hacker_Alfa,00:C0:CA:88:99:AA,Alfa Network,-48,7,Deauth Attack
06:50:53,Ma_B0x_Orange,FF:EE:DD:44:55:66,Unknown,-64,3,RSSI Spike
06:50:55,Ma_Box_Orange,E8:ED:F3:11:22:33,Sagemcom (Orange),-60,1,
06:50:55,Hacker_Alfa,00:C0:CA:88:99:AA,Alfa Network,-50,7,Deauth Attack
06:50:55,Ma_B0x_Orange,FF:EE:DD:44:55:66,Unknown,-67,3,RSSI Spike
06:50:56,Ma_Box_Orange,E8:ED:F3:11:22:33,Sagemcom (Orange),-40,1,
06:50:56,Hacker_Alfa,00:C0:CA:88:99:AA,Alfa Network,-52,7,Deauth Attack
06:50:56,Ma_B0x_Orange,FF:EE:DD:44:55:66,Unknown,-66,3,RSSI Spike
06:50:58,Ma_Box_Orange,E8:ED:F3:11:22:33,Sagemcom (Orange),-40,1,
06:50:58,Hacker_Alfa,00:C0:CA:88:99:AA,Alfa Network,-51,7,Deauth Attack
06:50:58,Ma_B0x_Orange,FF:EE:DD:44:55:66,Unknown,-66,3,RSSI Spike
06:50:59,Ma_Box_Orange,E8:ED:F3:11:22:33,Sagemcom (Orange),-40,1,
06:50:59,Hacker_Alfa,00:C0:CA:88:99:AA,Alfa Network,-48,7,Deauth Attack
06:50:59,Ma_B0x_Orange,FF:EE:DD:44:55:66,Unknown,-67,3,RSSI Spike
06:51:01,Ma_Box_Orange,E8:ED:F3:11:22:33,Sagemcom (Orange),-60,1,
06:51:01,Hacker_Alfa,00:C0:CA:88:99:AA,Alfa Network,-52,7,Deauth Attack
06:51:01,Ma_B0x_Orange,FF:EE:DD:44:55:66,Unknown,-66,3,RSSI Spike
06:51:02,Ma_Box_Orange,E8:ED:F3:11:22:33,Sagemcom (Orange),-62,1,
06:51:02,Hacker_Alfa,00:C0:CA:88:99:AA,Alfa Network,-49,7,Deauth Attack
06:51:02,Ma_B0x_Orange,FF:EE:DD:44:55:66,Unknown,-67,3,RSSI Spike
06:51:04,Ma_Box_Orange,E8:ED:F3:11:22:33,Sagemcom (Orange),-60,1,
06:51:04,Hacker_Alfa,00:C0:CA:88:99:AA,Alfa Network,-49,7,Deauth Attack
06:51:04,Ma_B0x_Orange,FF:EE:DD:44:55:66,Unknown,-66,3,RSSI Spike
06:51:05,Ma_Box_Orange,E8:ED:F3:11:22:33,Sagemcom (Orange),-62,1,
06:51:05,Hacker_Alfa,00:C0:CA:88:99:AA,Alfa Network,-50,7,Deauth Attack
06:51:05,Ma_B0x_Orange,FF:EE:DD:44:55:66,Unknown,-66,3,RSSI Spike
06:51:07,Ma_Box_Orange,E8:ED:F3:11:22:33,Sagemcom (Orange),-59,1,
06:51:07,Hacker_Alfa,00:C0:CA:88:99:AA,Alfa Network,-49,7,Deauth Attack
06:51:07,Ma_B0x_Orange,FF:EE:DD:44:55:66,Unknown,-63,3,RSSI Spike
06:51:08,Ma_Box_Orange,E8:ED:F3:11:22:33,Sagemcom (Orange),-61,1,
06:51:08,Hacker_Alfa,00:C0:CA:88:99:AA,Alfa Network,-48,7,Deauth Attack
06:51:08,Ma_B0x_Orange,FF:EE:DD:44:55:66,Unknown,-65,3,RSSI Spike
06:51:10,Ma_Box_Orange,E8:ED:F3:11:22:33,Sagemcom (Orange),-60,1,
06:51:10,Hacker_Alfa,00:C0:CA:88:99:AA,Alfa Network,-49,7,Deauth Attack
06:51:10,Ma_B0x_Orange,FF:EE:DD:44:55:66,Unknown,-64,3,RSSI Spike
06:51:11,Ma_Box_Orange,E8:ED:F3:11:22:33,Sagemcom (Orange),-40,1,
06:51:11,Hacker_Alfa,00:C0:CA:88:99:AA,Alfa Network,-50,7,Deauth Attack
06:51:11,Ma_B0x_Orange,FF:EE:DD:44:55:66,Unknown,-63,3,RSSI Spike
06:51:13,Ma_Box_Orange,E8:ED:F3:11:22:33,Sagemcom (Orange),-40,1,
06:51:13,Hacker_Alfa,00:C0:CA:88:99:AA,Alfa Network,-49,7,Deauth Attack
06:51:13,Ma_B0x_Orange,FF:EE:DD:44:55:66,Unknown,-64,3,RSSI Spike
06:51:14,Ma_Box_Orange,E8:ED:F3:11:22:33,Sagemcom (Orange),-40,1,
06:51:14,Hacker_Alfa,00:C0:CA:88:99:AA,Alfa Network,-52,7,Deauth Attack
06:51:14,Ma_B0x_Orange,FF:EE:DD:44:55:66,Unknown,-63,3,RSSI Spike
06:51:16,Ma_Box_Orange,E8:ED:F3:11:22:33,Sagemcom (Orange),-58,1,
06:51:16,Hacker_Alfa,00:C0:CA:88:99:AA,Alfa Network,-48,7,Deauth Attack
06:51:16,Ma_B0x_Orange,FF:EE:DD:44:55:66,Unknown,-66,3,RSSI Spike
06:51:17,Ma_Box_Orange,E8:ED:F3:11:22:33,Sagemcom (Orange),-62,1,
06:51:17,Hacker_Alfa,00:C0:CA:88:99:AA,Alfa Network,-51,7,Deauth Attack
06:51:17,Ma_B0x_Orange,FF:EE:DD:44:55:66,Unknown,-64,3,RSSI Spike
06:51:19,Ma_Box_Orange,E8:ED:F3:11:22:33,Sagemcom (Orange),-58,1,
06:51:19,Hacker_Alfa,00:C0:CA:88:99:AA,Alfa Network,-48,7,Deauth Attack
06:51:19,Ma_B0x_Orange,FF:EE:DD:44:55:66,Unknown,-63,3,RSSI Spike
06:51:20,Ma_Box_Orange,E8:ED:F3:11:22:33,Sagemcom (Orange),-62,1,
06:51:20,Hacker_Alfa,00:C0:CA:88:99:AA,Alfa Network,-52,7,Deauth Attack
06:51:20,Ma_B0x_Orange,FF:EE:DD:44:55:66,Unknown,-67,3,RSSI Spike
06:51:22,Ma_Box_Orange,E8:ED:F3:11:22:33,Sagemcom (Orange),-61,1,
06:51:22,Hacker_Alfa,00:C0:CA:88:99:AA,Alfa Network,-51,7,Deauth Attack
06:51:22,Ma_B0x_Orange,FF:EE:DD:44:55:66,Unknown,-65,3,RSSI Spike
06:51:23,Ma_Box_Orange,E8:ED:F3:11:22:33,Sagemcom (Orange),-61,1,
06:51:23,Hacker_Alfa,00:C0:CA:88:99:AA,Alfa Network,-51,7,Deauth Attack
06:51:23,Ma_B0x_Orange,FF:EE:DD:44:55:66,Unknown,-63,3,RSSI Spike
06:51:25,Ma_Box_Orange,E8:ED:F3:11:22:33,Sagemcom (Orange),-61,1,
06:51:25,Hacker_Alfa,00:C0:CA:88:99:AA,Alfa Network,-49,7,Deauth Attack
06:51:25,Ma_B0x_Orange,FF:EE:DD:44:55:66,Unknown,-64,3,RSSI Spike
06:51:26,Ma_Box_Orange,E8:ED:F3:11:22:33,Sagemcom (Orange),-40,1,
06:51:26,Hacker_Alfa,00:C0:CA:88:99:AA,Alfa Network,-49,7,Deauth Attack
06:51:26,Ma_B0x_Orange,FF:EE:DD:44:55:66,Unknown,-63,3,RSSI Spike
06:51:28,Ma_Box_Orange,E8:ED:F3:11:22:33,Sagemcom (Orange),-40,1,
06:51:28,Hacker_Alfa,00:C0:CA:88:99:AA,Alfa Network,-52,7,Deauth Attack
06:51:28,Ma_B0x_Orange,FF:EE:DD:44:55:66,Unknown,-63,3,RSSI Spike
06:51:29,Ma_Box_Orange,E8:ED:F3:11:22:33,Sagemcom (Orange),-40,1,
06:51:29,Hacker_Alfa,00:C0:CA:88:99:AA,Alfa Network,-49,7,Deauth Attack
06:51:29,Ma_B0x_Orange,FF:EE:DD:44:55:66,Unknown,-66,3,RSSI Spike
06:51:31,Ma_Box_Orange,E8:ED:F3:11:22:33,Sagemcom (Orange),-60,1,
06:51:31,Hacker_Alfa,00:C0:CA:88:99:AA,Alfa Network,-49,7,Deauth Attack
06:51:31,Ma_B0x_Orange,FF:EE:DD:44:55:66,Unknown,-65,3,RSSI Spike
06:51:32,Ma_Box_Orange,E8:ED:F3:11:22:33,Sagemcom (Orange),-61,1,
06:51:32,Hacker_Alfa,00:C0:CA:88:99:AA,Alfa Network,-51,7,Deauth Attack
06:51:32,Ma_B0x_Orange,FF:EE:DD:44:55:66,Unknown,-65,3,RSSI Spike
06:51:34,Ma_Box_Orange,E8:ED:F3:11:22:33,Sagemcom (Orange),-60,1,
06:51:34,Hacker_Alfa,00:C0:CA:88:99:AA,Alfa Network,-49,7,Deauth Attack
06:51:34,Ma_B0x_Orange,FF:EE:DD:44:55:66,Unknown,-66,3,RSSI Spike
06:51:35,Ma_Box_Orange,E8:ED:F3:11:22:33,Sagemcom (Orange),-60,1,
06:51:35,Hacker_Alfa,00:C0:CA:88:99:AA,Alfa Network,-50,7,Deauth Attack
06:51:35,Ma_B0x_Orange,FF:EE:DD:44:55:66,Unknown,-63,3,RSSI Spike
06:51:37,Ma_Box_Orange,E8:ED:F3:11:22:33,Sagemcom (Orange),-59,1,
06:51:37,Hacker_Alfa,00:C0:CA:88:99:AA,Alfa Network,-50,7,Deauth Attack
06:51:37,Ma_B0x_Orange,FF:EE:DD:44:55:66,Unknown,-64,3,RSSI Spike
06:51:38,Ma_Box_Orange,E8:ED:F3:11:22:33,Sagemcom (Orange),-61,1,
06:51:38,Hacker_Alfa,00:C0:CA:88:99:AA,Alfa Network,-48,7,Deauth Attack
06:51:38,Ma_B0x_Orange,FF:EE:DD:44:55:66,Unknown,-66,3,RSSI Spike
06:51:40,Ma_Box_Orange,E8:ED:F3:11:22:33,Sagemcom (Orange),-58,1,
06:51:40,Hacker_Alfa,00:C0:CA:88:99:AA,Alfa Network,-50,7,Deauth Attack
06:51:40,Ma_B0x_Orange,FF:EE:DD:44:55:66,Unknown,-66,3,RSSI Spike
06:51:41,Ma_Box_Orange,E8:ED:F3:11:22:33,Sagemcom (Orange),-40,1,
06:51:41,Hacker_Alfa,00:C0:CA:88:99:AA,Alfa Network,-48,7,Deauth Attack
06:51:41,Ma_B0x_Orange,FF:EE:DD:44:55:66,Unknown,-66,3,RSSI Spike
06:51:43,Ma_Box_Orange,E8:ED:F3:11:22:33,Sagemcom (Orange),-40,1,
06:51:43,Hacker_Alfa,00:C0:CA:88:99:AA,Alfa Network,-50,7,Deauth Attack
06:51:43,Ma_B0x_Orange,FF:EE:DD:44:55:66,Unknown,-67,3,RSSI Spike
06:51:44,Ma_Box_Orange,E8:ED:F3:11:22:33,Sagemcom (Orange),-40,1,
06:51:44,Hacker_Alfa,00:C0:CA:88:99:AA,Alfa Network,-51,7,Deauth Attack
06:51:44,Ma_B0x_Orange,FF:EE:DD:44:55:66,Unknown,-63,3,RSSI Spike
06:51:46,Ma_Box_Orange,E8:ED:F3:11:22:33,Sagemcom (Orange),-58,1,
06:51:46,Hacker_Alfa,00:C0:CA:88:99:AA,Alfa Network,-49,7,Deauth Attack
06:51:46,Ma_B0x_Orange,FF:EE:DD:44:55:66,Unknown,-67,3,RSSI Spike
06:51:47,Ma_Box_Orange,E8:ED:F3:11:22:33,Sagemcom (Orange),-59,1,
06:51:47,Hacker_Alfa,00:C0:CA:88:99:AA,Alfa Network,-51,7,Deauth Attack
06:51:47,Ma_B0x_Orange,FF:EE:DD:44:55:66,Unknown,-65,3,RSSI Spike
06:51:49,Ma_Box_Orange,E8:ED:F3:11:22:33,Sagemcom (Orange),-61,1,
06:51:49,Hacker_Alfa,00:C0:CA:88:99:AA,Alfa Network,-51,7,Deauth Attack
06:51:49,Ma_B0x_Orange,FF:EE:DD:44:55:66,Unknown,-65,3,RSSI Spike
06:51:50,Ma_Box_Orange,E8:ED:F3:11:22:33,Sagemcom (Orange),-59,1,
06:51:50,Hacker_Alfa,00:C0:CA:88:99:AA,Alfa Network,-51,7,Deauth Attack
06:51:50,Ma_B0x_Orange,FF:EE:DD:44:55:66,Unknown,-67,3,RSSI Spike
06:51:52,Ma_Box_Orange,E8:ED:F3:11:22:33,Sagemcom (Orange),-60,1,
06:51:52,Hacker_Alfa,00:C0:CA:88:99:AA,Alfa Network,-49,7,Deauth Attack
06:51:52,Ma_B0x_Orange,FF:EE:DD:44:55:66,Unknown,-63,3,RSSI Spike
06:51:53,Ma_Box_Orange,E8:ED:F3:11:22:33,Sagemcom (Orange),-61,1,
06:51:53,Hacker_Alfa,00:C0:CA:88:99:AA,Alfa Network,-50,7,Deauth Attack
06:51:53,Ma_B0x_Orange,FF:EE:DD:44:55:66,Unknown,-67,3,RSSI Spike
06:51:55,Ma_Box_Orange,E8:ED:F3:11:22:33,Sagemcom (Orange),-60,1,
06:51:55,Hacker_Alfa,00:C0:CA:88:99:AA,Alfa Network,-52,7,Deauth Attack
06:51:55,Ma_B0x_Orange,FF:EE:DD:44:55:66,Unknown,-63,3,RSSI Spike
06:51:56,Ma_Box_Orange,E8:ED:F3:11:22:33,Sagemcom (Orange),-40,1,
06:51:56,Hacker_Alfa,00:C0:CA:88:99:AA,Alfa Network,-49,7,Deauth Attack
06:51:56,Ma_B0x_Orange,FF:EE:DD:44:55:66,Unknown,-65,3,RSSI Spike
06:51:58,Ma_Box_Orange,E8:ED:F3:11:22:33,Sagemcom (Orange),-40,1,
06:51:58,Hacker_Alfa,00:C0:CA:88:99:AA,Alfa Network,-49,7,Deauth Attack
06:51:58,Ma_B0x_Orange,FF:EE:DD:44:55:66,Unknown,-67,3,RSSI Spike
06:51:59,Ma_Box_Orange,E8:ED:F3:11:22:33,Sagemcom (Orange),-40,1,
06:51:59,Hacker_Alfa,00:C0:CA:88:99:AA,Alfa Network,-51,7,Deauth Attack
06:51:59,Ma_B0x_Orange,FF:EE:DD:44:55:66,Unknown,-67,3,RSSI Spike
06:52:01,Ma_Box_Orange,E8:ED:F3:11:22:33,Sagemcom (Orange),-58,1,
06:52:01,Hacker_Alfa,00:C0:CA:88:99:AA,Alfa Network,-52,7,Deauth Attack
06:52:01,Ma_B0x_Orange,FF:EE:DD:44:55:66,Unknown,-63,3,RSSI Spike
06:52:02,Ma_Box_Orange,E8:ED:F3:11:22:33,Sagemcom (Orange),-61,1,
06:52:02,Hacker_Alfa,00:C0:CA:88:99:AA,Alfa Network,-51,7,Deauth Attack
06:52:02,Ma_B0x_Orange,FF:EE:DD:44:55:66,Unknown,-63,3,RSSI Spike
06:52:04,Ma_Box_Orange,E8:ED:F3:11:22:33,Sagemcom (Orange),-58,1,
06:52:04,Hacker_Alfa,00:C0:CA:88:99:AA,Alfa Network,-52,7,Deauth Attack
06:52:04,Ma_B0x_Orange,FF:EE:DD:44:55:66,Unknown,-65,3,RSSI Spike
06:52:05,Ma_Box_Orange,E8:ED:F3:11:22:33,Sagemcom (Orange),-61,1,
06:52:05,Hacker_Alfa,00:C0:CA:88:99:AA,Alfa Network,-50,7,Deauth Attack
06:52:05,Ma_B0x_Orange,FF:EE:DD:44:55:66,Unknown,-65,3,RSSI Spike
06:52:07,Ma_Box_Orange,E8:ED:F3:11:22:33,Sagemcom (Orange),-61,1,
06:52:07,Hacker_Alfa,00:C0:CA:88:99:AA,Alfa Network,-48,7,Deauth Attack
06:52:07,Ma_B0x_Orange,FF:EE:DD:44:55:66,Unknown,-63,3,RSSI Spike
06:52:08,Ma_Box_Orange,E8:ED:F3:11:22:33,Sagemcom (Orange),-61,1,
06:52:08,Hacker_Alfa,00:C0:CA:88:99:AA,Alfa Network,-48,7,Deauth Attack
06:52:08,Ma_B0x_Orange,FF:EE:DD:44:55:66,Unknown,-66,3,RSSI Spike
06:52:10,Ma_Box_Orange,E8:ED:F3:11:22:33,Sagemcom (Orange),-61,1,
06:52:10,Hacker_Alfa,00:C0:CA:88:99:AA,Alfa Network,-48,7,Deauth Attack
06:52:10,Ma_B0x_Orange,FF:EE:DD:44:55:66,Unknown,-63,3,RSSI Spike
06:52:11,Ma_Box_Orange,E8:ED:F3:11:22:33,Sagemcom (Orange),-40,1,
06:52:11,Hacker_Alfa,00:C0:CA:88:99:AA,Alfa Network,-49,7,Deauth Attack
06:52:11,Ma_B0x_Orange,FF:EE:DD:44:55:66,Unknown,-65,3,RSSI Spike
06:52:13,Ma_Box_Orange,E8:ED:F3:11:22:33,Sagemcom (Orange),-40,1,
06:52:13,Hacker_Alfa,00:C0:CA:88:99:AA,Alfa Network,-49,7,Deauth Attack
06:52:13,Ma_B0x_Orange,FF:EE:DD:44:55:66,Unknown,-64,3,RSSI Spike
06:52:14,Ma_Box_Orange,E8:ED:F3:11:22:33,Sagemcom (Orange),-40,1,
06:52:14,Hacker_Alfa,00:C0:CA:88:99:AA,Alfa Network,-51,7,Deauth Attack
06:52:14,Ma_B0x_Orange,FF:EE:DD:44:55:66,Unknown,-67,3,RSSI Spike
06:52:16,Ma_Box_Orange,E8:ED:F3:11:22:33,Sagemcom (Orange),-60,1,
06:52:16,Hacker_Alfa,00:C0:CA:88:99:AA,Alfa Network,-48,7,Deauth Attack
06:52:16,Ma_B0x_Orange,FF:EE:DD:44:55:66,Unknown,-66,3,RSSI Spike
06:52:17,Ma_Box_Orange,E8:ED:F3:11:22:33,Sagemcom (Orange),-60,1,
06:52:17,Hacker_Alfa,00:C0:CA:88:99:AA,Alfa Network,-52,7,Deauth Attack
06:52:17,Ma_B0x_Orange,FF:EE:DD:44:55:66,Unknown,-63,3,RSSI Spike
06:52:19,Ma_Box_Orange,E8:ED:F3:11:22:33,Sagemcom (Orange),-59,1,
06:52:19,Hacker_Alfa,00:C0:CA:88:99:AA,Alfa Network,-52,7,Deauth Attack
06:52:19,Ma_B0x_Orange,FF:EE:DD:44:55:66,Unknown,-67,3,RSSI Spike
06:52:20,Ma_Box_Orange,E8:ED:F3:11:22:33,Sagemcom (Orange),-59,1,
06:52:20,Hacker_Alfa,00:C0:CA:88:99:AA,Alfa Network,-52,7,Deauth Attack
06:52:20,Ma_B0x_Orange,FF:EE:DD:44:55:66,Unknown,-63,3,RSSI Spike
06:52:22,Ma_Box_Orange,E8:ED:F3:11:22:33,Sagemcom (Orange),-59,1,
06:52:22,Hacker_Alfa,00:C0:CA:88:99:AA,Alfa Network,-48,7,Deauth Attack
06:52:22,Ma_B0x_Orange,FF:EE:DD:44:55:66,Unknown,-64,3,RSSI Spike
06:52:23,Ma_Box_Orange,E8:ED:F3:11:22:33,Sagemcom (Orange),-59,1,
06:52:23,Hacker_Alfa,00:C0:CA:88:99:AA,Alfa Network,-52,7,Deauth Attack
06:52:23,Ma_B0x_Orange,FF:EE:DD:44:55:66,Unknown,-64,3,RSSI Spike
06:52:25,Ma_Box_Orange,E8:ED:F3:11:22:33,Sagemcom (Orange),-62,1,
06:52:25,Hacker_Alfa,00:C0:CA:88:99:AA,Alfa Network,-52,7,Deauth Attack
06:52:25,Ma_B0x_Orange,FF:EE:DD:44:55:66,Unknown,-64,3,RSSI Spike
06:52:26,Ma_Box_Orange,E8:ED:F3:11:22:33,Sagemcom (Orange),-40,1,
06:52:26,Hacker_Alfa,00:C0:CA:88:99:AA,Alfa Network,-52,7,Deauth Attack
06:52:26,Ma_B0x_Orange,FF:EE:DD:44:55:66,Unknown,-64,3,RSSI Spike
06:52:28,Ma_Box_Orange,E8:ED:F3:11:22:33,Sagemcom (Orange),-40,1,
06:52:28,Hacker_Alfa,00:C0:CA:88:99:AA,Alfa Network,-48,7,Deauth Attack
06:52:28,Ma_B0x_Orange,FF:EE:DD:44:55:66,Unknown,-63,3,RSSI Spike
06:52:29,Ma_Box_Orange,E8:ED:F3:11:22:33,Sagemcom (Orange),-40,1,
06:52:29,Hacker_Alfa,00:C0:CA:88:99:AA,Alfa Network,-50,7,Deauth Attack
06:52:29,Ma_B0x_Orange,FF:EE:DD:44:55:66,Unknown,-67,3,RSSI Spike
06:52:31,Ma_Box_Orange,E8:ED:F3:11:22:33,Sagemcom (Orange),-60,1,
06:52:31,Hacker_Alfa,00:C0:CA:88:99:AA,Alfa Network,-48,7,Deauth Attack
06:52:31,Ma_B0x_Orange,FF:EE:DD:44:55:66,Unknown,-65,3,RSSI Spike
06:52:32,Ma_Box_Orange,E8:ED:F3:11:22:33,Sagemcom (Orange),-59,1,
06:52:32,Hacker_Alfa,00:C0:CA:88:99:AA,Alfa Network,-50,7,Deauth Attack
06:52:32,Ma_B0x_Orange,FF:EE:DD:44:55:66,Unknown,-67,3,RSSI Spike
06:52:34,Ma_Box_Orange,E8:ED:F3:11:22:33,Sagemcom (Orange),-62,1,
06:52:34,Hacker_Alfa,00:C0:CA:88:99:AA,Alfa Network,-52,7,Deauth Attack
06:52:34,Ma_B0x_Orange,FF:EE:DD:44:55:66,Unknown,-63,3,RSSI Spike
06:52:35,Ma_Box_Orange,E8:ED:F3:11:22:33,Sagemcom (Orange),-58,1,
06:52:35,Hacker_Alfa,00:C0:CA:88:99:AA,Alfa Network,-51,7,Deauth Attack
06:52:35,Ma_B0x_Orange,FF:EE:DD:44:55:66,Unknown,-67,3,RSSI Spike
06:52:37,Ma_Box_Orange,E8:ED:F3:11:22:33,Sagemcom (Orange),-61,1,
06:52:37,Hacker_Alfa,00:C0:CA:88:99:AA,Alfa Network,-50,7,Deauth Attack
06:52:37,Ma_B0x_Orange,FF:EE:DD:44:55:66,Unknown,-66,3,RSSI Spike
06:52:38,Ma_Box_Orange,E8:ED:F3:11:22:33,Sagemcom (Orange),-59,1,
06:52:38,Hacker_Alfa,00:C0:CA:88:99:AA,Alfa Network,-49,7,Deauth Attack
06:52:38,Ma_B0x_Orange,FF:EE:DD:44:55:66,Unknown,-67,3,RSSI Spike
06:52:40,Ma_Box_Orange,E8:ED:F3:11:22:33,Sagemcom (Orange),-62,1,
06:52:40,Hacker_Alfa,00:C0:CA:88:99:AA,Alfa Network,-51,7,Deauth Attack
06:52:40,Ma_B0x_Orange,FF:EE:DD:44:55:66,Unknown,-67,3,RSSI Spike
06:52:41,Ma_Box_Orange,E8:ED:F3:11:22:33,Sagemcom (Orange),-40,1,
06:52:41,Hacker_Alfa,00:C0:CA:88:99:AA,Alfa Network,-48,7,Deauth Attack
06:52:41,Ma_B0x_Orange,FF:EE:DD:44:55:66,Unknown,-66,3,RSSI Spike
06:52:43,Ma_Box_Orange,E8:ED:F3:11:22:33,Sagemcom (Orange),-40,1,
06:52:43,Hacker_Alfa,00:C0:CA:88:99:AA,Alfa Network,-48,7,Deauth Attack
06:52:43,Ma_B0x_Orange,FF:EE:DD:44:55:66,Unknown,-64,3,RSSI Spike
06:52:44,Ma_Box_Orange,E8:ED:F3:11:22:33,Sagemcom (Orange),-40,1,
06:52:44,Hacker_Alfa,00:C0:CA:88:99:AA,Alfa Network,-50,7,Deauth Attack
06:52:44,Ma_B0x_Orange,FF:EE:DD:44:55:66,Unknown,-66,3,RSSI Spike
06:52:46,Ma_Box_Orange,E8:ED:F3:11:22:33,Sagemcom (Orange),-59,1,
06:52:46,Hacker_Alfa,00:C0:CA:88:99:AA,Alfa Network,-48,7,Deauth Attack
06:52:46,Ma_B0x_Orange,FF:EE:DD:44:55:66,Unknown,-64,3,RSSI Spike
06:52:47,Ma_Box_Orange,E8:ED:F3:11:22:33,Sagemcom (Orange),-60,1,
06:52:47,Hacker_Alfa,00:C0:CA:88:99:AA,Alfa Network,-52,7,Deauth Attack
06:52:47,Ma_B0x_Orange,FF:EE:DD:44:55:66,Unknown,-66,3,RSSI Spike
06:52:49,Ma_Box_Orange,E8:ED:F3:11:22:33,Sagemcom (Orange),-58,1,
06:52:49,Hacker_Alfa,00:C0:CA:88:99:AA,Alfa Network,-48,7,Deauth Attack
06:52:49,Ma_B0x_Orange,FF:EE:DD:44:55:66,Unknown,-66,3,RSSI Spike
06:52:50,Ma_Box_Orange,E8:ED:F3:11:22:33,Sagemcom (Orange),-61,1,
06:52:50,Hacker_Alfa,00:C0:CA:88:99:AA,Alfa Network,-50,7,Deauth Attack
06:52:50,Ma_B0x_Orange,FF:EE:DD:44:55:66,Unknown,-64,3,RSSI Spike
06:52:52,Ma_Box_Orange,E8:ED:F3:11:22:33,Sagemcom (Orange),-58,1,
06:52:52,Hacker_Alfa,00:C0:CA:88:99:AA,Alfa Network,-49,7,Deauth Attack
06:52:52,Ma_B0x_Orange,FF:EE:DD:44:55:66,Unknown,-63,3,RSSI Spike
06:52:53,Ma_Box_Orange,E8:ED:F3:11:22:33,Sagemcom (Orange),-59,1,
06:52:53,Hacker_Alfa,00:C0:CA:88:99:AA,Alfa Network,-49,7,Deauth Attack
06:52:53,Ma_B0x_Orange,FF:EE:DD:44:55:66,Unknown,-63,3,RSSI Spike
06:52:55,Ma_Box_Orange,E8:ED:F3:11:22:33,Sagemcom (Orange),-58,1,
06:52:55,Hacker_Alfa,00:C0:CA:88:99:AA,Alfa Network,-50,7,Deauth Attack
06:52:55,Ma_B0x_Orange,FF:EE:DD:44:55:66,Unknown,-65,3,RSSI Spike
06:52:56,Ma_Box_Orange,E8:ED:F3:11:22:33,Sagemcom (Orange),-40,1,
06:52:56,Hacker_Alfa,00:C0:CA:88:99:AA,Alfa Network,-48,7,Deauth Attack
06:52:56,Ma_B0x_Orange,FF:EE:DD:44:55:66,Unknown,-67,3,RSSI Spike
06:52:58,Ma_Box_Orange,E8:ED:F3:11:22:33,Sagemcom (Orange),-40,1,
06:52:58,Hacker_Alfa,00:C0:CA:88:99:AA,Alfa Network,-50,7,Deauth Attack
06:52:58,Ma_B0x_Orange,FF:EE:DD:44:55:66,Unknown,-66,3,RSSI Spike
06:52:59,Ma_Box_Orange,E8:ED:F3:11:22:33,Sagemcom (Orange),-40,1,
06:52:59,Hacker_Alfa,00:C0:CA:88:99:AA,Alfa Network,-50,7,Deauth Attack
06:52:59,Ma_B0x_Orange,FF:EE:DD:44:55:66,Unknown,-65,3,RSSI Spike
06:53:01,Ma_Box_Orange,E8:ED:F3:11:22:33,Sagemcom (Orange),-59,1,
06:53:01,Hacker_Alfa,00:C0:CA:88:99:AA,Alfa Network,-49,7,Deauth Attack
06:53:01,Ma_B0x_Orange,FF:EE:DD:44:55:66,Unknown,-66,3,RSSI Spike
06:53:02,Ma_Box_Orange,E8:ED:F3:11:22:33,Sagemcom (Orange),-62,1,
06:53:02,Hacker_Alfa,00:C0:CA:88:99:AA,Alfa Network,-51,7,Deauth Attack
06:53:02,Ma_B0x_Orange,FF:EE:DD:44:55:66,Unknown,-67,3,RSSI Spike
06:53:04,Ma_Box_Orange,E8:ED:F3:11:22:33,Sagemcom (Orange),-58,1,
06:53:04,Hacker_Alfa,00:C0:CA:88:99:AA,Alfa Network,-50,7,Deauth Attack
06:53:04,Ma_B0x_Orange,FF:EE:DD:44:55:66,Unknown,-65,3,RSSI Spike
06:53:05,Ma_Box_Orange,E8:ED:F3:11:22:33,Sagemcom (Orange),-59,1,
06:53:05,Hacker_Alfa,00:C0:CA:88:99:AA,Alfa Network,-48,7,Deauth Attack
06:53:05,Ma_B0x_Orange,FF:EE:DD:44:55:66,Unknown,-67,3,RSSI Spike
06:53:07,Ma_Box_Orange,E8:ED:F3:11:22:33,Sagemcom (Orange),-59,1,
06:53:07,Hacker_Alfa,00:C0:CA:88:99:AA,Alfa Network,-52,7,Deauth Attack
06:53:07,Ma_B0x_Orange,FF:EE:DD:44:55:66,Unknown,-66,3,RSSI Spike
06:53:08,Ma_Box_Orange,E8:ED:F3:11:22:33,Sagemcom (Orange),-59,1,
06:53:08,Hacker_Alfa,00:C0:CA:88:99:AA,Alfa Network,-51,7,Deauth Attack
06:53:08,Ma_B0x_Orange,FF:EE:DD:44:55:66,Unknown,-65,3,RSSI Spike
06:53:10,Ma_Box_Orange,E8:ED:F3:11:22:33,Sagemcom (Orange),-58,1,
06:53:10,Hacker_Alfa,00:C0:CA:88:99:AA,Alfa Network,-50,7,Deauth Attack
06:53:10,Ma_B0x_Orange,FF:EE:DD:44:55:66,Unknown,-66,3,RSSI Spike
06:53:11,Ma_Box_Orange,E8:ED:F3:11:22:33,Sagemcom (Orange),-40,1,
06:53:11,Hacker_Alfa,00:C0:CA:88:99:AA,Alfa Network,-52,7,Deauth Attack
06:53:11,Ma_B0x_Orange,FF:EE:DD:44:55:66,Unknown,-64,3,RSSI Spike
06:53:13,Ma_Box_Orange,E8:ED:F3:11:22:33,Sagemcom (Orange),-40,1,
06:53:13,Hacker_Alfa,00:C0:CA:88:99:AA,Alfa Network,-50,7,Deauth Attack
06:53:13,Ma_B0x_Orange,FF:EE:DD:44:55:66,Unknown,-64,3,RSSI Spike
06:53:14,Ma_Box_Orange,E8:ED:F3:11:22:33,Sagemcom (Orange),-40,1,
06:53:14,Hacker_Alfa,00:C0:CA:88:99:AA,Alfa Network,-48,7,Deauth Attack
06:53:14,Ma_B0x_Orange,FF:EE:DD:44:55:66,Unknown,-63,3,RSSI Spike
06:53:16,Ma_Box_Orange,E8:ED:F3:11:22:33,Sagemcom (Orange),-62,1,
06:53:16,Hacker_Alfa,00:C0:CA:88:99:AA,Alfa Network,-51,7,Deauth Attack
06:53:16,Ma_B0x_Orange,FF:EE:DD:44:55:66,Unknown,-64,3,RSSI Spike
06:53:17,Ma_Box_Orange,E8:ED:F3:11:22:33,Sagemcom (Orange),-62,1,
06:53:17,Hacker_Alfa,00:C0:CA:88:99:AA,Alfa Network,-49,7,Deauth Attack
06:53:17,Ma_B0x_Orange,FF:EE:DD:44:55:66,Unknown,-66,3,RSSI Spike
06:53:19,Ma_Box_Orange,E8:ED:F3:11:22:33,Sagemcom (Orange),-61,1,
06:53:19,Hacker_Alfa,00:C0:CA:88:99:AA,Alfa Network,-51,7,Deauth Attack
06:53:19,Ma_B0x_Orange,FF:EE:DD:44:55:66,Unknown,-67,3,RSSI Spike
06:53:20,Ma_Box_Orange,E8:ED:F3:11:22:33,Sagemcom (Orange),-61,1,
06:53:20,Hacker_Alfa,00:C0:CA:88:99:AA,Alfa Network,-52,7,Deauth Attack
06:53:20,Ma_B0x_Orange,FF:EE:DD:44:55:66,Unknown,-65,3,RSSI Spike
06:53:22,Ma_Box_Orange,E8:ED:F3:11:22:33,Sagemcom (Orange),-62,1,
06:53:22,Hacker_Alfa,00:C0:CA:88:99:AA,Alfa Network,-49,7,Deauth Attack
06:53:22,Ma_B0x_Orange,FF:EE:DD:44:55:66,Unknown,-66,3,RSSI Spike
06:53:23,Ma_Box_Orange,E8:ED:F3:11:22:33,Sagemcom (Orange),-61,1,
06:53:23,Hacker_Alfa,00:C0:CA:88:99:AA,Alfa Network,-48,7,Deauth Attack
06:53:23,Ma_B0x_Orange,FF:EE:DD:44:55:66,Unknown,-67,3,RSSI Spike
06:53:25,Ma_Box_Orange,E8:ED:F3:11:22:33,Sagemcom (Orange),-62,1,
06:53:25,Hacker_Alfa,00:C0:CA:88:99:AA,Alfa Network,-49,7,Deauth Attack
06:53:25,Ma_B0x_Orange,FF:EE:DD:44:55:66,Unknown,-67,3,RSSI Spike
06:53:26,Ma_Box_Orange,E8:ED:F3:11:22:33,Sagemcom (Orange),-40,1,
06:53:26,Hacker_Alfa,00:C0:CA:88:99:AA,Alfa Network,-48,7,Deauth Attack
06:53:26,Ma_B0x_Orange,FF:EE:DD:44:55:66,Unknown,-63,3,RSSI Spike
06:53:28,Ma_Box_Orange,E8:ED:F3:11:22:33,Sagemcom (Orange),-40,1,
06:53:28,Hacker_Alfa,00:C0:CA:88:99:AA,Alfa Network,-48,7,Deauth Attack
06:53:28,Ma_B0x_Orange,FF:EE:DD:44:55:66,Unknown,-65,3,RSSI Spike
06:53:29,Ma_Box_Orange,E8:ED:F3:11:22:33,Sagemcom (Orange),-40,1,
06:53:29,Hacker_Alfa,00:C0:CA:88:99:AA,Alfa Network,-49,7,Deauth Attack
06:53:29,Ma_B0x_Orange,FF:EE:DD:44:55:66,Unknown,-67,3,RSSI Spike
06:53:31,Ma_Box_Orange,E8:ED:F3:11:22:33,Sagemcom (Orange),-61,1,
06:53:31,Hacker_Alfa,00:C0:CA:88:99:AA,Alfa Network,-52,7,Deauth Attack
06:53:31,Ma_B0x_Orange,FF:EE:DD:44:55:66,Unknown,-67,3,RSSI Spike
06:53:32,Ma_Box_Orange,E8:ED:F3:11:22:33,Sagemcom (Orange),-59,1,
06:53:32,Hacker_Alfa,00:C0:CA:88:99:AA,Alfa Network,-51,7,Deauth Attack
06:53:32,Ma_B0x_Orange,FF:EE:DD:44:55:66,Unknown,-66,3,RSSI Spike
06:53:34,Ma_Box_Orange,E8:ED:F3:11:22:33,Sagemcom (Orange),-58,1,
06:53:34,Hacker_Alfa,00:C0:CA:88:99:AA,Alfa Network,-50,7,Deauth Attack
06:53:34,Ma_B0x_Orange,FF:EE:DD:44:55:66,Unknown,-64,3,RSSI Spike
06:53:35,Ma_Box_Orange,E8:ED:F3:11:22:33,Sagemcom (Orange),-60,1,
06:53:35,Hacker_Alfa,00:C0:CA:88:99:AA,Alfa Network,-49,7,Deauth Attack
06:53:35,Ma_B0x_Orange,FF:EE:DD:44:55:66,Unknown,-67,3,RSSI Spike
06:53:37,Ma_Box_Orange,E8:ED:F3:11:22:33,Sagemcom (Orange),-62,1,
06:53:37,Hacker_Alfa,00:C0:CA:88:99:AA,Alfa Network,-51,7,Deauth Attack
06:53:37,Ma_B0x_Orange,FF:EE:DD:44:55:66,Unknown,-67,3,RSSI Spike
06:53:38,Ma_Box_Orange,E8:ED:F3:11:22:33,Sagemcom (Orange),-61,1,
06:53:38,Hacker_Alfa,00:C0:CA:88:99:AA,Alfa Network,-49,7,Deauth Attack
06:53:38,Ma_B0x_Orange,FF:EE:DD:44:55:66,Unknown,-65,3,RSSI Spike
06:53:40,Ma_Box_Orange,E8:ED:F3:11:22:33,Sagemcom (Orange),-59,1,
06:53:40,Hacker_Alfa,00:C0:CA:88:99:AA,Alfa Network,-51,7,Deauth Attack
06:53:40,Ma_B0x_Orange,FF:EE:DD:44:55:66,Unknown,-67,3,RSSI Spike
06:53:41,Ma_Box_Orange,E8:ED:F3:11:22:33,Sagemcom (Orange),-40,1,
06:53:41,Hacker_Alfa,00:C0:CA:88:99:AA,Alfa Network,-50,7,Deauth Attack
06:53:41,Ma_B0x_Orange,FF:EE:DD:44:55:66,Unknown,-64,3,RSSI Spike
06:53:43,Ma_Box_Orange,E8:ED:F3:11:22:33,Sagemcom (Orange),-40,1,
06:53:43,Hacker_Alfa,00:C0:CA:88:99:AA,Alfa Network,-51,7,Deauth Attack
06:53:43,Ma_B0x_Orange,FF:EE:DD:44:55:66,Unknown,-64,3,RSSI Spike
06:53:44,Ma_Box_Orange,E8:ED:F3:11:22:33,Sagemcom (Orange),-40,1,
06:53:44,Hacker_Alfa,00:C0:CA:88:99:AA,Alfa Network,-48,7,Deauth Attack
06:53:44,Ma_B0x_Orange,FF:EE:DD:44:55:66,Unknown,-65,3,RSSI Spike
06:53:46,Ma_Box_Orange,E8:ED:F3:11:22:33,Sagemcom (Orange),-61,1,
06:53:46,Hacker_Alfa,00:C0:CA:88:99:AA,Alfa Network,-48,7,Deauth Attack
06:53:46,Ma_B0x_Orange,FF:EE:DD:44:55:66,Unknown,-63,3,RSSI Spike
06:53:47,Ma_Box_Orange,E8:ED:F3:11:22:33,Sagemcom (Orange),-60,1,
06:53:47,Hacker_Alfa,00:C0:CA:88:99:AA,Alfa Network,-48,7,Deauth Attack
06:53:47,Ma_B0x_Orange,FF:EE:DD:44:55:66,Unknown,-65,3,RSSI Spike
06:53:49,Ma_Box_Orange,E8:ED:F3:11:22:33,Sagemcom (Orange),-62,1,
06:53:49,Hacker_Alfa,00:C0:CA:88:99:AA,Alfa Network,-49,7,Deauth Attack
06:53:49,Ma_B0x_Orange,FF:EE:DD:44:55:66,Unknown,-66,3,RSSI Spike
06:53:50,Ma_Box_Orange,E8:ED:F3:11:22:33,Sagemcom (Orange),-62,1,
06:53:50,Hacker_Alfa,00:C0:CA:88:99:AA,Alfa Network,-50,7,Deauth Attack
06:53:50,Ma_B0x_Orange,FF:EE:DD:44:55:66,Unknown,-63,3,RSSI Spike
06:53:52,Ma_Box_Orange,E8:ED:F3:11:22:33,Sagemcom (Orange),-59,1,
06:53:52,Hacker_Alfa,00:C0:CA:88:99:AA,Alfa Network,-48,7,Deauth Attack
06:53:52,Ma_B0x_Orange,FF:EE:DD:44:55:66,Unknown,-65,3,RSSI Spike
06:53:53,Ma_Box_Orange,E8:ED:F3:11:22:33,Sagemcom (Orange),-59,1,
06:53:53,Hacker_Alfa,00:C0:CA:88:99:AA,Alfa Network,-50,7,Deauth Attack
06:53:53,Ma_B0x_Orange,FF:EE:DD:44:55:66,Unknown,-63,3,RSSI Spike
06:53:55,Ma_Box_Orange,E8:ED:F3:11:22:33,Sagemcom (Orange),-62,1,
06:53:55,Hacker_Alfa,00:C0:CA:88:99:AA,Alfa Network,-49,7,Deauth Attack
06:53:55,Ma_B0x_Orange,FF:EE:DD:44:55:66,Unknown,-64,3,RSSI Spike
06:53:56,Ma_Box_Orange,E8:ED:F3:11:22:33,Sagemcom (Orange),-40,1,
06:53:56,Hacker_Alfa,00:C0:CA:88:99:AA,Alfa Network,-51,7,Deauth Attack
06:53:56,Ma_B0x_Orange,FF:EE:DD:44:55:66,Unknown,-63,3,RSSI Spike
06:53:58,Ma_Box_Orange,E8:ED:F3:11:22:33,Sagemcom (Orange),-40,1,
06:53:58,Hacker_Alfa,00:C0:CA:88:99:AA,Alfa Network,-48,7,Deauth Attack
06:53:58,Ma_B0x_Orange,FF:EE:DD:44:55:66,Unknown,-63,3,RSSI Spike
06:53:59,Ma_Box_Orange,E8:ED:F3:11:22:33,Sagemcom (Orange),-40,1,
06:53:59,Hacker_Alfa,00:C0:CA:88:99:AA,Alfa Network,-51,7,Deauth Attack
06:53:59,Ma_B0x_Orange,FF:EE:DD:44:55:66,Unknown,-63,3,RSSI Spike
06:54:01,Ma_Box_Orange,E8:ED:F3:11:22:33,Sagemcom (Orange),-59,1,
06:54:01,Hacker_Alfa,00:C0:CA:88:99:AA,Alfa Network,-50,7,Deauth Attack
06:54:01,Ma_B0x_Orange,FF:EE:DD:44:55:66,Unknown,-63,3,RSSI Spike
06:54:02,Ma_Box_Orange,E8:ED:F3:11:22:33,Sagemcom (Orange),-59,1,
06:54:02,Hacker_Alfa,00:C0:CA:88:99:AA,Alfa Network,-51,7,Deauth Attack
06:54:02,Ma_B0x_Orange,FF:EE:DD:44:55:66,Unknown,-67,3,RSSI Spike
06:54:04,Ma_Box_Orange,E8:ED:F3:11:22:33,Sagemcom (Orange),-58,1,
06:54:04,Hacker_Alfa,00:C0:CA:88:99:AA,Alfa Network,-49,7,Deauth Attack
06:54:04,Ma_B0x_Orange,FF:EE:DD:44:55:66,Unknown,-66,3,RSSI Spike
06:54:05,Ma_Box_Orange,E8:ED:F3:11:22:33,Sagemcom (Orange),-59,1,
06:54:05,Hacker_Alfa,00:C0:CA:88:99:AA,Alfa Network,-50,7,Deauth Attack
06:54:05,Ma_B0x_Orange,FF:EE:DD:44:55:66,Unknown,-66,3,RSSI Spike
06:54:07,Ma_Box_Orange,E8:ED:F3:11:22:33,Sagemcom (Orange),-58,1,
06:54:07,Hacker_Alfa,00:C0:CA:88:99:AA,Alfa Network,-51,7,Deauth Attack
06:54:07,Ma_B0x_Orange,FF:EE:DD:44:55:66,Unknown,-65,3,RSSI Spike
06:54:08,Ma_Box_Orange,E8:ED:F3:11:22:33,Sagemcom (Orange),-59,1,
06:54:08,Hacker_Alfa,00:C0:CA:88:99:AA,Alfa Network,-51,7,Deauth Attack
06:54:08,Ma_B0x_Orange,FF:EE:DD:44:55:66,Unknown,-67,3,RSSI Spike
06:54:10,Ma_Box_Orange,E8:ED:F3:11:22:33,Sagemcom (Orange),-61,1,
06:54:10,Hacker_Alfa,00:C0:CA:88:99:AA,Alfa Network,-51,7,Deauth Attack
06:54:10,Ma_B0x_Orange,FF:EE:DD:44:55:66,Unknown,-66,3,RSSI Spike
06:54:11,Ma_Box_Orange,E8:ED:F3:11:22:33,Sagemcom (Orange),-40,1,
06:54:11,Hacker_Alfa,00:C0:CA:88:99:AA,Alfa Network,-49,7,Deauth Attack
06:54:11,Ma_B0x_Orange,FF:EE:DD:44:55:66,Unknown,-64,3,RSSI Spike
06:54:13,Ma_Box_Orange,E8:ED:F3:11:22:33,Sagemcom (Orange),-40,1,
06:54:13,Hacker_Alfa,00:C0:CA:88:99:AA,Alfa Network,-48,7,Deauth Attack
06:54:13,Ma_B0x_Orange,FF:EE:DD:44:55:66,Unknown,-66,3,RSSI Spike
06:54:14,Ma_Box_Orange,E8:ED:F3:11:22:33,Sagemcom (Orange),-40,1,
06:54:14,Hacker_Alfa,00:C0:CA:88:99:AA,Alfa Network,-50,7,Deauth Attack
06:54:14,Ma_B0x_Orange,FF:EE:DD:44:55:66,Unknown,-65,3,RSSI Spike
06:54:16,Ma_Box_Orange,E8:ED:F3:11:22:33,Sagemcom (Orange),-59,1,
06:54:16,Hacker_Alfa,00:C0:CA:88:99:AA,Alfa Network,-51,7,Deauth Attack
06:54:16,Ma_B0x_Orange,FF:EE:DD:44:55:66,Unknown,-64,3,RSSI Spike
06:54:17,Ma_Box_Orange,E8:ED:F3:11:22:33,Sagemcom (Orange),-60,1,
06:54:17,Hacker_Alfa,00:C0:CA:88:99:AA,Alfa Network,-52,7,Deauth Attack
06:54:17,Ma_B0x_Orange,FF:EE:DD:44:55:66,Unknown,-66,3,RSSI Spike
06:54:19,Ma_Box_Orange,E8:ED:F3:11:22:33,Sagemcom (Orange),-58,1,
06:54:19,Hacker_Alfa,00:C0:CA:88:99:AA,Alfa Network,-51,7,Deauth Attack
06:54:19,Ma_B0x_Orange,FF:EE:DD:44:55:66,Unknown,-66,3,RSSI Spike
06:54:20,Ma_Box_Orange,E8:ED:F3:11:22:33,Sagemcom (Orange),-62,1,
06:54:20,Hacker_Alfa,00:C0:CA:88:99:AA,Alfa Network,-52,7,Deauth Attack
06:54:20,Ma_B0x_Orange,FF:EE:DD:44:55:66,Unknown,-64,3,RSSI Spike
06:54:22,Ma_Box_Orange,E8:ED:F3:11:22:33,Sagemcom (Orange),-59,1,
06:54:22,Hacker_Alfa,00:C0:CA:88:99:AA,Alfa Network,-50,7,Deauth Attack
06:54:22,Ma_B0x_Orange,FF:EE:DD:44:55:66,Unknown,-66,3,RSSI Spike
06:54:23,Ma_Box_Orange,E8:ED:F3:11:22:33,Sagemcom (Orange),-61,1,
06:54:23,Hacker_Alfa,00:C0:CA:88:99:AA,Alfa Network,-51,7,Deauth Attack
06:54:23,Ma_B0x_Orange,FF:EE:DD:44:55:66,Unknown,-64,3,RSSI Spike
06:54:25,Ma_Box_Orange,E8:ED:F3:11:22:33,Sagemcom (Orange),-59,1,
06:54:25,Hacker_Alfa,00:C0:CA:88:99:AA,Alfa Network,-51,7,Deauth Attack
06:54:25,Ma_B0x_Orange,FF:EE:DD:44:55:66,Unknown,-65,3,RSSI Spike
06:54:26,Ma_Box_Orange,E8:ED:F3:11:22:33,Sagemcom (Orange),-40,1,
06:54:26,Hacker_Alfa,00:C0:CA:88:99:AA,Alfa Network,-51,7,Deauth Attack
06:54:26,Ma_B0x_Orange,FF:EE:DD:44:55:66,Unknown,-67,3,RSSI Spike
06:54:28,Ma_Box_Orange,E8:ED:F3:11:22:33,Sagemcom (Orange),-40,1,
06:54:28,Hacker_Alfa,00:C0:CA:88:99:AA,Alfa Network,-50,7,Deauth Attack
06:54:28,Ma_B0x_Orange,FF:EE:DD:44:55:66,Unknown,-66,3,RSSI Spike
06:54:29,Ma_Box_Orange,E8:ED:F3:11:22:33,Sagemcom (Orange),-40,1,
06:54:29,Hacker_Alfa,00:C0:CA:88:99:AA,Alfa Network,-52,7,Deauth Attack
06:54:29,Ma_B0x_Orange,FF:EE:DD:44:55:66,Unknown,-66,3,RSSI Spike
06:54:31,Ma_Box_Orange,E8:ED:F3:11:22:33,Sagemcom (Orange),-58,1,
06:54:31,Hacker_Alfa,00:C0:CA:88:99:AA,Alfa Network,-51,7,Deauth Attack
06:54:31,Ma_B0x_Orange,FF:EE:DD:44:55:66,Unknown,-64,3,RSSI Spike
06:54:32,Ma_Box_Orange,E8:ED:F3:11:22:33,Sagemcom (Orange),-62,1,
06:54:32,Hacker_Alfa,00:C0:CA:88:99:AA,Alfa Network,-50,7,Deauth Attack
06:54:32,Ma_B0x_Orange,FF:EE:DD:44:55:66,Unknown,-67,3,RSSI Spike
06:54:34,Ma_Box_Orange,E8:ED:F3:11:22:33,Sagemcom (Orange),-62,1,
06:54:34,Hacker_Alfa,00:C0:CA:88:99:AA,Alfa Network,-52,7,Deauth Attack
06:54:34,Ma_B0x_Orange,FF:EE:DD:44:55:66,Unknown,-66,3,RSSI Spike
06:54:35,Ma_Box_Orange,E8:ED:F3:11:22:33,Sagemcom (Orange),-61,1,
06:54:35,Hacker_Alfa,00:C0:CA:88:99:AA,Alfa Network,-48,7,Deauth Attack
06:54:35,Ma_B0x_Orange,FF:EE:DD:44:55:66,Unknown,-67,3,RSSI Spike
06:54:37,Ma_Box_Orange,E8:ED:F3:11:22:33,Sagemcom (Orange),-62,1,
06:54:37,Hacker_Alfa,00:C0:CA:88:99:AA,Alfa Network,-50,7,Deauth Attack
06:54:37,Ma_B0x_Orange,FF:EE:DD:44:55:66,Unknown,-65,3,RSSI Spike
06:54:38,Ma_Box_Orange,E8:ED:F3:11:22:33,Sagemcom (Orange),-58,1,
06:54:38,Hacker_Alfa,00:C0:CA:88:99:AA,Alfa Network,-49,7,Deauth Attack
06:54:38,Ma_B0x_Orange,FF:EE:DD:44:55:66,Unknown,-66,3,RSSI Spike
06:54:40,Ma_Box_Orange,E8:ED:F3:11:22:33,Sagemcom (Orange),-58,1,
06:54:40,Hacker_Alfa,00:C0:CA:88:99:AA,Alfa Network,-51,7,Deauth Attack
06:54:40,Ma_B0x_Orange,FF:EE:DD:44:55:66,Unknown,-63,3,RSSI Spike
06:54:41,Ma_Box_Orange,E8:ED:F3:11:22:33,Sagemcom (Orange),-40,1,
06:54:41,Hacker_Alfa,00:C0:CA:88:99:AA,Alfa Network,-51,7,Deauth Attack
06:54:41,Ma_B0x_Orange,FF:EE:DD:44:55:66,Unknown,-63,3,RSSI Spike
06:54:43,Ma_Box_Orange,E8:ED:F3:11:22:33,Sagemcom (Orange),-40,1,
06:54:43,Hacker_Alfa,00:C0:CA:88:99:AA,Alfa Network,-51,7,Deauth Attack
06:54:43,Ma_B0x_Orange,FF:EE:DD:44:55:66,Unknown,-64,3,RSSI Spike
06:54:44,Ma_Box_Orange,E8:ED:F3:11:22:33,Sagemcom (Orange),-40,1,
06:54:44,Hacker_Alfa,00:C0:CA:88:99:AA,Alfa Network,-49,7,Deauth Attack
06:54:44,Ma_B0x_Orange,FF:EE:DD:44:55:66,Unknown,-63,3,RSSI Spike
06:54:46,Ma_Box_Orange,E8:ED:F3:11:22:33,Sagemcom (Orange),-62,1,
06:54:46,Hacker_Alfa,00:C0:CA:88:99:AA,Alfa Network,-49,7,Deauth Attack
06:54:46,Ma_B0x_Orange,FF:EE:DD:44:55:66,Unknown,-67,3,RSSI Spike
06:54:47,Ma_Box_Orange,E8:ED:F3:11:22:33,Sagemcom (Orange),-60,1,
06:54:47,Hacker_Alfa,00:C0:CA:88:99:AA,Alfa Network,-52,7,Deauth Attack
06:54:47,Ma_B0x_Orange,FF:EE:DD:44:55:66,Unknown,-66,3,RSSI Spike
06:54:49,Ma_Box_Orange,E8:ED:F3:11:22:33,Sagemcom (Orange),-58,1,
06:54:49,Hacker_Alfa,00:C0:CA:88:99:AA,Alfa Network,-51,7,Deauth Attack
06:54:49,Ma_B0x_Orange,FF:EE:DD:44:55:66,Unknown,-65,3,RSSI Spike
06:54:50,Ma_Box_Orange,E8:ED:F3:11:22:33,Sagemcom (Orange),-62,1,
06:54:50,Hacker_Alfa,00:C0:CA:88:99:AA,Alfa Network,-49,7,Deauth Attack
06:54:50,Ma_B0x_Orange,FF:EE:DD:44:55:66,Unknown,-64,3,RSSI Spike
06:54:52,Ma_Box_Orange,E8:ED:F3:11:22:33,Sagemcom (Orange),-61,1,
06:54:52,Hacker_Alfa,00:C0:CA:88:99:AA,Alfa Network,-49,7,Deauth Attack
06:54:52,Ma_B0x_Orange,FF:EE:DD:44:55:66,Unknown,-64,3,RSSI Spike
06:54:53,Ma_Box_Orange,E8:ED:F3:11:22:33,Sagemcom (Orange),-60,1,
06:54:53,Hacker_Alfa,00:C0:CA:88:99:AA,Alfa Network,-50,7,Deauth Attack
06:54:53,Ma_B0x_Orange,FF:EE:DD:44:55:66,Unknown,-63,3,RSSI Spike
06:54:55,Ma_Box_Orange,E8:ED:F3:11:22:33,Sagemcom (Orange),-59,1,
06:54:55,Hacker_Alfa,00:C0:CA:88:99:AA,Alfa Network,-51,7,Deauth Attack
06:54:55,Ma_B0x_Orange,FF:EE:DD:44:55:66,Unknown,-65,3,RSSI Spike
06:54:56,Ma_Box_Orange,E8:ED:F3:11:22:33,Sagemcom (Orange),-40,1,
06:54:56,Hacker_Alfa,00:C0:CA:88:99:AA,Alfa Network,-49,7,Deauth Attack
06:54:56,Ma_B0x_Orange,FF:EE:DD:44:55:66,Unknown,-65,3,RSSI Spike
06:54:58,Ma_Box_Orange,E8:ED:F3:11:22:33,Sagemcom (Orange),-40,1,
06:54:58,Hacker_Alfa,00:C0:CA:88:99:AA,Alfa Network,-51,7,Deauth Attack
06:54:58,Ma_B0x_Orange,FF:EE:DD:44:55:66,Unknown,-65,3,RSSI Spike
06:54:59,Ma_Box_Orange,E8:ED:F3:11:22:33,Sagemcom (Orange),-40,1,
06:54:59,Hacker_Alfa,00:C0:CA:88:99:AA,Alfa Network,-51,7,Deauth Attack
06:54:59,Ma_B0x_Orange,FF:EE:DD:44:55:66,Unknown,-67,3,RSSI Spike
06:55:01,Ma_Box_Orange,E8:ED:F3:11:22:33,Sagemcom (Orange),-59,1,
06:55:01,Hacker_Alfa,00:C0:CA:88:99:AA,Alfa Network,-51,7,Deauth Attack
06:55:01,Ma_B0x_Orange,FF:EE:DD:44:55:66,Unknown,-64,3,RSSI Spike
06:55:02,Ma_Box_Orange,E8:ED:F3:11:22:33,Sagemcom (Orange),-58,1,
06:55:02,Hacker_Alfa,00:C0:CA:88:99:AA,Alfa Network,-48,7,Deauth Attack
06:55:02,Ma_B0x_Orange,FF:EE:DD:44:55:66,Unknown,-64,3,RSSI Spike
06:55:04,Ma_Box_Orange,E8:ED:F3:11:22:33,Sagemcom (Orange),-61,1,
06:55:04,Hacker_Alfa,00:C0:CA:88:99:AA,Alfa Network,-48,7,Deauth Attack
06:55:04,Ma_B0x_Orange,FF:EE:DD:44:55:66,Unknown,-63,3,RSSI Spike
06:55:05,Ma_Box_Orange,E8:ED:F3:11:22:33,Sagemcom (Orange),-61,1,
06:55:05,Hacker_Alfa,00:C0:CA:88:99:AA,Alfa Network,-52,7,Deauth Attack
06:55:05,Ma_B0x_Orange,FF:EE:DD:44:55:66,Unknown,-66,3,RSSI Spike
06:55:07,Ma_Box_Orange,E8:ED:F3:11:22:33,Sagemcom (Orange),-58,1,
06:55:07,Hacker_Alfa,00:C0:CA:88:99:AA,Alfa Network,-49,7,Deauth Attack
06:55:07,Ma_B0x_Orange,FF:EE:DD:44:55:66,Unknown,-67,3,RSSI Spike
06:55:08,Ma_Box_Orange,E8:ED:F3:11:22:33,Sagemcom (Orange),-59,1,
06:55:08,Hacker_Alfa,00:C0:CA:88:99:AA,Alfa Network,-52,7,Deauth Attack
06:55:08,Ma_B0x_Orange,FF:EE:DD:44:55:66,Unknown,-65,3,RSSI Spike
06:55:10,Ma_Box_Orange,E8:ED:F3:11:22:33,Sagemcom (Orange),-60,1,
06:55:10,Hacker_Alfa,00:C0:CA:88:99:AA,Alfa Network,-49,7,Deauth Attack
06:55:10,Ma_B0x_Orange,FF:EE:DD:44:55:66,Unknown,-67,3,RSSI Spike
06:55:11,Ma_Box_Orange,E8:ED:F3:11:22:33,Sagemcom (Orange),-40,1,
06:55:11,Hacker_Alfa,00:C0:CA:88:99:AA,Alfa Network,-51,7,Deauth Attack
06:55:11,Ma_B0x_Orange,FF:EE:DD:44:55:66,Unknown,-64,3,RSSI Spike
06:55:13,Ma_Box_Orange,E8:ED:F3:11:22:33,Sagemcom (Orange),-40,1,
06:55:13,Hacker_Alfa,00:C0:CA:88:99:AA,Alfa Network,-49,7,Deauth Attack
06:55:13,Ma_B0x_Orange,FF:EE:DD:44:55:66,Unknown,-67,3,RSSI Spike
06:55:14,Ma_Box_Orange,E8:ED:F3:11:22:33,Sagemcom (Orange),-40,1,
06:55:14,Hacker_Alfa,00:C0:CA:88:99:AA,Alfa Network,-50,7,Deauth Attack
06:55:14,Ma_B0x_Orange,FF:EE:DD:44:55:66,Unknown,-64,3,RSSI Spike
06:55:16,Ma_Box_Orange,E8:ED:F3:11:22:33,Sagemcom (Orange),-61,1,
06:55:16,Hacker_Alfa,00:C0:CA:88:99:AA,Alfa Network,-48,7,Deauth Attack
06:55:16,Ma_B0x_Orange,FF:EE:DD:44:55:66,Unknown,-67,3,RSSI Spike
06:55:17,Ma_Box_Orange,E8:ED:F3:11:22:33,Sagemcom (Orange),-59,1,
06:55:17,Hacker_Alfa,00:C0:CA:88:99:AA,Alfa Network,-52,7,Deauth Attack
06:55:17,Ma_B0x_Orange,FF:EE:DD:44:55:66,Unknown,-66,3,RSSI Spike
06:55:19,Ma_Box_Orange,E8:ED:F3:11:22:33,Sagemcom (Orange),-60,1,
06:55:19,Hacker_Alfa,00:C0:CA:88:99:AA,Alfa Network,-49,7,Deauth Attack
06:55:19,Ma_B0x_Orange,FF:EE:DD:44:55:66,Unknown,-65,3,RSSI Spike
06:55:20,Ma_Box_Orange,E8:ED:F3:11:22:33,Sagemcom (Orange),-61,1,
06:55:20,Hacker_Alfa,00:C0:CA:88:99:AA,Alfa Network,-52,7,Deauth Attack
06:55:20,Ma_B0x_Orange,FF:EE:DD:44:55:66,Unknown,-63,3,RSSI Spike
06:55:22,Ma_Box_Orange,E8:ED:F3:11:22:33,Sagemcom (Orange),-61,1,
06:55:22,Hacker_Alfa,00:C0:CA:88:99:AA,Alfa Network,-49,7,Deauth Attack
06:55:22,Ma_B0x_Orange,FF:EE:DD:44:55:66,Unknown,-67,3,RSSI Spike
06:55:23,Ma_Box_Orange,E8:ED:F3:11:22:33,Sagemcom (Orange),-62,1,
06:55:23,Hacker_Alfa,00:C0:CA:88:99:AA,Alfa Network,-48,7,Deauth Attack
06:55:23,Ma_B0x_Orange,FF:EE:DD:44:55:66,Unknown,-65,3,RSSI Spike
06:55:25,Ma_Box_Orange,E8:ED:F3:11:22:33,Sagemcom (Orange),-58,1,
06:55:25,Hacker_Alfa,00:C0:CA:88:99:AA,Alfa Network,-48,7,Deauth Attack
06:55:25,Ma_B0x_Orange,FF:EE:DD:44:55:66,Unknown,-64,3,RSSI Spike
06:55:26,Ma_Box_Orange,E8:ED:F3:11:22:33,Sagemcom (Orange),-40,1,
06:55:26,Hacker_Alfa,00:C0:CA:88:99:AA,Alfa Network,-49,7,Deauth Attack
06:55:26,Ma_B0x_Orange,FF:EE:DD:44:55:66,Unknown,-65,3,RSSI Spike
06:55:28,Ma_Box_Orange,E8:ED:F3:11:22:33,Sagemcom (Orange),-40,1,
06:55:28,Hacker_Alfa,00:C0:CA:88:99:AA,Alfa Network,-51,7,Deauth Attack
06:55:28,Ma_B0x_Orange,FF:EE:DD:44:55:66,Unknown,-63,3,RSSI Spike
06:55:29,Ma_Box_Orange,E8:ED:F3:11:22:33,Sagemcom (Orange),-40,1,
06:55:29,Hacker_Alfa,00:C0:CA:88:99:AA,Alfa Network,-52,7,Deauth Attack
06:55:29,Ma_B0x_Orange,FF:EE:DD:44:55:66,Unknown,-63,3,RSSI Spike
06:55:31,Ma_Box_Orange,E8:ED:F3:11:22:33,Sagemcom (Orange),-58,1,
06:55:31,Hacker_Alfa,00:C0:CA:88:99:AA,Alfa Network,-48,7,Deauth Attack
06:55:31,Ma_B0x_Orange,FF:EE:DD:44:55:66,Unknown,-67,3,RSSI Spike
06:55:32,Ma_Box_Orange,E8:ED:F3:11:22:33,Sagemcom (Orange),-59,1,
06:55:32,Hacker_Alfa,00:C0:CA:88:99:AA,Alfa Network,-52,7,Deauth Attack
06:55:32,Ma_B0x_Orange,FF:EE:DD:44:55:66,Unknown,-64,3,RSSI Spike
06:55:34,Ma_Box_Orange,E8:ED:F3:11:22:33,Sagemcom (Orange),-62,1,
06:55:34,Hacker_Alfa,00:C0:CA:88:99:AA,Alfa Network,-52,7,Deauth Attack
06:55:34,Ma_B0x_Orange,FF:EE:DD:44:55:66,Unknown,-66,3,RSSI Spike
06:55:35,Ma_Box_Orange,E8:ED:F3:11:22:33,Sagemcom (Orange),-59,1,
06:55:35,Hacker_Alfa,00:C0:CA:88:99:AA,Alfa Network,-52,7,Deauth Attack
06:55:35,Ma_B0x_Orange,FF:EE:DD:44:55:66,Unknown,-63,3,RSSI Spike
06:55:37,Ma_Box_Orange,E8:ED:F3:11:22:33,Sagemcom (Orange),-58,1,
06:55:37,Hacker_Alfa,00:C0:CA:88:99:AA,Alfa Network,-52,7,Deauth Attack
06:55:37,Ma_B0x_Orange,FF:EE:DD:44:55:66,Unknown,-64,3,RSSI Spike
06:55:38,Ma_Box_Orange,E8:ED:F3:11:22:33,Sagemcom (Orange),-62,1,
06:55:38,Hacker_Alfa,00:C0:CA:88:99:AA,Alfa Network,-49,7,Deauth Attack
06:55:38,Ma_B0x_Orange,FF:EE:DD:44:55:66,Unknown,-66,3,RSSI Spike
06:55:40,Ma_Box_Orange,E8:ED:F3:11:22:33,Sagemcom (Orange),-59,1,
06:55:40,Hacker_Alfa,00:C0:CA:88:99:AA,Alfa Network,-52,7,Deauth Attack
06:55:40,Ma_B0x_Orange,FF:EE:DD:44:55:66,Unknown,-66,3,RSSI Spike
06:55:41,Ma_Box_Orange,E8:ED:F3:11:22:33,Sagemcom (Orange),-40,1,
06:55:41,Hacker_Alfa,00:C0:CA:88:99:AA,Alfa Network,-50,7,Deauth Attack
06:55:41,Ma_B0x_Orange,FF:EE:DD:44:55:66,Unknown,-63,3,RSSI Spike
06:55:43,Ma_Box_Orange,E8:ED:F3:11:22:33,Sagemcom (Orange),-40,1,
06:55:43,Hacker_Alfa,00:C0:CA:88:99:AA,Alfa Network,-52,7,Deauth Attack
06:55:43,Ma_B0x_Orange,FF:EE:DD:44:55:66,Unknown,-64,3,RSSI Spike
06:55:44,Ma_Box_Orange,E8:ED:F3:11:22:33,Sagemcom (Orange),-40,1,
06:55:44,Hacker_Alfa,00:C0:CA:88:99:AA,Alfa Network,-49,7,Deauth Attack
06:55:44,Ma_B0x_Orange,FF:EE:DD:44:55:66,Unknown,-64,3,RSSI Spike
06:55:46,Ma_Box_Orange,E8:ED:F3:11:22:33,Sagemcom (Orange),-58,1,
06:55:46,Hacker_Alfa,00:C0:CA:88:99:AA,Alfa Network,-52,7,Deauth Attack
06:55:46,Ma_B0x_Orange,FF:EE:DD:44:55:66,Unknown,-65,3,RSSI Spike
06:55:47,Ma_Box_Orange,E8:ED:F3:11:22:33,Sagemcom (Orange),-61,1,
06:55:47,Hacker_Alfa,00:C0:CA:88:99:AA,Alfa Network,-48,7,Deauth Attack
06:55:47,Ma_B0x_Orange,FF:EE:DD:44:55:66,Unknown,-66,3,RSSI Spike
06:55:49,Ma_Box_Orange,E8:ED:F3:11:22:33,Sagemcom (Orange),-60,1,
06:55:49,Hacker_Alfa,00:C0:CA:88:99:AA,Alfa Network,-52,7,Deauth Attack
06:55:49,Ma_B0x_Orange,FF:EE:DD:44:55:66,Unknown,-63,3,RSSI Spike
06:55:50,Ma_Box_Orange,E8:ED:F3:11:22:33,Sagemcom (Orange),-61,1,
06:55:50,Hacker_Alfa,00:C0:CA:88:99:AA,Alfa Network,-48,7,Deauth Attack
06:55:50,Ma_B0x_Orange,FF:EE:DD:44:55:66,Unknown,-64,3,RSSI Spike
06:55:52,Ma_Box_Orange,E8:ED:F3:11:22:33,Sagemcom (Orange),-61,1,
06:55:52,Hacker_Alfa,00:C0:CA:88:99:AA,Alfa Network,-52,7,Deauth Attack
06:55:52,Ma_B0x_Orange,FF:EE:DD:44:55:66,Unknown,-65,3,RSSI Spike
06:55:53,Ma_Box_Orange,E8:ED:F3:11:22:33,Sagemcom (Orange),-61,1,
06:55:53,Hacker_Alfa,00:C0:CA:88:99:AA,Alfa Network,-49,7,Deauth Attack
06:55:53,Ma_B0x_Orange,FF:EE:DD:44:55:66,Unknown,-65,3,RSSI Spike
06:55:55,Ma_Box_Orange,E8:ED:F3:11:22:33,Sagemcom (Orange),-62,1,
06:55:55,Hacker_Alfa,00:C0:CA:88:99:AA,Alfa Network,-52,7,Deauth Attack
06:55:55,Ma_B0x_Orange,FF:EE:DD:44:55:66,Unknown,-65,3,RSSI Spike
06:55:56,Ma_Box_Orange,E8:ED:F3:11:22:33,Sagemcom (Orange),-40,1,
06:55:56,Hacker_Alfa,00:C0:CA:88:99:AA,Alfa Network,-50,7,Deauth Attack
06:55:56,Ma_B0x_Orange,FF:EE:DD:44:55:66,Unknown,-67,3,RSSI Spike
06:55:58,Ma_Box_Orange,E8:ED:F3:11:22:33,Sagemcom (Orange),-40,1,
06:55:58,Hacker_Alfa,00:C0:CA:88:99:AA,Alfa Network,-49,7,Deauth Attack
06:55:58,Ma_B0x_Orange,FF:EE:DD:44:55:66,Unknown,-66,3,RSSI Spike
06:55:59,Ma_Box_Orange,E8:ED:F3:11:22:33,Sagemcom (Orange),-40,1,
06:55:59,Hacker_Alfa,00:C0:CA:88:99:AA,Alfa Network,-48,7,Deauth Attack
06:55:59,Ma_B0x_Orange,FF:EE:DD:44:55:66,Unknown,-65,3,RSSI Spike
06:56:01,Ma_Box_Orange,E8:ED:F3:11:22:33,Sagemcom (Orange),-58,1,
06:56:01,Hacker_Alfa,00:C0:CA:88:99:AA,Alfa Network,-49,7,Deauth Attack
06:56:01,Ma_B0x_Orange,FF:EE:DD:44:55:66,Unknown,-65,3,RSSI Spike
06:56:02,Ma_Box_Orange,E8:ED:F3:11:22:33,Sagemcom (Orange),-60,1,
06:56:02,Hacker_Alfa,00:C0:CA:88:99:AA,Alfa Network,-48,7,Deauth Attack
06:56:02,Ma_B0x_Orange,FF:EE:DD:44:55:66,Unknown,-64,3,RSSI Spike
06:56:04,Ma_Box_Orange,E8:ED:F3:11:22:33,Sagemcom (Orange),-59,1,
06:56:04,Hacker_Alfa,00:C0:CA:88:99:AA,Alfa Network,-50,7,Deauth Attack
06:56:04,Ma_B0x_Orange,FF:EE:DD:44:55:66,Unknown,-67,3,RSSI Spike
06:56:05,Ma_Box_Orange,E8:ED:F3:11:22:33,Sagemcom (Orange),-58,1,
06:56:05,Hacker_Alfa,00:C0:CA:88:99:AA,Alfa Network,-51,7,Deauth Attack
06:56:05,Ma_B0x_Orange,FF:EE:DD:44:55:66,Unknown,-66,3,RSSI Spike
06:56:07,Ma_Box_Orange,E8:ED:F3:11:22:33,Sagemcom (Orange),-58,1,
06:56:07,Hacker_Alfa,00:C0:CA:88:99:AA,Alfa Network,-50,7,Deauth Attack
06:56:07,Ma_B0x_Orange,FF:EE:DD:44:55:66,Unknown,-63,3,RSSI Spike
06:56:08,Ma_Box_Orange,E8:ED:F3:11:22:33,Sagemcom (Orange),-60,1,
06:56:08,Hacker_Alfa,00:C0:CA:88:99:AA,Alfa Network,-50,7,Deauth Attack
06:56:08,Ma_B0x_Orange,FF:EE:DD:44:55:66,Unknown,-66,3,RSSI Spike
06:56:10,Ma_Box_Orange,E8:ED:F3:11:22:33,Sagemcom (Orange),-60,1,
06:56:10,Hacker_Alfa,00:C0:CA:88:99:AA,Alfa Network,-50,7,Deauth Attack
06:56:10,Ma_B0x_Orange,FF:EE:DD:44:55:66,Unknown,-65,3,RSSI Spike
06:56:11,Ma_Box_Orange,E8:ED:F3:11:22:33,Sagemcom (Orange),-40,1,
06:56:11,Hacker_Alfa,00:C0:CA:88:99:AA,Alfa Network,-50,7,Deauth Attack
06:56:11,Ma_B0x_Orange,FF:EE:DD:44:55:66,Unknown,-65,3,RSSI Spike
06:56:13,Ma_Box_Orange,E8:ED:F3:11:22:33,Sagemcom (Orange),-40,1,
06:56:13,Hacker_Alfa,00:C0:CA:88:99:AA,Alfa Network,-49,7,Deauth Attack
06:56:13,Ma_B0x_Orange,FF:EE:DD:44:55:66,Unknown,-63,3,RSSI Spike
06:56:14,Ma_Box_Orange,E8:ED:F3:11:22:33,Sagemcom (Orange),-40,1,
06:56:14,Hacker_Alfa,00:C0:CA:88:99:AA,Alfa Network,-52,7,Deauth Attack
06:56:14,Ma_B0x_Orange,FF:EE:DD:44:55:66,Unknown,-65,3,RSSI Spike
06:56:16,Ma_Box_Orange,E8:ED:F3:11:22:33,Sagemcom (Orange),-58,1,
06:56:16,Hacker_Alfa,00:C0:CA:88:99:AA,Alfa Network,-49,7,Deauth Attack
06:56:16,Ma_B0x_Orange,FF:EE:DD:44:55:66,Unknown,-64,3,RSSI Spike
06:56:17,Ma_Box_Orange,E8:ED:F3:11:22:33,Sagemcom (Orange),-58,1,
06:56:17,Hacker_Alfa,00:C0:CA:88:99:AA,Alfa Network,-52,7,Deauth Attack
06:56:17,Ma_B0x_Orange,FF:EE:DD:44:55:66,Unknown,-64,3,RSSI Spike
06:56:19,Ma_Box_Orange,E8:ED:F3:11:22:33,Sagemcom (Orange),-60,1,
06:56:19,Hacker_Alfa,00:C0:CA:88:99:AA,Alfa Network,-49,7,Deauth Attack
06:56:19,Ma_B0x_Orange,FF:EE:DD:44:55:66,Unknown,-66,3,RSSI Spike
06:56:20,Ma_Box_Orange,E8:ED:F3:11:22:33,Sagemcom (Orange),-60,1,
06:56:20,Hacker_Alfa,00:C0:CA:88:99:AA,Alfa Network,-49,7,Deauth Attack
06:56:20,Ma_B0x_Orange,FF:EE:DD:44:55:66,Unknown,-67,3,RSSI Spike
06:56:22,Ma_Box_Orange,E8:ED:F3:11:22:33,Sagemcom (Orange),-58,1,
06:56:22,Hacker_Alfa,00:C0:CA:88:99:AA,Alfa Network,-51,7,Deauth Attack
06:56:22,Ma_B0x_Orange,FF:EE:DD:44:55:66,Unknown,-66,3,RSSI Spike
06:56:23,Ma_Box_Orange,E8:ED:F3:11:22:33,Sagemcom (Orange),-61,1,
06:56:23,Hacker_Alfa,00:C0:CA:88:99:AA,Alfa Network,-50,7,Deauth Attack
06:56:23,Ma_B0x_Orange,FF:EE:DD:44:55:66,Unknown,-63,3,RSSI Spike
06:56:25,Ma_Box_Orange,E8:ED:F3:11:22:33,Sagemcom (Orange),-60,1,
06:56:25,Hacker_Alfa,00:C0:CA:88:99:AA,Alfa Network,-51,7,Deauth Attack
06:56:25,Ma_B0x_Orange,FF:EE:DD:44:55:66,Unknown,-63,3,RSSI Spike
06:56:26,Ma_Box_Orange,E8:ED:F3:11:22:33,Sagemcom (Orange),-40,1,
06:56:26,Hacker_Alfa,00:C0:CA:88:99:AA,Alfa Network,-49,7,Deauth Attack
06:56:26,Ma_B0x_Orange,FF:EE:DD:44:55:66,Unknown,-64,3,RSSI Spike
06:56:28,Ma_Box_Orange,E8:ED:F3:11:22:33,Sagemcom (Orange),-40,1,
06:56:28,Hacker_Alfa,00:C0:CA:88:99:AA,Alfa Network,-48,7,Deauth Attack
06:56:28,Ma_B0x_Orange,FF:EE:DD:44:55:66,Unknown,-65,3,RSSI Spike
06:56:29,Ma_Box_Orange,E8:ED:F3:11:22:33,Sagemcom (Orange),-40,1,
06:56:29,Hacker_Alfa,00:C0:CA:88:99:AA,Alfa Network,-52,7,Deauth Attack
06:56:29,Ma_B0x_Orange,FF:EE:DD:44:55:66,Unknown,-65,3,RSSI Spike
06:56:31,Ma_Box_Orange,E8:ED:F3:11:22:33,Sagemcom (Orange),-60,1,
06:56:31,Hacker_Alfa,00:C0:CA:88:99:AA,Alfa Network,-52,7,Deauth Attack
06:56:31,Ma_B0x_Orange,FF:EE:DD:44:55:66,Unknown,-67,3,RSSI Spike
06:56:32,Ma_Box_Orange,E8:ED:F3:11:22:33,Sagemcom (Orange),-62,1,
06:56:32,Hacker_Alfa,00:C0:CA:88:99:AA,Alfa Network,-49,7,Deauth Attack
06:56:32,Ma_B0x_Orange,FF:EE:DD:44:55:66,Unknown,-67,3,RSSI Spike
06:56:34,Ma_Box_Orange,E8:ED:F3:11:22:33,Sagemcom (Orange),-58,1,
06:56:34,Hacker_Alfa,00:C0:CA:88:99:AA,Alfa Network,-51,7,Deauth Attack
06:56:34,Ma_B0x_Orange,FF:EE:DD:44:55:66,Unknown,-67,3,RSSI Spike
06:56:35,Ma_Box_Orange,E8:ED:F3:11:22:33,Sagemcom (Orange),-60,1,
06:56:35,Hacker_Alfa,00:C0:CA:88:99:AA,Alfa Network,-48,7,Deauth Attack
06:56:35,Ma_B0x_Orange,FF:EE:DD:44:55:66,Unknown,-65,3,RSSI Spike
06:56:37,Ma_Box_Orange,E8:ED:F3:11:22:33,Sagemcom (Orange),-60,1,
06:56:37,Hacker_Alfa,00:C0:CA:88:99:AA,Alfa Network,-52,7,Deauth Attack
06:56:37,Ma_B0x_Orange,FF:EE:DD:44:55:66,Unknown,-64,3,RSSI Spike
06:56:38,Ma_Box_Orange,E8:ED:F3:11:22:33,Sagemcom (Orange),-62,1,
06:56:38,Hacker_Alfa,00:C0:CA:88:99:AA,Alfa Network,-49,7,Deauth Attack
06:56:38,Ma_B0x_Orange,FF:EE:DD:44:55:66,Unknown,-65,3,RSSI Spike
06:56:40,Ma_Box_Orange,E8:ED:F3:11:22:33,Sagemcom (Orange),-60,1,
06:56:40,Hacker_Alfa,00:C0:CA:88:99:AA,Alfa Network,-49,7,Deauth Attack
06:56:40,Ma_B0x_Orange,FF:EE:DD:44:55:66,Unknown,-64,3,RSSI Spike
06:56:41,Ma_Box_Orange,E8:ED:F3:11:22:33,Sagemcom (Orange),-40,1,
06:56:41,Hacker_Alfa,00:C0:CA:88:99:AA,Alfa Network,-48,7,Deauth Attack
06:56:41,Ma_B0x_Orange,FF:EE:DD:44:55:66,Unknown,-66,3,RSSI Spike
06:56:43,Ma_Box_Orange,E8:ED:F3:11:22:33,Sagemcom (Orange),-40,1,
06:56:43,Hacker_Alfa,00:C0:CA:88:99:AA,Alfa Network,-48,7,Deauth Attack
06:56:43,Ma_B0x_Orange,FF:EE:DD:44:55:66,Unknown,-63,3,RSSI Spike
06:56:44,Ma_Box_Orange,E8:ED:F3:11:22:33,Sagemcom (Orange),-40,1,
06:56:44,Hacker_Alfa,00:C0:CA:88:99:AA,Alfa Network,-50,7,Deauth Attack
06:56:44,Ma_B0x_Orange,FF:EE:DD:44:55:66,Unknown,-63,3,RSSI Spike
06:56:46,Ma_Box_Orange,E8:ED:F3:11:22:33,Sagemcom (Orange),-60,1,
06:56:46,Hacker_Alfa,00:C0:CA:88:99:AA,Alfa Network,-49,7,Deauth Attack
06:56:46,Ma_B0x_Orange,FF:EE:DD:44:55:66,Unknown,-64,3,RSSI Spike
06:56:47,Ma_Box_Orange,E8:ED:F3:11:22:33,Sagemcom (Orange),-60,1,
06:56:47,Hacker_Alfa,00:C0:CA:88:99:AA,Alfa Network,-51,7,Deauth Attack
06:56:47,Ma_B0x_Orange,FF:EE:DD:44:55:66,Unknown,-65,3,RSSI Spike
06:56:49,Ma_Box_Orange,E8:ED:F3:11:22:33,Sagemcom (Orange),-62,1,
06:56:49,Hacker_Alfa,00:C0:CA:88:99:AA,Alfa Network,-51,7,Deauth Attack
06:56:49,Ma_B0x_Orange,FF:EE:DD:44:55:66,Unknown,-66,3,RSSI Spike
06:56:50,Ma_Box_Orange,E8:ED:F3:11:22:33,Sagemcom (Orange),-58,1,
06:56:50,Hacker_Alfa,00:C0:CA:88:99:AA,Alfa Network,-48,7,Deauth Attack
06:56:50,Ma_B0x_Orange,FF:EE:DD:44:55:66,Unknown,-66,3,RSSI Spike
06:56:52,Ma_Box_Orange,E8:ED:F3:11:22:33,Sagemcom (Orange),-59,1,
06:56:52,Hacker_Alfa,00:C0:CA:88:99:AA,Alfa Network,-49,7,Deauth Attack
06:56:52,Ma_B0x_Orange,FF:EE:DD:44:55:66,Unknown,-67,3,RSSI Spike
06:56:53,Ma_Box_Orange,E8:ED:F3:11:22:33,Sagemcom (Orange),-60,1,
06:56:53,Hacker_Alfa,00:C0:CA:88:99:AA,Alfa Network,-49,7,Deauth Attack
06:56:53,Ma_B0x_Orange,FF:EE:DD:44:55:66,Unknown,-66,3,RSSI Spike
06:56:55,Ma_Box_Orange,E8:ED:F3:11:22:33,Sagemcom (Orange),-62,1,
06:56:55,Hacker_Alfa,00:C0:CA:88:99:AA,Alfa Network,-51,7,Deauth Attack
06:56:55,Ma_B0x_Orange,FF:EE:DD:44:55:66,Unknown,-67,3,RSSI Spike
06:56:56,Ma_Box_Orange,E8:ED:F3:11:22:33,Sagemcom (Orange),-40,1,
06:56:56,Hacker_Alfa,00:C0:CA:88:99:AA,Alfa Network,-48,7,Deauth Attack
06:56:56,Ma_B0x_Orange,FF:EE:DD:44:55:66,Unknown,-67,3,RSSI Spike
06:56:58,Ma_Box_Orange,E8:ED:F3:11:22:33,Sagemcom (Orange),-40,1,
06:56:58,Hacker_Alfa,00:C0:CA:88:99:AA,Alfa Network,-49,7,Deauth Attack
06:56:58,Ma_B0x_Orange,FF:EE:DD:44:55:66,Unknown,-66,3,RSSI Spike
06:56:59,Ma_Box_Orange,E8:ED:F3:11:22:33,Sagemcom (Orange),-40,1,
06:56:59,Hacker_Alfa,00:C0:CA:88:99:AA,Alfa Network,-49,7,Deauth Attack
06:56:59,Ma_B0x_Orange,FF:EE:DD:44:55:66,Unknown,-66,3,RSSI Spike
06:57:01,Ma_Box_Orange,E8:ED:F3:11:22:33,Sagemcom (Orange),-61,1,
06:57:01,Hacker_Alfa,00:C0:CA:88:99:AA,Alfa Network,-48,7,Deauth Attack
06:57:01,Ma_B0x_Orange,FF:EE:DD:44:55:66,Unknown,-63,3,RSSI Spike
06:57:02,Ma_Box_Orange,E8:ED:F3:11:22:33,Sagemcom (Orange),-61,1,
06:57:02,Hacker_Alfa,00:C0:CA:88:99:AA,Alfa Network,-48,7,Deauth Attack
06:57:02,Ma_B0x_Orange,FF:EE:DD:44:55:66,Unknown,-65,3,RSSI Spike
06:57:04,Ma_Box_Orange,E8:ED:F3:11:22:33,Sagemcom (Orange),-58,1,
06:57:04,Hacker_Alfa,00:C0:CA:88:99:AA,Alfa Network,-49,7,Deauth Attack
06:57:04,Ma_B0x_Orange,FF:EE:DD:44:55:66,Unknown,-67,3,RSSI Spike
06:57:05,Ma_Box_Orange,E8:ED:F3:11:22:33,Sagemcom (Orange),-59,1,
06:57:05,Hacker_Alfa,00:C0:CA:88:99:AA,Alfa Network,-48,7,Deauth Attack
06:57:05,Ma_B0x_Orange,FF:EE:DD:44:55:66,Unknown,-67,3,RSSI Spike
06:57:07,Ma_Box_Orange,E8:ED:F3:11:22:33,Sagemcom (Orange),-59,1,
06:57:07,Hacker_Alfa,00:C0:CA:88:99:AA,Alfa Network,-52,7,Deauth Attack
06:57:07,Ma_B0x_Orange,FF:EE:DD:44:55:66,Unknown,-63,3,RSSI Spike
06:57:08,Ma_Box_Orange,E8:ED:F3:11:22:33,Sagemcom (Orange),-58,1,
06:57:08,Hacker_Alfa,00:C0:CA:88:99:AA,Alfa Network,-52,7,Deauth Attack
06:57:08,Ma_B0x_Orange,FF:EE:DD:44:55:66,Unknown,-65,3,RSSI Spike
06:57:10,Ma_Box_Orange,E8:ED:F3:11:22:33,Sagemcom (Orange),-58,1,
06:57:10,Hacker_Alfa,00:C0:CA:88:99:AA,Alfa Network,-49,7,Deauth Attack
06:57:10,Ma_B0x_Orange,FF:EE:DD:44:55:66,Unknown,-64,3,RSSI Spike
06:57:11,Ma_Box_Orange,E8:ED:F3:11:22:33,Sagemcom (Orange),-40,1,
06:57:11,Hacker_Alfa,00:C0:CA:88:99:AA,Alfa Network,-49,7,Deauth Attack
06:57:11,Ma_B0x_Orange,FF:EE:DD:44:55:66,Unknown,-67,3,RSSI Spike
06:57:13,Ma_Box_Orange,E8:ED:F3:11:22:33,Sagemcom (Orange),-40,1,
06:57:13,Hacker_Alfa,00:C0:CA:88:99:AA,Alfa Network,-50,7,Deauth Attack
06:57:13,Ma_B0x_Orange,FF:EE:DD:44:55:66,Unknown,-65,3,RSSI Spike
06:57:14,Ma_Box_Orange,E8:ED:F3:11:22:33,Sagemcom (Orange),-40,1,
06:57:14,Hacker_Alfa,00:C0:CA:88:99:AA,Alfa Network,-52,7,Deauth Attack
06:57:14,Ma_B0x_Orange,FF:EE:DD:44:55:66,Unknown,-67,3,RSSI Spike
06:57:16,Ma_Box_Orange,E8:ED:F3:11:22:33,Sagemcom (Orange),-59,1,
06:57:16,Hacker_Alfa,00:C0:CA:88:99:AA,Alfa Network,-52,7,Deauth Attack
06:57:16,Ma_B0x_Orange,FF:EE:DD:44:55:66,Unknown,-63,3,RSSI Spike
06:57:17,Ma_Box_Orange,E8:ED:F3:11:22:33,Sagemcom (Orange),-61,1,
06:57:17,Hacker_Alfa,00:C0:CA:88:99:AA,Alfa Network,-52,7,Deauth Attack
06:57:17,Ma_B0x_Orange,FF:EE:DD:44:55:66,Unknown,-66,3,RSSI Spike
06:57:19,Ma_Box_Orange,E8:ED:F3:11:22:33,Sagemcom (Orange),-62,1,
06:57:19,Hacker_Alfa,00:C0:CA:88:99:AA,Alfa Network,-50,7,Deauth Attack
06:57:19,Ma_B0x_Orange,FF:EE:DD:44:55:66,Unknown,-63,3,RSSI Spike
06:57:20,Ma_Box_Orange,E8:ED:F3:11:22:33,Sagemcom (Orange),-61,1,
06:57:20,Hacker_Alfa,00:C0:CA:88:99:AA,Alfa Network,-52,7,Deauth Attack
06:57:20,Ma_B0x_Orange,FF:EE:DD:44:55:66,Unknown,-66,3,RSSI Spike
06:57:22,Ma_Box_Orange,E8:ED:F3:11:22:33,Sagemcom (Orange),-60,1,
06:57:22,Hacker_Alfa,00:C0:CA:88:99:AA,Alfa Network,-52,7,Deauth Attack
06:57:22,Ma_B0x_Orange,FF:EE:DD:44:55:66,Unknown,-63,3,RSSI Spike
06:57:23,Ma_Box_Orange,E8:ED:F3:11:22:33,Sagemcom (Orange),-61,1,
06:57:23,Hacker_Alfa,00:C0:CA:88:99:AA,Alfa Network,-50,7,Deauth Attack
06:57:23,Ma_B0x_Orange,FF:EE:DD:44:55:66,Unknown,-63,3,RSSI Spike
06:57:25,Ma_Box_Orange,E8:ED:F3:11:22:33,Sagemcom (Orange),-59,1,
06:57:25,Hacker_Alfa,00:C0:CA:88:99:AA,Alfa Network,-49,7,Deauth Attack
06:57:25,Ma_B0x_Orange,FF:EE:DD:44:55:66,Unknown,-65,3,RSSI Spike
06:57:26,Ma_Box_Orange,E8:ED:F3:11:22:33,Sagemcom (Orange),-40,1,
06:57:26,Hacker_Alfa,00:C0:CA:88:99:AA,Alfa Network,-50,7,Deauth Attack
06:57:26,Ma_B0x_Orange,FF:EE:DD:44:55:66,Unknown,-67,3,RSSI Spike
06:57:28,Ma_Box_Orange,E8:ED:F3:11:22:33,Sagemcom (Orange),-40,1,
06:57:28,Hacker_Alfa,00:C0:CA:88:99:AA,Alfa Network,-50,7,Deauth Attack
06:57:28,Ma_B0x_Orange,FF:EE:DD:44:55:66,Unknown,-65,3,RSSI Spike
06:57:29,Ma_Box_Orange,E8:ED:F3:11:22:33,Sagemcom (Orange),-40,1,
06:57:29,Hacker_Alfa,00:C0:CA:88:99:AA,Alfa Network,-52,7,Deauth Attack
06:57:29,Ma_B0x_Orange,FF:EE:DD:44:55:66,Unknown,-63,3,RSSI Spike
06:57:31,Ma_Box_Orange,E8:ED:F3:11:22:33,Sagemcom (Orange),-61,1,
06:57:31,Hacker_Alfa,00:C0:CA:88:99:AA,Alfa Network,-49,7,Deauth Attack
06:57:31,Ma_B0x_Orange,FF:EE:DD:44:55:66,Unknown,-63,3,RSSI Spike
06:57:32,Ma_Box_Orange,E8:ED:F3:11:22:33,Sagemcom (Orange),-60,1,
06:57:32,Hacker_Alfa,00:C0:CA:88:99:AA,Alfa Network,-52,7,Deauth Attack
06:57:32,Ma_B0x_Orange,FF:EE:DD:44:55:66,Unknown,-63,3,RSSI Spike
06:57:34,Ma_Box_Orange,E8:ED:F3:11:22:33,Sagemcom (Orange),-62,1,
06:57:34,Hacker_Alfa,00:C0:CA:88:99:AA,Alfa Network,-51,7,Deauth Attack
06:57:34,Ma_B0x_Orange,FF:EE:DD:44:55:66,Unknown,-67,3,RSSI Spike
06:57:35,Ma_Box_Orange,E8:ED:F3:11:22:33,Sagemcom (Orange),-61,1,
06:57:35,Hacker_Alfa,00:C0:CA:88:99:AA,Alfa Network,-51,7,Deauth Attack
06:57:35,Ma_B0x_Orange,FF:EE:DD:44:55:66,Unknown,-64,3,RSSI Spike
06:57:37,Ma_Box_Orange,E8:ED:F3:11:22:33,Sagemcom (Orange),-59,1,
06:57:37,Hacker_Alfa,00:C0:CA:88:99:AA,Alfa Network,-52,7,Deauth Attack
06:57:37,Ma_B0x_Orange,FF:EE:DD:44:55:66,Unknown,-66,3,RSSI Spike
06:57:38,Ma_Box_Orange,E8:ED:F3:11:22:33,Sagemcom (Orange),-61,1,
06:57:38,Hacker_Alfa,00:C0:CA:88:99:AA,Alfa Network,-48,7,Deauth Attack
06:57:38,Ma_B0x_Orange,FF:EE:DD:44:55:66,Unknown,-67,3,RSSI Spike
06:57:40,Ma_Box_Orange,E8:ED:F3:11:22:33,Sagemcom (Orange),-58,1,
06:57:40,Hacker_Alfa,00:C0:CA:88:99:AA,Alfa Network,-48,7,Deauth Attack
06:57:40,Ma_B0x_Orange,FF:EE:DD:44:55:66,Unknown,-67,3,RSSI Spike
06:57:41,Ma_Box_Orange,E8:ED:F3:11:22:33,Sagemcom (Orange),-40,1,
06:57:41,Hacker_Alfa,00:C0:CA:88:99:AA,Alfa Network,-49,7,Deauth Attack
06:57:41,Ma_B0x_Orange,FF:EE:DD:44:55:66,Unknown,-65,3,RSSI Spike
06:57:43,Ma_Box_Orange,E8:ED:F3:11:22:33,Sagemcom (Orange),-40,1,
06:57:43,Hacker_Alfa,00:C0:CA:88:99:AA,Alfa Network,-51,7,Deauth Attack
06:57:43,Ma_B0x_Orange,FF:EE:DD:44:55:66,Unknown,-63,3,RSSI Spike
06:57:44,Ma_Box_Orange,E8:ED:F3:11:22:33,Sagemcom (Orange),-40,1,
06:57:44,Hacker_Alfa,00:C0:CA:88:99:AA,Alfa Network,-52,7,Deauth Attack
06:57:44,Ma_B0x_Orange,FF:EE:DD:44:55:66,Unknown,-65,3,RSSI Spike
06:57:46,Ma_Box_Orange,E8:ED:F3:11:22:33,Sagemcom (Orange),-60,1,
06:57:46,Hacker_Alfa,00:C0:CA:88:99:AA,Alfa Network,-51,7,Deauth Attack
06:57:46,Ma_B0x_Orange,FF:EE:DD:44:55:66,Unknown,-64,3,RSSI Spike
06:57:47,Ma_Box_Orange,E8:ED:F3:11:22:33,Sagemcom (Orange),-62,1,
06:57:47,Hacker_Alfa,00:C0:CA:88:99:AA,Alfa Network,-49,7,Deauth Attack
06:57:47,Ma_B0x_Orange,FF:EE:DD:44:55:66,Unknown,-66,3,RSSI Spike
06:57:49,Ma_Box_Orange,E8:ED:F3:11:22:33,Sagemcom (Orange),-59,1,
06:57:49,Hacker_Alfa,00:C0:CA:88:99:AA,Alfa Network,-51,7,Deauth Attack
06:57:49,Ma_B0x_Orange,FF:EE:DD:44:55:66,Unknown,-64,3,RSSI Spike
06:57:50,Ma_Box_Orange,E8:ED:F3:11:22:33,Sagemcom (Orange),-60,1,
06:57:50,Hacker_Alfa,00:C0:CA:88:99:AA,Alfa Network,-51,7,Deauth Attack
06:57:50,Ma_B0x_Orange,FF:EE:DD:44:55:66,Unknown,-66,3,RSSI Spike
06:57:52,Ma_Box_Orange,E8:ED:F3:11:22:33,Sagemcom (Orange),-62,1,
06:57:52,Hacker_Alfa,00:C0:CA:88:99:AA,Alfa Network,-50,7,Deauth Attack
06:57:52,Ma_B0x_Orange,FF:EE:DD:44:55:66,Unknown,-63,3,RSSI Spike
06:57:53,Ma_Box_Orange,E8:ED:F3:11:22:33,Sagemcom (Orange),-59,1,
06:57:53,Hacker_Alfa,00:C0:CA:88:99:AA,Alfa Network,-49,7,Deauth Attack
06:57:53,Ma_B0x_Orange,FF:EE:DD:44:55:66,Unknown,-66,3,RSSI Spike
06:57:55,Ma_Box_Orange,E8:ED:F3:11:22:33,Sagemcom (Orange),-62,1,
06:57:55,Hacker_Alfa,00:C0:CA:88:99:AA,Alfa Network,-52,7,Deauth Attack
06:57:55,Ma_B0x_Orange,FF:EE:DD:44:55:66,Unknown,-64,3,RSSI Spike
06:57:56,Ma_Box_Orange,E8:ED:F3:11:22:33,Sagemcom (Orange),-40,1,
06:57:56,Hacker_Alfa,00:C0:CA:88:99:AA,Alfa Network,-48,7,Deauth Attack
06:57:56,Ma_B0x_Orange,FF:EE:DD:44:55:66,Unknown,-66,3,RSSI Spike
06:57:58,Ma_Box_Orange,E8:ED:F3:11:22:33,Sagemcom (Orange),-40,1,
06:57:58,Hacker_Alfa,00:C0:CA:88:99:AA,Alfa Network,-50,7,Deauth Attack
06:57:58,Ma_B0x_Orange,FF:EE:DD:44:55:66,Unknown,-64,3,RSSI Spike
06:57:59,Ma_Box_Orange,E8:ED:F3:11:22:33,Sagemcom (Orange),-40,1,
06:57:59,Hacker_Alfa,00:C0:CA:88:99:AA,Alfa Network,-48,7,Deauth Attack
06:57:59,Ma_B0x_Orange,FF:EE:DD:44:55:66,Unknown,-65,3,RSSI Spike
06:58:01,Ma_Box_Orange,E8:ED:F3:11:22:33,Sagemcom (Orange),-60,1,
06:58:01,Hacker_Alfa,00:C0:CA:88:99:AA,Alfa Network,-50,7,Deauth Attack
06:58:01,Ma_B0x_Orange,FF:EE:DD:44:55:66,Unknown,-63,3,RSSI Spike
06:58:02,Ma_Box_Orange,E8:ED:F3:11:22:33,Sagemcom (Orange),-61,1,
06:58:02,Hacker_Alfa,00:C0:CA:88:99:AA,Alfa Network,-51,7,Deauth Attack
06:58:02,Ma_B0x_Orange,FF:EE:DD:44:55:66,Unknown,-67,3,RSSI Spike
06:58:04,Ma_Box_Orange,E8:ED:F3:11:22:33,Sagemcom (Orange),-61,1,
06:58:04,Hacker_Alfa,00:C0:CA:88:99:AA,Alfa Network,-50,7,Deauth Attack
06:58:04,Ma_B0x_Orange,FF:EE:DD:44:55:66,Unknown,-67,3,RSSI Spike
06:58:05,Ma_Box_Orange,E8:ED:F3:11:22:33,Sagemcom (Orange),-60,1,
06:58:05,Hacker_Alfa,00:C0:CA:88:99:AA,Alfa Network,-51,7,Deauth Attack
06:58:05,Ma_B0x_Orange,FF:EE:DD:44:55:66,Unknown,-66,3,RSSI Spike
06:58:07,Ma_Box_Orange,E8:ED:F3:11:22:33,Sagemcom (Orange),-62,1,
06:58:07,Hacker_Alfa,00:C0:CA:88:99:AA,Alfa Network,-51,7,Deauth Attack
06:58:07,Ma_B0x_Orange,FF:EE:DD:44:55:66,Unknown,-66,3,RSSI Spike
06:58:08,Ma_Box_Orange,E8:ED:F3:11:22:33,Sagemcom (Orange),-58,1,
06:58:08,Hacker_Alfa,00:C0:CA:88:99:AA,Alfa Network,-48,7,Deauth Attack
06:58:08,Ma_B0x_Orange,FF:EE:DD:44:55:66,Unknown,-65,3,RSSI Spike
06:58:10,Ma_Box_Orange,E8:ED:F3:11:22:33,Sagemcom (Orange),-62,1,
06:58:10,Hacker_Alfa,00:C0:CA:88:99:AA,Alfa Network,-49,7,Deauth Attack
06:58:10,Ma_B0x_Orange,FF:EE:DD:44:55:66,Unknown,-67,3,RSSI Spike
06:58:11,Ma_Box_Orange,E8:ED:F3:11:22:33,Sagemcom (Orange),-40,1,
06:58:11,Hacker_Alfa,00:C0:CA:88:99:AA,Alfa Network,-50,7,Deauth Attack
06:58:11,Ma_B0x_Orange,FF:EE:DD:44:55:66,Unknown,-65,3,RSSI Spike
06:58:13,Ma_Box_Orange,E8:ED:F3:11:22:33,Sagemcom (Orange),-40,1,
06:58:13,Hacker_Alfa,00:C0:CA:88:99:AA,Alfa Network,-49,7,Deauth Attack
06:58:13,Ma_B0x_Orange,FF:EE:DD:44:55:66,Unknown,-67,3,RSSI Spike
06:58:14,Ma_Box_Orange,E8:ED:F3:11:22:33,Sagemcom (Orange),-40,1,
06:58:14,Hacker_Alfa,00:C0:CA:88:99:AA,Alfa Network,-51,7,Deauth Attack
06:58:14,Ma_B0x_Orange,FF:EE:DD:44:55:66,Unknown,-67,3,RSSI Spike
06:58:16,Ma_Box_Orange,E8:ED:F3:11:22:33,Sagemcom (Orange),-59,1,
06:58:16,Hacker_Alfa,00:C0:CA:88:99:AA,Alfa Network,-50,7,Deauth Attack
06:58:16,Ma_B0x_Orange,FF:EE:DD:44:55:66,Unknown,-65,3,RSSI Spike
06:58:17,Ma_Box_Orange,E8:ED:F3:11:22:33,Sagemcom (Orange),-62,1,
06:58:17,Hacker_Alfa,00:C0:CA:88:99:AA,Alfa Network,-51,7,Deauth Attack
06:58:17,Ma_B0x_Orange,FF:EE:DD:44:55:66,Unknown,-67,3,RSSI Spike
06:58:19,Ma_Box_Orange,E8:ED:F3:11:22:33,Sagemcom (Orange),-60,1,
06:58:19,Hacker_Alfa,00:C0:CA:88:99:AA,Alfa Network,-51,7,Deauth Attack
06:58:19,Ma_B0x_Orange,FF:EE:DD:44:55:66,Unknown,-66,3,RSSI Spike
06:58:20,Ma_Box_Orange,E8:ED:F3:11:22:33,Sagemcom (Orange),-60,1,
06:58:20,Hacker_Alfa,00:C0:CA:88:99:AA,Alfa Network,-48,7,Deauth Attack
06:58:20,Ma_B0x_Orange,FF:EE:DD:44:55:66,Unknown,-65,3,RSSI Spike
06:58:22,Ma_Box_Orange,E8:ED:F3:11:22:33,Sagemcom (Orange),-61,1,
06:58:22,Hacker_Alfa,00:C0:CA:88:99:AA,Alfa Network,-49,7,Deauth Attack
06:58:22,Ma_B0x_Orange,FF:EE:DD:44:55:66,Unknown,-63,3,RSSI Spike
06:58:23,Ma_Box_Orange,E8:ED:F3:11:22:33,Sagemcom (Orange),-61,1,
06:58:23,Hacker_Alfa,00:C0:CA:88:99:AA,Alfa Network,-51,7,Deauth Attack
06:58:23,Ma_B0x_Orange,FF:EE:DD:44:55:66,Unknown,-63,3,RSSI Spike
06:58:25,Ma_Box_Orange,E8:ED:F3:11:22:33,Sagemcom (Orange),-60,1,
06:58:25,Hacker_Alfa,00:C0:CA:88:99:AA,Alfa Network,-48,7,Deauth Attack
06:58:25,Ma_B0x_Orange,FF:EE:DD:44:55:66,Unknown,-63,3,RSSI Spike
06:58:26,Ma_Box_Orange,E8:ED:F3:11:22:33,Sagemcom (Orange),-40,1,
06:58:26,Hacker_Alfa,00:C0:CA:88:99:AA,Alfa Network,-49,7,Deauth Attack
06:58:26,Ma_B0x_Orange,FF:EE:DD:44:55:66,Unknown,-63,3,RSSI Spike
06:58:28,Ma_Box_Orange,E8:ED:F3:11:22:33,Sagemcom (Orange),-40,1,
06:58:28,Hacker_Alfa,00:C0:CA:88:99:AA,Alfa Network,-51,7,Deauth Attack
06:58:28,Ma_B0x_Orange,FF:EE:DD:44:55:66,Unknown,-67,3,RSSI Spike
06:58:29,Ma_Box_Orange,E8:ED:F3:11:22:33,Sagemcom (Orange),-40,1,
06:58:29,Hacker_Alfa,00:C0:CA:88:99:AA,Alfa Network,-50,7,Deauth Attack
06:58:29,Ma_B0x_Orange,FF:EE:DD:44:55:66,Unknown,-65,3,RSSI Spike
06:58:31,Ma_Box_Orange,E8:ED:F3:11:22:33,Sagemcom (Orange),-59,1,
06:58:31,Hacker_Alfa,00:C0:CA:88:99:AA,Alfa Network,-48,7,Deauth Attack
06:58:31,Ma_B0x_Orange,FF:EE:DD:44:55:66,Unknown,-65,3,RSSI Spike
06:58:32,Ma_Box_Orange,E8:ED:F3:11:22:33,Sagemcom (Orange),-62,1,
06:58:32,Hacker_Alfa,00:C0:CA:88:99:AA,Alfa Network,-52,7,Deauth Attack
06:58:32,Ma_B0x_Orange,FF:EE:DD:44:55:66,Unknown,-67,3,RSSI Spike
06:58:34,Ma_Box_Orange,E8:ED:F3:11:22:33,Sagemcom (Orange),-62,1,
06:58:34,Hacker_Alfa,00:C0:CA:88:99:AA,Alfa Network,-49,7,Deauth Attack
06:58:34,Ma_B0x_Orange,FF:EE:DD:44:55:66,Unknown,-64,3,RSSI Spike
06:58:35,Ma_Box_Orange,E8:ED:F3:11:22:33,Sagemcom (Orange),-60,1,
06:58:35,Hacker_Alfa,00:C0:CA:88:99:AA,Alfa Network,-48,7,Deauth Attack
06:58:35,Ma_B0x_Orange,FF:EE:DD:44:55:66,Unknown,-64,3,RSSI Spike
06:58:37,Ma_Box_Orange,E8:ED:F3:11:22:33,Sagemcom (Orange),-61,1,
06:58:37,Hacker_Alfa,00:C0:CA:88:99:AA,Alfa Network,-52,7,Deauth Attack
06:58:37,Ma_B0x_Orange,FF:EE:DD:44:55:66,Unknown,-67,3,RSSI Spike
06:58:38,Ma_Box_Orange,E8:ED:F3:11:22:33,Sagemcom (Orange),-59,1,
06:58:38,Hacker_Alfa,00:C0:CA:88:99:AA,Alfa Network,-52,7,Deauth Attack
06:58:38,Ma_B0x_Orange,FF:EE:DD:44:55:66,Unknown,-63,3,RSSI Spike
06:58:40,Ma_Box_Orange,E8:ED:F3:11:22:33,Sagemcom (Orange),-58,1,
06:58:40,Hacker_Alfa,00:C0:CA:88:99:AA,Alfa Network,-48,7,Deauth Attack
06:58:40,Ma_B0x_Orange,FF:EE:DD:44:55:66,Unknown,-63,3,RSSI Spike
06:58:41,Ma_Box_Orange,E8:ED:F3:11:22:33,Sagemcom (Orange),-40,1,
06:58:41,Hacker_Alfa,00:C0:CA:88:99:AA,Alfa Network,-50,7,Deauth Attack
06:58:41,Ma_B0x_Orange,FF:EE:DD:44:55:66,Unknown,-67,3,RSSI Spike
06:58:43,Ma_Box_Orange,E8:ED:F3:11:22:33,Sagemcom (Orange),-40,1,
06:58:43,Hacker_Alfa,00:C0:CA:88:99:AA,Alfa Network,-49,7,Deauth Attack
06:58:43,Ma_B0x_Orange,FF:EE:DD:44:55:66,Unknown,-67,3,RSSI Spike
06:58:44,Ma_Box_Orange,E8:ED:F3:11:22:33,Sagemcom (Orange),-40,1,
06:58:44,Hacker_Alfa,00:C0:CA:88:99:AA,Alfa Network,-52,7,Deauth Attack
06:58:44,Ma_B0x_Orange,FF:EE:DD:44:55:66,Unknown,-66,3,RSSI Spike
06:58:46,Ma_Box_Orange,E8:ED:F3:11:22:33,Sagemcom (Orange),-58,1,
06:58:46,Hacker_Alfa,00:C0:CA:88:99:AA,Alfa Network,-50,7,Deauth Attack
06:58:46,Ma_B0x_Orange,FF:EE:DD:44:55:66,Unknown,-64,3,RSSI Spike
06:58:47,Ma_Box_Orange,E8:ED:F3:11:22:33,Sagemcom (Orange),-59,1,
06:58:47,Hacker_Alfa,00:C0:CA:88:99:AA,Alfa Network,-48,7,Deauth Attack
06:58:47,Ma_B0x_Orange,FF:EE:DD:44:55:66,Unknown,-64,3,RSSI Spike
06:58:49,Ma_Box_Orange,E8:ED:F3:11:22:33,Sagemcom (Orange),-58,1,
06:58:49,Hacker_Alfa,00:C0:CA:88:99:AA,Alfa Network,-50,7,Deauth Attack
06:58:49,Ma_B0x_Orange,FF:EE:DD:44:55:66,Unknown,-63,3,RSSI Spike
06:58:50,Ma_Box_Orange,E8:ED:F3:11:22:33,Sagemcom (Orange),-60,1,
06:58:50,Hacker_Alfa,00:C0:CA:88:99:AA,Alfa Network,-50,7,Deauth Attack
06:58:50,Ma_B0x_Orange,FF:EE:DD:44:55:66,Unknown,-66,3,RSSI Spike
06:58:52,Ma_Box_Orange,E8:ED:F3:11:22:33,Sagemcom (Orange),-60,1,
06:58:52,Hacker_Alfa,00:C0:CA:88:99:AA,Alfa Network,-48,7,Deauth Attack
06:58:52,Ma_B0x_Orange,FF:EE:DD:44:55:66,Unknown,-65,3,RSSI Spike
06:58:53,Ma_Box_Orange,E8:ED:F3:11:22:33,Sagemcom (Orange),-58,1,
06:58:53,Hacker_Alfa,00:C0:CA:88:99:AA,Alfa Network,-52,7,Deauth Attack
06:58:53,Ma_B0x_Orange,FF:EE:DD:44:55:66,Unknown,-67,3,RSSI Spike
06:58:55,Ma_Box_Orange,E8:ED:F3:11:22:33,Sagemcom (Orange),-62,1,
06:58:55,Hacker_Alfa,00:C0:CA:88:99:AA,Alfa Network,-50,7,Deauth Attack
06:58:55,Ma_B0x_Orange,FF:EE:DD:44:55:66,Unknown,-66,3,RSSI Spike
06:58:56,Ma_Box_Orange,E8:ED:F3:11:22:33,Sagemcom (Orange),-40,1,
06:58:56,Hacker_Alfa,00:C0:CA:88:99:AA,Alfa Network,-52,7,Deauth Attack
06:58:56,Ma_B0x_Orange,FF:EE:DD:44:55:66,Unknown,-64,3,RSSI Spike
06:58:58,Ma_Box_Orange,E8:ED:F3:11:22:33,Sagemcom (Orange),-40,1,
06:58:58,Hacker_Alfa,00:C0:CA:88:99:AA,Alfa Network,-52,7,Deauth Attack
06:58:58,Ma_B0x_Orange,FF:EE:DD:44:55:66,Unknown,-66,3,RSSI Spike
06:58:59,Ma_Box_Orange,E8:ED:F3:11:22:33,Sagemcom (Orange),-40,1,
06:58:59,Hacker_Alfa,00:C0:CA:88:99:AA,Alfa Network,-51,7,Deauth Attack
06:58:59,Ma_B0x_Orange,FF:EE:DD:44:55:66,Unknown,-66,3,RSSI Spike
06:59:01,Ma_Box_Orange,E8:ED:F3:11:22:33,Sagemcom (Orange),-58,1,
06:59:01,Hacker_Alfa,00:C0:CA:88:99:AA,Alfa Network,-50,7,Deauth Attack
06:59:01,Ma_B0x_Orange,FF:EE:DD:44:55:66,Unknown,-67,3,RSSI Spike
06:59:02,Ma_Box_Orange,E8:ED:F3:11:22:33,Sagemcom (Orange),-62,1,
06:59:02,Hacker_Alfa,00:C0:CA:88:99:AA,Alfa Network,-51,7,Deauth Attack
06:59:02,Ma_B0x_Orange,FF:EE:DD:44:55:66,Unknown,-63,3,RSSI Spike
06:59:04,Ma_Box_Orange,E8:ED:F3:11:22:33,Sagemcom (Orange),-58,1,
06:59:04,Hacker_Alfa,00:C0:CA:88:99:AA,Alfa Network,-50,7,Deauth Attack
06:59:04,Ma_B0x_Orange,FF:EE:DD:44:55:66,Unknown,-67,3,RSSI Spike
06:59:05,Ma_Box_Orange,E8:ED:F3:11:22:33,Sagemcom (Orange),-58,1,
06:59:05,Hacker_Alfa,00:C0:CA:88:99:AA,Alfa Network,-51,7,Deauth Attack
06:59:05,Ma_B0x_Orange,FF:EE:DD:44:55:66,Unknown,-65,3,RSSI Spike
06:59:07,Ma_Box_Orange,E8:ED:F3:11:22:33,Sagemcom (Orange),-60,1,
06:59:07,Hacker_Alfa,00:C0:CA:88:99:AA,Alfa Network,-52,7,Deauth Attack
06:59:07,Ma_B0x_Orange,FF:EE:DD:44:55:66,Unknown,-63,3,RSSI Spike
06:59:08,Ma_Box_Orange,E8:ED:F3:11:22:33,Sagemcom (Orange),-59,1,
06:59:08,Hacker_Alfa,00:C0:CA:88:99:AA,Alfa Network,-50,7,Deauth Attack
06:59:08,Ma_B0x_Orange,FF:EE:DD:44:55:66,Unknown,-67,3,RSSI Spike
06:59:10,Ma_Box_Orange,E8:ED:F3:11:22:33,Sagemcom (Orange),-61,1,
06:59:10,Hacker_Alfa,00:C0:CA:88:99:AA,Alfa Network,-51,7,Deauth Attack
06:59:10,Ma_B0x_Orange,FF:EE:DD:44:55:66,Unknown,-63,3,RSSI Spike
06:59:11,Ma_Box_Orange,E8:ED:F3:11:22:33,Sagemcom (Orange),-40,1,
06:59:11,Hacker_Alfa,00:C0:CA:88:99:AA,Alfa Network,-52,7,Deauth Attack
06:59:11,Ma_B0x_Orange,FF:EE:DD:44:55:66,Unknown,-66,3,RSSI Spike
06:59:13,Ma_Box_Orange,E8:ED:F3:11:22:33,Sagemcom (Orange),-40,1,
06:59:13,Hacker_Alfa,00:C0:CA:88:99:AA,Alfa Network,-48,7,Deauth Attack
06:59:13,Ma_B0x_Orange,FF:EE:DD:44:55:66,Unknown,-65,3,RSSI Spike
06:59:14,Ma_Box_Orange,E8:ED:F3:11:22:33,Sagemcom (Orange),-40,1,
06:59:14,Hacker_Alfa,00:C0:CA:88:99:AA,Alfa Network,-48,7,Deauth Attack
06:59:14,Ma_B0x_Orange,FF:EE:DD:44:55:66,Unknown,-66,3,RSSI Spike
06:59:16,Ma_Box_Orange,E8:ED:F3:11:22:33,Sagemcom (Orange),-62,1,
06:59:16,Hacker_Alfa,00:C0:CA:88:99:AA,Alfa Network,-50,7,Deauth Attack
06:59:16,Ma_B0x_Orange,FF:EE:DD:44:55:66,Unknown,-65,3,RSSI Spike
06:59:17,Ma_Box_Orange,E8:ED:F3:11:22:33,Sagemcom (Orange),-59,1,
06:59:17,Hacker_Alfa,00:C0:CA:88:99:AA,Alfa Network,-48,7,Deauth Attack
06:59:17,Ma_B0x_Orange,FF:EE:DD:44:55:66,Unknown,-63,3,RSSI Spike
06:59:19,Ma_Box_Orange,E8:ED:F3:11:22:33,Sagemcom (Orange),-60,1,
06:59:19,Hacker_Alfa,00:C0:CA:88:99:AA,Alfa Network,-52,7,Deauth Attack
06:59:19,Ma_B0x_Orange,FF:EE:DD:44:55:66,Unknown,-67,3,RSSI Spike
06:59:20,Ma_Box_Orange,E8:ED:F3:11:22:33,Sagemcom (Orange),-60,1,
06:59:20,Hacker_Alfa,00:C0:CA:88:99:AA,Alfa Network,-50,7,Deauth Attack
06:59:20,Ma_B0x_Orange,FF:EE:DD:44:55:66,Unknown,-63,3,RSSI Spike
06:59:22,Ma_Box_Orange,E8:ED:F3:11:22:33,Sagemcom (Orange),-60,1,
06:59:22,Hacker_Alfa,00:C0:CA:88:99:AA,Alfa Network,-52,7,Deauth Attack
06:59:22,Ma_B0x_Orange,FF:EE:DD:44:55:66,Unknown,-67,3,RSSI Spike
06:59:23,Ma_Box_Orange,E8:ED:F3:11:22:33,Sagemcom (Orange),-61,1,
06:59:23,Hacker_Alfa,00:C0:CA:88:99:AA,Alfa Network,-50,7,Deauth Attack
06:59:23,Ma_B0x_Orange,FF:EE:DD:44:55:66,Unknown,-66,3,RSSI Spike
06:59:25,Ma_Box_Orange,E8:ED:F3:11:22:33,Sagemcom (Orange),-62,1,
06:59:25,Hacker_Alfa,00:C0:CA:88:99:AA,Alfa Network,-50,7,Deauth Attack
06:59:25,Ma_B0x_Orange,FF:EE:DD:44:55:66,Unknown,-64,3,RSSI Spike
06:59:26,Ma_Box_Orange,E8:ED:F3:11:22:33,Sagemcom (Orange),-40,1,
06:59:26,Hacker_Alfa,00:C0:CA:88:99:AA,Alfa Network,-51,7,Deauth Attack
06:59:26,Ma_B0x_Orange,FF:EE:DD:44:55:66,Unknown,-63,3,RSSI Spike
06:59:28,Ma_Box_Orange,E8:ED:F3:11:22:33,Sagemcom (Orange),-40,1,
06:59:28,Hacker_Alfa,00:C0:CA:88:99:AA,Alfa Network,-52,7,Deauth Attack
06:59:28,Ma_B0x_Orange,FF:EE:DD:44:55:66,Unknown,-65,3,RSSI Spike
06:59:29,Ma_Box_Orange,E8:ED:F3:11:22:33,Sagemcom (Orange),-40,1,
06:59:29,Hacker_Alfa,00:C0:CA:88:99:AA,Alfa Network,-48,7,Deauth Attack
06:59:29,Ma_B0x_Orange,FF:EE:DD:44:55:66,Unknown,-66,3,RSSI Spike
06:59:31,Ma_Box_Orange,E8:ED:F3:11:22:33,Sagemcom (Orange),-58,1,
06:59:31,Hacker_Alfa,00:C0:CA:88:99:AA,Alfa Network,-48,7,Deauth Attack
06:59:31,Ma_B0x_Orange,FF:EE:DD:44:55:66,Unknown,-63,3,RSSI Spike
06:59:32,Ma_Box_Orange,E8:ED:F3:11:22:33,Sagemcom (Orange),-62,1,
06:59:32,Hacker_Alfa,00:C0:CA:88:99:AA,Alfa Network,-52,7,Deauth Attack
06:59:32,Ma_B0x_Orange,FF:EE:DD:44:55:66,Unknown,-66,3,RSSI Spike
06:59:34,Ma_Box_Orange,E8:ED:F3:11:22:33,Sagemcom (Orange),-59,1,
06:59:34,Hacker_Alfa,00:C0:CA:88:99:AA,Alfa Network,-52,7,Deauth Attack
06:59:34,Ma_B0x_Orange,FF:EE:DD:44:55:66,Unknown,-66,3,RSSI Spike
06:59:35,Ma_Box_Orange,E8:ED:F3:11:22:33,Sagemcom (Orange),-62,1,
06:59:35,Hacker_Alfa,00:C0:CA:88:99:AA,Alfa Network,-50,7,Deauth Attack
06:59:35,Ma_B0x_Orange,FF:EE:DD:44:55:66,Unknown,-67,3,RSSI Spike
06:59:37,Ma_Box_Orange,E8:ED:F3:11:22:33,Sagemcom (Orange),-60,1,
06:59:37,Hacker_Alfa,00:C0:CA:88:99:AA,Alfa Network,-52,7,Deauth Attack
06:59:37,Ma_B0x_Orange,FF:EE:DD:44:55:66,Unknown,-64,3,RSSI Spike
06:59:38,Ma_Box_Orange,E8:ED:F3:11:22:33,Sagemcom (Orange),-59,1,
06:59:38,Hacker_Alfa,00:C0:CA:88:99:AA,Alfa Network,-48,7,Deauth Attack
06:59:38,Ma_B0x_Orange,FF:EE:DD:44:55:66,Unknown,-63,3,RSSI Spike
06:59:40,Ma_Box_Orange,E8:ED:F3:11:22:33,Sagemcom (Orange),-62,1,
06:59:40,Hacker_Alfa,00:C0:CA:88:99:AA,Alfa Network,-51,7,Deauth Attack
06:59:40,Ma_B0x_Orange,FF:EE:DD:44:55:66,Unknown,-66,3,RSSI Spike
06:59:41,Ma_Box_Orange,E8:ED:F3:11:22:33,Sagemcom (Orange),-40,1,
06:59:41,Hacker_Alfa,00:C0:CA:88:99:AA,Alfa Network,-50,7,Deauth Attack
06:59:41,Ma_B0x_Orange,FF:EE:DD:44:55:66,Unknown,-65,3,RSSI Spike
06:59:43,Ma_Box_Orange,E8:ED:F3:11:22:33,Sagemcom (Orange),-40,1,
06:59:43,Hacker_Alfa,00:C0:CA:88:99:AA,Alfa Network,-52,7,Deauth Attack
06:59:43,Ma_B0x_Orange,FF:EE:DD:44:55:66,Unknown,-63,3,RSSI Spike
06:59:44,Ma_Box_Orange,E8:ED:F3:11:22:33,Sagemcom (Orange),-40,1,
06:59:44,Hacker_Alfa,00:C0:CA:88:99:AA,Alfa Network,-52,7,Deauth Attack
06:59:44,Ma_B0x_Orange,FF:EE:DD:44:55:66,Unknown,-66,3,RSSI Spike
06:59:46,Ma_Box_Orange,E8:ED:F3:11:22:33,Sagemcom (Orange),-60,1,
06:59:46,Hacker_Alfa,00:C0:CA:88:99:AA,Alfa Network,-49,7,Deauth Attack
06:59:46,Ma_B0x_Orange,FF:EE:DD:44:55:66,Unknown,-64,3,RSSI Spike
06:59:47,Ma_Box_Orange,E8:ED:F3:11:22:33,Sagemcom (Orange),-60,1,
06:59:47,Hacker_Alfa,00:C0:CA:88:99:AA,Alfa Network,-48,7,Deauth Attack
06:59:47,Ma_B0x_Orange,FF:EE:DD:44:55:66,Unknown,-65,3,RSSI Spike
06:59:49,Ma_Box_Orange,E8:ED:F3:11:22:33,Sagemcom (Orange),-61,1,
06:59:49,Hacker_Alfa,00:C0:CA:88:99:AA,Alfa Network,-50,7,Deauth Attack
06:59:49,Ma_B0x_Orange,FF:EE:DD:44:55:66,Unknown,-66,3,RSSI Spike
06:59:50,Ma_Box_Orange,E8:ED:F3:11:22:33,Sagemcom (Orange),-58,1,
06:59:50,Hacker_Alfa,00:C0:CA:88:99:AA,Alfa Network,-50,7,Deauth Attack
06:59:50,Ma_B0x_Orange,FF:EE:DD:44:55:66,Unknown,-65,3,RSSI Spike
06:59:52,Ma_Box_Orange,E8:ED:F3:11:22:33,Sagemcom (Orange),-61,1,
06:59:52,Hacker_Alfa,00:C0:CA:88:99:AA,Alfa Network,-49,7,Deauth Attack
06:59:52,Ma_B0x_Orange,FF:EE:DD:44:55:66,Unknown,-67,3,RSSI Spike
06:59:53,Ma_Box_Orange,E8:ED:F3:11:22:33,Sagemcom (Orange),-62,1,
06:59:53,Hacker_Alfa,00:C0:CA:88:99:AA,Alfa Network,-51,7,Deauth Attack
06:59:53,Ma_B0x_Orange,FF:EE:DD:44:55:66,Unknown,-63,3,RSSI Spike
06:59:55,Ma_Box_Orange,E8:ED:F3:11:22:33,Sagemcom (Orange),-59,1,
06:59:55,Hacker_Alfa,00:C0:CA:88:99:AA,Alfa Network,-51,7,Deauth Attack
06:59:55,Ma_B0x_Orange,FF:EE:DD:44:55:66,Unknown,-67,3,RSSI Spike
06:59:56,Ma_Box_Orange,E8:ED:F3:11:22:33,Sagemcom (Orange),-40,1,
06:59:56,Hacker_Alfa,00:C0:CA:88:99:AA,Alfa Network,-50,7,Deauth Attack
06:59:56,Ma_B0x_Orange,FF:EE:DD:44:55:66,Unknown,-64,3,RSSI Spike
06:59:58,Ma_Box_Orange,E8:ED:F3:11:22:33,Sagemcom (Orange),-40,1,
06:59:58,Hacker_Alfa,00:C0:CA:88:99:AA,Alfa Network,-49,7,Deauth Attack
06:59:58,Ma_B0x_Orange,FF:EE:DD:44:55:66,Unknown,-66,3,RSSI Spike
06:59:59,Ma_Box_Orange,E8:ED:F3:11:22:33,Sagemcom (Orange),-40,1,
06:59:59,Hacker_Alfa,00:C0:CA:88:99:AA,Alfa Network,-49,7,Deauth Attack
06:59:59,Ma_B0x_Orange,FF:EE:DD:44:55:66,Unknown,-67,3,RSSI Spike
07:00:01,Ma_Box_Orange,E8:ED:F3:11:22:33,Sagemcom (Orange),-59,1,
07:00:01,Hacker_Alfa,00:C0:CA:88:99:AA,Alfa Network,-48,7,Deauth Attack
07:00:01,Ma_B0x_Orange,FF:EE:DD:44:55:66,Unknown,-65,3,RSSI Spike
07:00:02,Ma_Box_Orange,E8:ED:F3:11:22:33,Sagemcom (Orange),-59,1,
07:00:02,Hacker_Alfa,00:C0:CA:88:99:AA,Alfa Network,-51,7,Deauth Attack
07:00:02,Ma_B0x_Orange,FF:EE:DD:44:55:66,Unknown,-66,3,RSSI Spike
07:00:04,Ma_Box_Orange,E8:ED:F3:11:22:33,Sagemcom (Orange),-60,1,
07:00:04,Hacker_Alfa,00:C0:CA:88:99:AA,Alfa Network,-48,7,Deauth Attack
07:00:04,Ma_B0x_Orange,FF:EE:DD:44:55:66,Unknown,-65,3,RSSI Spike
07:00:05,Ma_Box_Orange,E8:ED:F3:11:22:33,Sagemcom (Orange),-61,1,
07:00:05,Hacker_Alfa,00:C0:CA:88:99:AA,Alfa Network,-51,7,Deauth Attack
07:00:05,Ma_B0x_Orange,FF:EE:DD:44:55:66,Unknown,-66,3,RSSI Spike
07:00:07,Ma_Box_Orange,E8:ED:F3:11:22:33,Sagemcom (Orange),-60,1,
07:00:07,Hacker_Alfa,00:C0:CA:88:99:AA,Alfa Network,-52,7,Deauth Attack
07:00:07,Ma_B0x_Orange,FF:EE:DD:44:55:66,Unknown,-63,3,RSSI Spike
07:00:08,Ma_Box_Orange,E8:ED:F3:11:22:33,Sagemcom (Orange),-59,1,
07:00:08,Hacker_Alfa,00:C0:CA:88:99:AA,Alfa Network,-51,7,Deauth Attack
07:00:08,Ma_B0x_Orange,FF:EE:DD:44:55:66,Unknown,-63,3,RSSI Spike
07:00:10,Ma_Box_Orange,E8:ED:F3:11:22:33,Sagemcom (Orange),-59,1,
07:00:10,Hacker_Alfa,00:C0:CA:88:99:AA,Alfa Network,-48,7,Deauth Attack
07:00:10,Ma_B0x_Orange,FF:EE:DD:44:55:66,Unknown,-67,3,RSSI Spike
07:00:11,Ma_Box_Orange,E8:ED:F3:11:22:33,Sagemcom (Orange),-40,1,
07:00:11,Hacker_Alfa,00:C0:CA:88:99:AA,Alfa Network,-49,7,Deauth Attack
07:00:11,Ma_B0x_Orange,FF:EE:DD:44:55:66,Unknown,-63,3,RSSI Spike
07:00:13,Ma_Box_Orange,E8:ED:F3:11:22:33,Sagemcom (Orange),-40,1,
07:00:13,Hacker_Alfa,00:C0:CA:88:99:AA,Alfa Network,-51,7,Deauth Attack
07:00:13,Ma_B0x_Orange,FF:EE:DD:44:55:66,Unknown,-65,3,RSSI Spike
07:00:14,Ma_Box_Orange,E8:ED:F3:11:22:33,Sagemcom (Orange),-40,1,
07:00:14,Hacker_Alfa,00:C0:CA:88:99:AA,Alfa Network,-48,7,Deauth Attack
07:00:14,Ma_B0x_Orange,FF:EE:DD:44:55:66,Unknown,-67,3,RSSI Spike
07:00:16,Ma_Box_Orange,E8:ED:F3:11:22:33,Sagemcom (Orange),-62,1,
07:00:16,Hacker_Alfa,00:C0:CA:88:99:AA,Alfa Network,-51,7,Deauth Attack
07:00:16,Ma_B0x_Orange,FF:EE:DD:44:55:66,Unknown,-63,3,RSSI Spike
07:00:17,Ma_Box_Orange,E8:ED:F3:11:22:33,Sagemcom (Orange),-62,1,
07:00:17,Hacker_Alfa,00:C0:CA:88:99:AA,Alfa Network,-48,7,Deauth Attack
07:00:17,Ma_B0x_Orange,FF:EE:DD:44:55:66,Unknown,-67,3,RSSI Spike
07:00:19,Ma_Box_Orange,E8:ED:F3:11:22:33,Sagemcom (Orange),-61,1,
07:00:19,Hacker_Alfa,00:C0:CA:88:99:AA,Alfa Network,-51,7,Deauth Attack
07:00:19,Ma_B0x_Orange,FF:EE:DD:44:55:66,Unknown,-66,3,RSSI Spike
07:00:20,Ma_Box_Orange,E8:ED:F3:11:22:33,Sagemcom (Orange),-59,1,
07:00:20,Hacker_Alfa,00:C0:CA:88:99:AA,Alfa Network,-50,7,Deauth Attack
07:00:20,Ma_B0x_Orange,FF:EE:DD:44:55:66,Unknown,-63,3,RSSI Spike
07:00:22,Ma_Box_Orange,E8:ED:F3:11:22:33,Sagemcom (Orange),-60,1,
07:00:22,Hacker_Alfa,00:C0:CA:88:99:AA,Alfa Network,-48,7,Deauth Attack
07:00:22,Ma_B0x_Orange,FF:EE:DD:44:55:66,Unknown,-66,3,RSSI Spike
07:00:23,Ma_Box_Orange,E8:ED:F3:11:22:33,Sagemcom (Orange),-60,1,
07:00:23,Hacker_Alfa,00:C0:CA:88:99:AA,Alfa Network,-49,7,Deauth Attack
07:00:23,Ma_B0x_Orange,FF:EE:DD:44:55:66,Unknown,-67,3,RSSI Spike
07:00:25,Ma_Box_Orange,E8:ED:F3:11:22:33,Sagemcom (Orange),-61,1,
07:00:25,Hacker_Alfa,00:C0:CA:88:99:AA,Alfa Network,-48,7,Deauth Attack
07:00:25,Ma_B0x_Orange,FF:EE:DD:44:55:66,Unknown,-64,3,RSSI Spike
07:00:26,Ma_Box_Orange,E8:ED:F3:11:22:33,Sagemcom (Orange),-40,1,
07:00:26,Hacker_Alfa,00:C0:CA:88:99:AA,Alfa Network,-50,7,Deauth Attack
07:00:26,Ma_B0x_Orange,FF:EE:DD:44:55:66,Unknown,-67,3,RSSI Spike
07:00:28,Ma_Box_Orange,E8:ED:F3:11:22:33,Sagemcom (Orange),-40,1,
07:00:28,Hacker_Alfa,00:C0:CA:88:99:AA,Alfa Network,-52,7,Deauth Attack
07:00:28,Ma_B0x_Orange,FF:EE:DD:44:55:66,Unknown,-65,3,RSSI Spike
07:00:29,Ma_Box_Orange,E8:ED:F3:11:22:33,Sagemcom (Orange),-40,1,
07:00:29,Hacker_Alfa,00:C0:CA:88:99:AA,Alfa Network,-52,7,Deauth Attack
07:00:29,Ma_B0x_Orange,FF:EE:DD:44:55:66,Unknown,-64,3,RSSI Spike
07:00:31,Ma_Box_Orange,E8:ED:F3:11:22:33,Sagemcom (Orange),-60,1,
07:00:31,Hacker_Alfa,00:C0:CA:88:99:AA,Alfa Network,-48,7,Deauth Attack
07:00:31,Ma_B0x_Orange,FF:EE:DD:44:55:66,Unknown,-66,3,RSSI Spike
07:00:32,Ma_Box_Orange,E8:ED:F3:11:22:33,Sagemcom (Orange),-59,1,
07:00:32,Hacker_Alfa,00:C0:CA:88:99:AA,Alfa Network,-52,7,Deauth Attack
07:00:32,Ma_B0x_Orange,FF:EE:DD:44:55:66,Unknown,-66,3,RSSI Spike
07:00:34,Ma_Box_Orange,E8:ED:F3:11:22:33,Sagemcom (Orange),-60,1,
07:00:34,Hacker_Alfa,00:C0:CA:88:99:AA,Alfa Network,-51,7,Deauth Attack
07:00:34,Ma_B0x_Orange,FF:EE:DD:44:55:66,Unknown,-67,3,RSSI Spike
07:00:35,Ma_Box_Orange,E8:ED:F3:11:22:33,Sagemcom (Orange),-60,1,
07:00:35,Hacker_Alfa,00:C0:CA:88:99:AA,Alfa Network,-50,7,Deauth Attack
07:00:35,Ma_B0x_Orange,FF:EE:DD:44:55:66,Unknown,-66,3,RSSI Spike
07:00:37,Ma_Box_Orange,E8:ED:F3:11:22:33,Sagemcom (Orange),-58,1,
07:00:37,Hacker_Alfa,00:C0:CA:88:99:AA,Alfa Network,-51,7,Deauth Attack
07:00:37,Ma_B0x_Orange,FF:EE:DD:44:55:66,Unknown,-64,3,RSSI Spike
07:00:38,Ma_Box_Orange,E8:ED:F3:11:22:33,Sagemcom (Orange),-59,1,
07:00:38,Hacker_Alfa,00:C0:CA:88:99:AA,Alfa Network,-52,7,Deauth Attack
07:00:38,Ma_B0x_Orange,FF:EE:DD:44:55:66,Unknown,-67,3,RSSI Spike
07:00:40,Ma_Box_Orange,E8:ED:F3:11:22:33,Sagemcom (Orange),-61,1,
07:00:40,Hacker_Alfa,00:C0:CA:88:99:AA,Alfa Network,-50,7,Deauth Attack
07:00:40,Ma_B0x_Orange,FF:EE:DD:44:55:66,Unknown,-65,3,RSSI Spike
07:00:41,Ma_Box_Orange,E8:ED:F3:11:22:33,Sagemcom (Orange),-40,1,
07:00:41,Hacker_Alfa,00:C0:CA:88:99:AA,Alfa Network,-49,7,Deauth Attack
07:00:41,Ma_B0x_Orange,FF:EE:DD:44:55:66,Unknown,-64,3,RSSI Spike
07:00:43,Ma_Box_Orange,E8:ED:F3:11:22:33,Sagemcom (Orange),-40,1,
07:00:43,Hacker_Alfa,00:C0:CA:88:99:AA,Alfa Network,-51,7,Deauth Attack
07:00:43,Ma_B0x_Orange,FF:EE:DD:44:55:66,Unknown,-64,3,RSSI Spike
07:00:44,Ma_Box_Orange,E8:ED:F3:11:22:33,Sagemcom (Orange),-40,1,
07:00:44,Hacker_Alfa,00:C0:CA:88:99:AA,Alfa Network,-49,7,Deauth Attack
07:00:44,Ma_B0x_Orange,FF:EE:DD:44:55:66,Unknown,-66,3,RSSI Spike
07:00:46,Ma_Box_Orange,E8:ED:F3:11:22:33,Sagemcom (Orange),-61,1,
07:00:46,Hacker_Alfa,00:C0:CA:88:99:AA,Alfa Network,-49,7,Deauth Attack
07:00:46,Ma_B0x_Orange,FF:EE:DD:44:55:66,Unknown,-64,3,RSSI Spike
07:00:47,Ma_Box_Orange,E8:ED:F3:11:22:33,Sagemcom (Orange),-62,1,
07:00:47,Hacker_Alfa,00:C0:CA:88:99:AA,Alfa Network,-52,7,Deauth Attack
07:00:47,Ma_B0x_Orange,FF:EE:DD:44:55:66,Unknown,-67,3,RSSI Spike
07:00:49,Ma_Box_Orange,E8:ED:F3:11:22:33,Sagemcom (Orange),-62,1,
07:00:49,Hacker_Alfa,00:C0:CA:88:99:AA,Alfa Network,-50,7,Deauth Attack
07:00:49,Ma_B0x_Orange,FF:EE:DD:44:55:66,Unknown,-65,3,RSSI Spike
07:00:50,Ma_Box_Orange,E8:ED:F3:11:22:33,Sagemcom (Orange),-61,1,
07:00:50,Hacker_Alfa,00:C0:CA:88:99:AA,Alfa Network,-50,7,Deauth Attack
07:00:50,Ma_B0x_Orange,FF:EE:DD:44:55:66,Unknown,-65,3,RSSI Spike
07:00:52,Ma_Box_Orange,E8:ED:F3:11:22:33,Sagemcom (Orange),-59,1,
07:00:52,Hacker_Alfa,00:C0:CA:88:99:AA,Alfa Network,-51,7,Deauth Attack
07:00:52,Ma_B0x_Orange,FF:EE:DD:44:55:66,Unknown,-65,3,RSSI Spike
07:00:53,Ma_Box_Orange,E8:ED:F3:11:22:33,Sagemcom (Orange),-58,1,
07:00:53,Hacker_Alfa,00:C0:CA:88:99:AA,Alfa Network,-52,7,Deauth Attack
07:00:53,Ma_B0x_Orange,FF:EE:DD:44:55:66,Unknown,-67,3,RSSI Spike
07:00:55,Ma_Box_Orange,E8:ED:F3:11:22:33,Sagemcom (Orange),-58,1,
07:00:55,Hacker_Alfa,00:C0:CA:88:99:AA,Alfa Network,-51,7,Deauth Attack
07:00:55,Ma_B0x_Orange,FF:EE:DD:44:55:66,Unknown,-66,3,RSSI Spike
07:00:56,Ma_Box_Orange,E8:ED:F3:11:22:33,Sagemcom (Orange),-40,1,
07:00:56,Hacker_Alfa,00:C0:CA:88:99:AA,Alfa Network,-48,7,Deauth Attack
07:00:56,Ma_B0x_Orange,FF:EE:DD:44:55:66,Unknown,-67,3,RSSI Spike
07:00:58,Ma_Box_Orange,E8:ED:F3:11:22:33,Sagemcom (Orange),-40,1,
07:00:58,Hacker_Alfa,00:C0:CA:88:99:AA,Alfa Network,-51,7,Deauth Attack
07:00:58,Ma_B0x_Orange,FF:EE:DD:44:55:66,Unknown,-64,3,RSSI Spike
07:00:59,Ma_Box_Orange,E8:ED:F3:11:22:33,Sagemcom (Orange),-40,1,
07:00:59,Hacker_Alfa,00:C0:CA:88:99:AA,Alfa Network,-51,7,Deauth Attack
07:00:59,Ma_B0x_Orange,FF:EE:DD:44:55:66,Unknown,-64,3,RSSI Spike
07:01:01,Ma_Box_Orange,E8:ED:F3:11:22:33,Sagemcom (Orange),-59,1,
07:01:01,Hacker_Alfa,00:C0:CA:88:99:AA,Alfa Network,-51,7,Deauth Attack
07:01:01,Ma_B0x_Orange,FF:EE:DD:44:55:66,Unknown,-66,3,RSSI Spike
07:01:02,Ma_Box_Orange,E8:ED:F3:11:22:33,Sagemcom (Orange),-59,1,
07:01:02,Hacker_Alfa,00:C0:CA:88:99:AA,Alfa Network,-51,7,Deauth Attack
07:01:02,Ma_B0x_Orange,FF:EE:DD:44:55:66,Unknown,-67,3,RSSI Spike
07:01:04,Ma_Box_Orange,E8:ED:F3:11:22:33,Sagemcom (Orange),-60,1,
07:01:04,Hacker_Alfa,00:C0:CA:88:99:AA,Alfa Network,-52,7,Deauth Attack
07:01:04,Ma_B0x_Orange,FF:EE:DD:44:55:66,Unknown,-63,3,RSSI Spike
07:01:05,Ma_Box_Orange,E8:ED:F3:11:22:33,Sagemcom (Orange),-59,1,
07:01:05,Hacker_Alfa,00:C0:CA:88:99:AA,Alfa Network,-48,7,Deauth Attack
07:01:05,Ma_B0x_Orange,FF:EE:DD:44:55:66,Unknown,-64,3,RSSI Spike
07:01:07,Ma_Box_Orange,E8:ED:F3:11:22:33,Sagemcom (Orange),-62,1,
07:01:07,Hacker_Alfa,00:C0:CA:88:99:AA,Alfa Network,-51,7,Deauth Attack
07:01:07,Ma_B0x_Orange,FF:EE:DD:44:55:66,Unknown,-65,3,RSSI Spike
07:01:08,Ma_Box_Orange,E8:ED:F3:11:22:33,Sagemcom (Orange),-58,1,
07:01:08,Hacker_Alfa,00:C0:CA:88:99:AA,Alfa Network,-52,7,Deauth Attack
07:01:08,Ma_B0x_Orange,FF:EE:DD:44:55:66,Unknown,-67,3,RSSI Spike
07:01:10,Ma_Box_Orange,E8:ED:F3:11:22:33,Sagemcom (Orange),-60,1,
07:01:10,Hacker_Alfa,00:C0:CA:88:99:AA,Alfa Network,-49,7,Deauth Attack
07:01:10,Ma_B0x_Orange,FF:EE:DD:44:55:66,Unknown,-67,3,RSSI Spike
07:01:11,Ma_Box_Orange,E8:ED:F3:11:22:33,Sagemcom (Orange),-40,1,
07:01:11,Hacker_Alfa,00:C0:CA:88:99:AA,Alfa Network,-49,7,Deauth Attack
07:01:11,Ma_B0x_Orange,FF:EE:DD:44:55:66,Unknown,-67,3,RSSI Spike
07:01:13,Ma_Box_Orange,E8:ED:F3:11:22:33,Sagemcom (Orange),-40,1,
07:01:13,Hacker_Alfa,00:C0:CA:88:99:AA,Alfa Network,-50,7,Deauth Attack
07:01:13,Ma_B0x_Orange,FF:EE:DD:44:55:66,Unknown,-65,3,RSSI Spike
07:01:14,Ma_Box_Orange,E8:ED:F3:11:22:33,Sagemcom (Orange),-40,1,
07:01:14,Hacker_Alfa,00:C0:CA:88:99:AA,Alfa Network,-48,7,Deauth Attack
07:01:14,Ma_B0x_Orange,FF:EE:DD:44:55:66,Unknown,-65,3,RSSI Spike
07:01:16,Ma_Box_Orange,E8:ED:F3:11:22:33,Sagemcom (Orange),-58,1,
07:01:16,Hacker_Alfa,00:C0:CA:88:99:AA,Alfa Network,-50,7,Deauth Attack
07:01:16,Ma_B0x_Orange,FF:EE:DD:44:55:66,Unknown,-65,3,RSSI Spike
07:01:17,Ma_Box_Orange,E8:ED:F3:11:22:33,Sagemcom (Orange),-60,1,
07:01:17,Hacker_Alfa,00:C0:CA:88:99:AA,Alfa Network,-50,7,Deauth Attack
07:01:17,Ma_B0x_Orange,FF:EE:DD:44:55:66,Unknown,-63,3,RSSI Spike
07:01:19,Ma_Box_Orange,E8:ED:F3:11:22:33,Sagemcom (Orange),-58,1,
07:01:19,Hacker_Alfa,00:C0:CA:88:99:AA,Alfa Network,-51,7,Deauth Attack
07:01:19,Ma_B0x_Orange,FF:EE:DD:44:55:66,Unknown,-66,3,RSSI Spike
07:01:20,Ma_Box_Orange,E8:ED:F3:11:22:33,Sagemcom (Orange),-62,1,
07:01:20,Hacker_Alfa,00:C0:CA:88:99:AA,Alfa Network,-52,7,Deauth Attack
07:01:20,Ma_B0x_Orange,FF:EE:DD:44:55:66,Unknown,-66,3,RSSI Spike
07:01:22,Ma_Box_Orange,E8:ED:F3:11:22:33,Sagemcom (Orange),-61,1,
07:01:22,Hacker_Alfa,00:C0:CA:88:99:AA,Alfa Network,-52,7,Deauth Attack
07:01:22,Ma_B0x_Orange,FF:EE:DD:44:55:66,Unknown,-63,3,RSSI Spike
07:01:23,Ma_Box_Orange,E8:ED:F3:11:22:33,Sagemcom (Orange),-58,1,
07:01:23,Hacker_Alfa,00:C0:CA:88:99:AA,Alfa Network,-50,7,Deauth Attack
07:01:23,Ma_B0x_Orange,FF:EE:DD:44:55:66,Unknown,-66,3,RSSI Spike
07:01:25,Ma_Box_Orange,E8:ED:F3:11:22:33,Sagemcom (Orange),-59,1,
07:01:25,Hacker_Alfa,00:C0:CA:88:99:AA,Alfa Network,-50,7,Deauth Attack
07:01:25,Ma_B0x_Orange,FF:EE:DD:44:55:66,Unknown,-66,3,RSSI Spike
07:01:26,Ma_Box_Orange,E8:ED:F3:11:22:33,Sagemcom (Orange),-40,1,
07:01:26,Hacker_Alfa,00:C0:CA:88:99:AA,Alfa Network,-49,7,Deauth Attack
07:01:26,Ma_B0x_Orange,FF:EE:DD:44:55:66,Unknown,-64,3,RSSI Spike
07:01:28,Ma_Box_Orange,E8:ED:F3:11:22:33,Sagemcom (Orange),-40,1,
07:01:28,Hacker_Alfa,00:C0:CA:88:99:AA,Alfa Network,-49,7,Deauth Attack
07:01:28,Ma_B0x_Orange,FF:EE:DD:44:55:66,Unknown,-67,3,RSSI Spike
07:01:29,Ma_Box_Orange,E8:ED:F3:11:22:33,Sagemcom (Orange),-40,1,
07:01:29,Hacker_Alfa,00:C0:CA:88:99:AA,Alfa Network,-50,7,Deauth Attack
07:01:29,Ma_B0x_Orange,FF:EE:DD:44:55:66,Unknown,-63,3,RSSI Spike
07:01:31,Ma_Box_Orange,E8:ED:F3:11:22:33,Sagemcom (Orange),-59,1,
07:01:31,Hacker_Alfa,00:C0:CA:88:99:AA,Alfa Network,-52,7,Deauth Attack
07:01:31,Ma_B0x_Orange,FF:EE:DD:44:55:66,Unknown,-65,3,RSSI Spike
07:01:32,Ma_Box_Orange,E8:ED:F3:11:22:33,Sagemcom (Orange),-59,1,
07:01:32,Hacker_Alfa,00:C0:CA:88:99:AA,Alfa Network,-50,7,Deauth Attack
07:01:32,Ma_B0x_Orange,FF:EE:DD:44:55:66,Unknown,-63,3,RSSI Spike
07:01:34,Ma_Box_Orange,E8:ED:F3:11:22:33,Sagemcom (Orange),-58,1,
07:01:34,Hacker_Alfa,00:C0:CA:88:99:AA,Alfa Network,-49,7,Deauth Attack
07:01:34,Ma_B0x_Orange,FF:EE:DD:44:55:66,Unknown,-67,3,RSSI Spike
07:01:35,Ma_Box_Orange,E8:ED:F3:11:22:33,Sagemcom (Orange),-59,1,
07:01:35,Hacker_Alfa,00:C0:CA:88:99:AA,Alfa Network,-48,7,Deauth Attack
07:01:35,Ma_B0x_Orange,FF:EE:DD:44:55:66,Unknown,-65,3,RSSI Spike
07:01:37,Ma_Box_Orange,E8:ED:F3:11:22:33,Sagemcom (Orange),-62,1,
07:01:37,Hacker_Alfa,00:C0:CA:88:99:AA,Alfa Network,-48,7,Deauth Attack
07:01:37,Ma_B0x_Orange,FF:EE:DD:44:55:66,Unknown,-65,3,RSSI Spike
07:01:38,Ma_Box_Orange,E8:ED:F3:11:22:33,Sagemcom (Orange),-59,1,
07:01:38,Hacker_Alfa,00:C0:CA:88:99:AA,Alfa Network,-48,7,Deauth Attack
07:01:38,Ma_B0x_Orange,FF:EE:DD:44:55:66,Unknown,-65,3,RSSI Spike
07:01:40,Ma_Box_Orange,E8:ED:F3:11:22:33,Sagemcom (Orange),-59,1,
07:01:40,Hacker_Alfa,00:C0:CA:88:99:AA,Alfa Network,-51,7,Deauth Attack
07:01:40,Ma_B0x_Orange,FF:EE:DD:44:55:66,Unknown,-65,3,RSSI Spike
07:01:41,Ma_Box_Orange,E8:ED:F3:11:22:33,Sagemcom (Orange),-40,1,
07:01:41,Hacker_Alfa,00:C0:CA:88:99:AA,Alfa Network,-48,7,Deauth Attack
07:01:41,Ma_B0x_Orange,FF:EE:DD:44:55:66,Unknown,-64,3,RSSI Spike
07:01:43,Ma_Box_Orange,E8:ED:F3:11:22:33,Sagemcom (Orange),-40,1,
07:01:43,Hacker_Alfa,00:C0:CA:88:99:AA,Alfa Network,-48,7,Deauth Attack
07:01:43,Ma_B0x_Orange,FF:EE:DD:44:55:66,Unknown,-65,3,RSSI Spike
07:01:44,Ma_Box_Orange,E8:ED:F3:11:22:33,Sagemcom (Orange),-40,1,
07:01:44,Hacker_Alfa,00:C0:CA:88:99:AA,Alfa Network,-48,7,Deauth Attack
07:01:44,Ma_B0x_Orange,FF:EE:DD:44:55:66,Unknown,-65,3,RSSI Spike
07:01:46,Ma_Box_Orange,E8:ED:F3:11:22:33,Sagemcom (Orange),-58,1,
07:01:46,Hacker_Alfa,00:C0:CA:88:99:AA,Alfa Network,-48,7,Deauth Attack
07:01:46,Ma_B0x_Orange,FF:EE:DD:44:55:66,Unknown,-65,3,RSSI Spike
07:01:47,Ma_Box_Orange,E8:ED:F3:11:22:33,Sagemcom (Orange),-59,1,
07:01:47,Hacker_Alfa,00:C0:CA:88:99:AA,Alfa Network,-52,7,Deauth Attack
07:01:47,Ma_B0x_Orange,FF:EE:DD:44:55:66,Unknown,-64,3,RSSI Spike
07:01:49,Ma_Box_Orange,E8:ED:F3:11:22:33,Sagemcom (Orange),-59,1,
07:01:49,Hacker_Alfa,00:C0:CA:88:99:AA,Alfa Network,-50,7,Deauth Attack
07:01:49,Ma_B0x_Orange,FF:EE:DD:44:55:66,Unknown,-65,3,RSSI Spike
07:01:50,Ma_Box_Orange,E8:ED:F3:11:22:33,Sagemcom (Orange),-61,1,
07:01:50,Hacker_Alfa,00:C0:CA:88:99:AA,Alfa Network,-50,7,Deauth Attack
07:01:50,Ma_B0x_Orange,FF:EE:DD:44:55:66,Unknown,-64,3,RSSI Spike
07:01:52,Ma_Box_Orange,E8:ED:F3:11:22:33,Sagemcom (Orange),-62,1,
07:01:52,Hacker_Alfa,00:C0:CA:88:99:AA,Alfa Network,-50,7,Deauth Attack
07:01:52,Ma_B0x_Orange,FF:EE:DD:44:55:66,Unknown,-66,3,RSSI Spike
07:01:53,Ma_Box_Orange,E8:ED:F3:11:22:33,Sagemcom (Orange),-60,1,
07:01:53,Hacker_Alfa,00:C0:CA:88:99:AA,Alfa Network,-51,7,Deauth Attack
07:01:53,Ma_B0x_Orange,FF:EE:DD:44:55:66,Unknown,-63,3,RSSI Spike
07:01:55,Ma_Box_Orange,E8:ED:F3:11:22:33,Sagemcom (Orange),-58,1,
07:01:55,Hacker_Alfa,00:C0:CA:88:99:AA,Alfa Network,-52,7,Deauth Attack
07:01:55,Ma_B0x_Orange,FF:EE:DD:44:55:66,Unknown,-66,3,RSSI Spike
07:01:56,Ma_Box_Orange,E8:ED:F3:11:22:33,Sagemcom (Orange),-40,1,
07:01:56,Hacker_Alfa,00:C0:CA:88:99:AA,Alfa Network,-52,7,Deauth Attack
07:01:56,Ma_B0x_Orange,FF:EE:DD:44:55:66,Unknown,-67,3,RSSI Spike
07:01:58,Ma_Box_Orange,E8:ED:F3:11:22:33,Sagemcom (Orange),-40,1,
07:01:58,Hacker_Alfa,00:C0:CA:88:99:AA,Alfa Network,-52,7,Deauth Attack
07:01:58,Ma_B0x_Orange,FF:EE:DD:44:55:66,Unknown,-66,3,RSSI Spike
07:01:59,Ma_Box_Orange,E8:ED:F3:11:22:33,Sagemcom (Orange),-40,1,
07:01:59,Hacker_Alfa,00:C0:CA:88:99:AA,Alfa Network,-49,7,Deauth Attack
07:01:59,Ma_B0x_Orange,FF:EE:DD:44:55:66,Unknown,-64,3,RSSI Spike
07:02:01,Ma_Box_Orange,E8:ED:F3:11:22:33,Sagemcom (Orange),-59,1,
07:02:01,Hacker_Alfa,00:C0:CA:88:99:AA,Alfa Network,-51,7,Deauth Attack
07:02:01,Ma_B0x_Orange,FF:EE:DD:44:55:66,Unknown,-67,3,RSSI Spike
07:02:02,Ma_Box_Orange,E8:ED:F3:11:22:33,Sagemcom (Orange),-62,1,
07:02:02,Hacker_Alfa,00:C0:CA:88:99:AA,Alfa Network,-52,7,Deauth Attack
07:02:02,Ma_B0x_Orange,FF:EE:DD:44:55:66,Unknown,-66,3,RSSI Spike
07:02:04,Ma_Box_Orange,E8:ED:F3:11:22:33,Sagemcom (Orange),-60,1,
07:02:04,Hacker_Alfa,00:C0:CA:88:99:AA,Alfa Network,-50,7,Deauth Attack
07:02:04,Ma_B0x_Orange,FF:EE:DD:44:55:66,Unknown,-65,3,RSSI Spike
07:02:05,Ma_Box_Orange,E8:ED:F3:11:22:33,Sagemcom (Orange),-62,1,
07:02:05,Hacker_Alfa,00:C0:CA:88:99:AA,Alfa Network,-50,7,Deauth Attack
07:02:05,Ma_B0x_Orange,FF:EE:DD:44:55:66,Unknown,-64,3,RSSI Spike
07:02:07,Ma_Box_Orange,E8:ED:F3:11:22:33,Sagemcom (Orange),-58,1,
07:02:07,Hacker_Alfa,00:C0:CA:88:99:AA,Alfa Network,-52,7,Deauth Attack
07:02:07,Ma_B0x_Orange,FF:EE:DD:44:55:66,Unknown,-67,3,RSSI Spike
07:02:08,Ma_Box_Orange,E8:ED:F3:11:22:33,Sagemcom (Orange),-59,1,
07:02:08,Hacker_Alfa,00:C0:CA:88:99:AA,Alfa Network,-49,7,Deauth Attack
07:02:08,Ma_B0x_Orange,FF:EE:DD:44:55:66,Unknown,-66,3,RSSI Spike
07:02:10,Ma_Box_Orange,E8:ED:F3:11:22:33,Sagemcom (Orange),-58,1,
07:02:10,Hacker_Alfa,00:C0:CA:88:99:AA,Alfa Network,-49,7,Deauth Attack
07:02:10,Ma_B0x_Orange,FF:EE:DD:44:55:66,Unknown,-65,3,RSSI Spike
07:02:11,Ma_Box_Orange,E8:ED:F3:11:22:33,Sagemcom (Orange),-40,1,
07:02:11,Hacker_Alfa,00:C0:CA:88:99:AA,Alfa Network,-50,7,Deauth Attack
07:02:11,Ma_B0x_Orange,FF:EE:DD:44:55:66,Unknown,-63,3,RSSI Spike
07:02:13,Ma_Box_Orange,E8:ED:F3:11:22:33,Sagemcom (Orange),-40,1,
07:02:13,Hacker_Alfa,00:C0:CA:88:99:AA,Alfa Network,-49,7,Deauth Attack
07:02:13,Ma_B0x_Orange,FF:EE:DD:44:55:66,Unknown,-65,3,RSSI Spike
07:02:14,Ma_Box_Orange,E8:ED:F3:11:22:33,Sagemcom (Orange),-40,1,
07:02:14,Hacker_Alfa,00:C0:CA:88:99:AA,Alfa Network,-50,7,Deauth Attack
07:02:14,Ma_B0x_Orange,FF:EE:DD:44:55:66,Unknown,-63,3,RSSI Spike
07:02:16,Ma_Box_Orange,E8:ED:F3:11:22:33,Sagemcom (Orange),-61,1,
07:02:16,Hacker_Alfa,00:C0:CA:88:99:AA,Alfa Network,-49,7,Deauth Attack
07:02:16,Ma_B0x_Orange,FF:EE:DD:44:55:66,Unknown,-63,3,RSSI Spike
07:02:17,Ma_Box_Orange,E8:ED:F3:11:22:33,Sagemcom (Orange),-58,1,
07:02:17,Hacker_Alfa,00:C0:CA:88:99:AA,Alfa Network,-52,7,Deauth Attack
07:02:17,Ma_B0x_Orange,FF:EE:DD:44:55:66,Unknown,-67,3,RSSI Spike
07:02:19,Ma_Box_Orange,E8:ED:F3:11:22:33,Sagemcom (Orange),-59,1,
07:02:19,Hacker_Alfa,00:C0:CA:88:99:AA,Alfa Network,-50,7,Deauth Attack
07:02:19,Ma_B0x_Orange,FF:EE:DD:44:55:66,Unknown,-66,3,RSSI Spike
07:02:20,Ma_Box_Orange,E8:ED:F3:11:22:33,Sagemcom (Orange),-60,1,
07:02:20,Hacker_Alfa,00:C0:CA:88:99:AA,Alfa Network,-50,7,Deauth Attack
07:02:20,Ma_B0x_Orange,FF:EE:DD:44:55:66,Unknown,-64,3,RSSI Spike
07:02:22,Ma_Box_Orange,E8:ED:F3:11:22:33,Sagemcom (Orange),-59,1,
07:02:22,Hacker_Alfa,00:C0:CA:88:99:AA,Alfa Network,-50,7,Deauth Attack
07:02:22,Ma_B0x_Orange,FF:EE:DD:44:55:66,Unknown,-66,3,RSSI Spike
07:02:23,Ma_Box_Orange,E8:ED:F3:11:22:33,Sagemcom (Orange),-59,1,
07:02:23,Hacker_Alfa,00:C0:CA:88:99:AA,Alfa Network,-50,7,Deauth Attack
07:02:23,Ma_B0x_Orange,FF:EE:DD:44:55:66,Unknown,-65,3,RSSI Spike
07:02:25,Ma_Box_Orange,E8:ED:F3:11:22:33,Sagemcom (Orange),-60,1,
07:02:25,Hacker_Alfa,00:C0:CA:88:99:AA,Alfa Network,-49,7,Deauth Attack
07:02:25,Ma_B0x_Orange,FF:EE:DD:44:55:66,Unknown,-67,3,RSSI Spike
07:02:26,Ma_Box_Orange,E8:ED:F3:11:22:33,Sagemcom (Orange),-40,1,
07:02:26,Hacker_Alfa,00:C0:CA:88:99:AA,Alfa Network,-51,7,Deauth Attack
07:02:26,Ma_B0x_Orange,FF:EE:DD:44:55:66,Unknown,-63,3,RSSI Spike
07:02:28,Ma_Box_Orange,E8:ED:F3:11:22:33,Sagemcom (Orange),-40,1,
07:02:28,Hacker_Alfa,00:C0:CA:88:99:AA,Alfa Network,-52,7,Deauth Attack
07:02:28,Ma_B0x_Orange,FF:EE:DD:44:55:66,Unknown,-65,3,RSSI Spike
07:02:29,Ma_Box_Orange,E8:ED:F3:11:22:33,Sagemcom (Orange),-40,1,
07:02:29,Hacker_Alfa,00:C0:CA:88:99:AA,Alfa Network,-48,7,Deauth Attack
07:02:29,Ma_B0x_Orange,FF:EE:DD:44:55:66,Unknown,-64,3,RSSI Spike
07:02:31,Ma_Box_Orange,E8:ED:F3:11:22:33,Sagemcom (Orange),-61,1,
07:02:31,Hacker_Alfa,00:C0:CA:88:99:AA,Alfa Network,-52,7,Deauth Attack
07:02:31,Ma_B0x_Orange,FF:EE:DD:44:55:66,Unknown,-63,3,RSSI Spike
07:02:32,Ma_Box_Orange,E8:ED:F3:11:22:33,Sagemcom (Orange),-60,1,
07:02:32,Hacker_Alfa,00:C0:CA:88:99:AA,Alfa Network,-48,7,Deauth Attack
07:02:32,Ma_B0x_Orange,FF:EE:DD:44:55:66,Unknown,-63,3,RSSI Spike
07:02:34,Ma_Box_Orange,E8:ED:F3:11:22:33,Sagemcom (Orange),-58,1,
07:02:34,Hacker_Alfa,00:C0:CA:88:99:AA,Alfa Network,-49,7,Deauth Attack
07:02:34,Ma_B0x_Orange,FF:EE:DD:44:55:66,Unknown,-63,3,RSSI Spike
07:02:35,Ma_Box_Orange,E8:ED:F3:11:22:33,Sagemcom (Orange),-60,1,
07:02:35,Hacker_Alfa,00:C0:CA:88:99:AA,Alfa Network,-52,7,Deauth Attack
07:02:35,Ma_B0x_Orange,FF:EE:DD:44:55:66,Unknown,-66,3,RSSI Spike
07:02:37,Ma_Box_Orange,E8:ED:F3:11:22:33,Sagemcom (Orange),-61,1,
07:02:37,Hacker_Alfa,00:C0:CA:88:99:AA,Alfa Network,-48,7,Deauth Attack
07:02:37,Ma_B0x_Orange,FF:EE:DD:44:55:66,Unknown,-65,3,RSSI Spike
07:02:38,Ma_Box_Orange,E8:ED:F3:11:22:33,Sagemcom (Orange),-61,1,
07:02:38,Hacker_Alfa,00:C0:CA:88:99:AA,Alfa Network,-49,7,Deauth Attack
07:02:38,Ma_B0x_Orange,FF:EE:DD:44:55:66,Unknown,-67,3,RSSI Spike
07:02:40,Ma_Box_Orange,E8:ED:F3:11:22:33,Sagemcom (Orange),-58,1,
07:02:40,Hacker_Alfa,00:C0:CA:88:99:AA,Alfa Network,-51,7,Deauth Attack
07:02:40,Ma_B0x_Orange,FF:EE:DD:44:55:66,Unknown,-66,3,RSSI Spike
07:02:41,Ma_Box_Orange,E8:ED:F3:11:22:33,Sagemcom (Orange),-40,1,
07:02:41,Hacker_Alfa,00:C0:CA:88:99:AA,Alfa Network,-48,7,Deauth Attack
07:02:41,Ma_B0x_Orange,FF:EE:DD:44:55:66,Unknown,-63,3,RSSI Spike
07:02:43,Ma_Box_Orange,E8:ED:F3:11:22:33,Sagemcom (Orange),-40,1,
07:02:43,Hacker_Alfa,00:C0:CA:88:99:AA,Alfa Network,-49,7,Deauth Attack
07:02:43,Ma_B0x_Orange,FF:EE:DD:44:55:66,Unknown,-67,3,RSSI Spike
07:02:44,Ma_Box_Orange,E8:ED:F3:11:22:33,Sagemcom (Orange),-40,1,
07:02:44,Hacker_Alfa,00:C0:CA:88:99:AA,Alfa Network,-52,7,Deauth Attack
07:02:44,Ma_B0x_Orange,FF:EE:DD:44:55:66,Unknown,-67,3,RSSI Spike
07:02:46,Ma_Box_Orange,E8:ED:F3:11:22:33,Sagemcom (Orange),-58,1,
07:02:46,Hacker_Alfa,00:C0:CA:88:99:AA,Alfa Network,-48,7,Deauth Attack
07:02:46,Ma_B0x_Orange,FF:EE:DD:44:55:66,Unknown,-65,3,RSSI Spike
07:02:47,Ma_Box_Orange,E8:ED:F3:11:22:33,Sagemcom (Orange),-60,1,
07:02:47,Hacker_Alfa,00:C0:CA:88:99:AA,Alfa Network,-52,7,Deauth Attack
07:02:47,Ma_B0x_Orange,FF:EE:DD:44:55:66,Unknown,-63,3,RSSI Spike
