Time,SSID,BSSID,Vendor,RSSI,Score,Reason
22:49:31,Idoom 4G_EA51A,54:1F:8D:8E:A5:1A,Unknown,-100,0,
22:49:32,Idoom 4G_EA51A,54:1F:8D:8E:A5:1A,Unknown,-100,0,
22:49:34,Idoom 4G_EA51A,54:1F:8D:8E:A5:1A,Unknown,-100,0,
22:49:35,Idoom 4G_EA51A,54:1F:8D:8E:A5:1A,Unknown,-100,0,
22:49:37,Idoom 4G_EA51A,54:1F:8D:8E:A5:1A,Unknown,-100,0,
22:49:38,Idoom 4G_EA51A,54:1F:8D:8E:A5:1A,Unknown,-100,0,
22:49:40,Idoom 4G_EA51A,54:1F:8D:8E:A5:1A,Unknown,-100,0,
22:49:41,Idoom 4G_EA51A,54:1F:8D:8E:A5:1A,Unknown,-100,0,
22:49:43,Idoom 4G_EA51A,54:1F:8D:8E:A5:1A,Unknown,-100,0,
22:49:44,Idoom 4G_EA51A,54:1F:8D:8E:A5:1A,Unknown,-100,0,
22:49:44,Idoom 4G_1FCFA,54:1F:8D:F1:FC:FA,Unknown,-100,0,
22:49:46,Idoom 4G_EA51A,54:1F:8D:8E:A5:1A,Unknown,-100,0,
22:49:46,Idoom 4G_1FCFA,54:1F:8D:F1:FC:FA,Unknown,-100,0,
22:49:47,Idoom 4G_EA51A,54:1F:8D:8E:A5:1A,Unknown,-100,0,
22:49:47,Idoom 4G_1FCFA,54:1F:8D:F1:FC:FA,Unknown,-100,0,
22:49:49,Idoom 4G_EA51A,54:1F:8D:8E:A5:1A,Unknown,-100,0,
22:49:49,Idoom 4G_1FCFA,54:1F:8D:F1:FC:FA,Unknown,-100,0,
22:49:50,Idoom 4G_EA51A,54:1F:8D:8E:A5:1A,Unknown,-100,0,
22:49:50,Idoom 4G_1FCFA,54:1F:8D:F1:FC:FA,Unknown,-100,0,
22:49:52,Idoom 4G_EA51A,54:1F:8D:8E:A5:1A,Unknown,-100,0,
22:49:52,Idoom 4G_1FCFA,54:1F:8D:F1:FC:FA,Unknown,-100,0,
22:49:53,Idoom 4G_EA51A,54:1F:8D:8E:A5:1A,Unknown,-100,0,
22:49:53,Idoom 4G_1FCFA,54:1F:8D:F1:FC:FA,Unknown,-100,0,
22:49:55,Idoom 4G_EA51A,54:1F:8D:8E:A5:1A,Unknown,-100,0,
22:49:55,Idoom 4G_1FCFA,54:1F:8D:F1:FC:FA,Unknown,-100,0,
22:49:56,Idoom 4G_EA51A,54:1F:8D:8E:A5:1A,Unknown,-100,0,
22:49:56,Idoom 4G_1FCFA,54:1F:8D:F1:FC:FA,Unknown,-100,0,
22:49:58,Idoom 4G_EA51A,54:1F:8D:8E:A5:1A,Unknown,-100,0,
22:49:58,Idoom 4G_1FCFA,54:1F:8D:F1:FC:FA,Unknown,-100,0,
22:49:59,Idoom 4G_EA51A,54:1F:8D:8E:A5:1A,Unknown,-100,0,
22:49:59,Idoom 4G_1FCFA,54:1F:8D:F1:FC:FA,Unknown,-100,0,
22:50:01,Idoom 4G_EA51A,54:1F:8D:8E:A5:1A,Unknown,-100,0,
22:50:01,Idoom 4G_1FCFA,54:1F:8D:F1:FC:FA,Unknown,-100,0,
22:50:02,Idoom 4G_EA51A,54:1F:8D:8E:A5:1A,Unknown,-100,0,
22:50:02,Idoom 4G_1FCFA,54:1F:8D:F1:FC:FA,Unknown,-100,0,
22:50:04,Idoom 4G_EA51A,54:1F:8D:8E:A5:1A,Unknown,-100,0,
22:50:04,Idoom 4G_1FCFA,54:1F:8D:F1:FC:FA,Unknown,-100,0,
22:50:05,Idoom 4G_EA51A,54:1F:8D:8E:A5:1A,Unknown,-100,0,
22:50:05,Idoom 4G_1FCFA,54:1F:8D:F1:FC:FA,Unknown,-100,0,
22:50:07,Idoom 4G_EA51A,54:1F:8D:8E:A5:1A,Unknown,-100,0,
22:50:07,Idoom 4G_1FCFA,54:1F:8D:F1:FC:FA,Unknown,-100,0,
22:50:08,Idoom 4G_EA51A,54:1F:8D:8E:A5:1A,Unknown,-100,0,
22:50:08,Idoom 4G_1FCFA,54:1F:8D:F1:FC:FA,Unknown,-100,0,
22:50:10,Idoom 4G_EA51A,54:1F:8D:8E:A5:1A,Unknown,-100,0,
22:50:10,Idoom 4G_1FCFA,54:1F:8D:F1:FC:FA,Unknown,-100,0,
22:50:10,Idoom 4G_DE8C3,5C:4D:BF:6D:E8:C3,Unknown,-100,0,
22:50:11,Idoom 4G_EA51A,54:1F:8D:8E:A5:1A,Unknown,-100,0,
22:50:11,Idoom 4G_1FCFA,54:1F:8D:F1:FC:FA,Unknown,-100,0,
22:50:11,Idoom 4G_DE8C3,5C:4D:BF:6D:E8:C3,Unknown,-100,0,
22:50:13,Idoom 4G_EA51A,54:1F:8D:8E:A5:1A,Unknown,-100,0,
22:50:13,Idoom 4G_1FCFA,54:1F:8D:F1:FC:FA,Unknown,-100,0,
22:50:13,Idoom 4G_DE8C3,5C:4D:BF:6D:E8:C3,Unknown,-100,0,
22:50:14,Idoom 4G_EA51A,54:1F:8D:8E:A5:1A,Unknown,-100,0,
22:50:14,Idoom 4G_1FCFA,54:1F:8D:F1:FC:FA,Unknown,-100,0,
22:50:14,Idoom 4G_DE8C3,5C:4D:BF:6D:E8:C3,Unknown,-100,0,
22:50:16,Idoom 4G_EA51A,54:1F:8D:8E:A5:1A,Unknown,-100,0,
22:50:16,Idoom 4G_1FCFA,54:1F:8D:F1:FC:FA,Unknown,-100,0,
22:50:16,Idoom 4G_DE8C3,5C:4D:BF:6D:E8:C3,Unknown,-100,0,
22:50:17,Idoom 4G_EA51A,54:1F:8D:8E:A5:1A,Unknown,-100,0,
22:50:17,Idoom 4G_1FCFA,54:1F:8D:F1:FC:FA,Unknown,-100,0,
22:50:17,Idoom 4G_DE8C3,5C:4D:BF:6D:E8:C3,Unknown,-100,0,
22:50:19,Idoom 4G_EA51A,54:1F:8D:8E:A5:1A,Unknown,-100,0,
22:50:19,Idoom 4G_1FCFA,54:1F:8D:F1:FC:FA,Unknown,-100,0,
22:50:19,Idoom 4G_DE8C3,5C:4D:BF:6D:E8:C3,Unknown,-100,0,
22:50:20,Idoom 4G_EA51A,54:1F:8D:8E:A5:1A,Unknown,-100,0,
22:50:20,Idoom 4G_1FCFA,54:1F:8D:F1:FC:FA,Unknown,-100,0,
22:50:20,Idoom 4G_DE8C3,5C:4D:BF:6D:E8:C3,Unknown,-100,0,
22:50:22,Idoom 4G_EA51A,54:1F:8D:8E:A5:1A,Unknown,-100,0,
22:50:22,Idoom 4G_1FCFA,54:1F:8D:F1:FC:FA,Unknown,-100,0,
22:50:22,Idoom 4G_DE8C3,5C:4D:BF:6D:E8:C3,Unknown,-100,0,
22:50:23,Idoom 4G_EA51A,54:1F:8D:8E:A5:1A,Unknown,-100,0,
22:50:23,Idoom 4G_1FCFA,54:1F:8D:F1:FC:FA,Unknown,-100,0,
22:50:23,Idoom 4G_DE8C3,5C:4D:BF:6D:E8:C3,Unknown,-100,0,
22:50:25,Idoom 4G_EA51A,54:1F:8D:8E:A5:1A,Unknown,-100,0,
22:50:25,Idoom 4G_1FCFA,54:1F:8D:F1:FC:FA,Unknown,-100,0,
22:50:25,Idoom 4G_DE8C3,5C:4D:BF:6D:E8:C3,Unknown,-100,0,
22:50:26,Idoom 4G_EA51A,54:1F:8D:8E:A5:1A,Unknown,-100,0,
22:50:26,Idoom 4G_1FCFA,54:1F:8D:F1:FC:FA,Unknown,-100,0,
22:50:26,Idoom 4G_DE8C3,5C:4D:BF:6D:E8:C3,Unknown,-100,0,
22:50:28,Idoom 4G_EA51A,54:1F:8D:8E:A5:1A,Unknown,-100,0,
22:50:28,Idoom 4G_1FCFA,54:1F:8D:F1:FC:FA,Unknown,-100,0,
22:50:28,Idoom 4G_DE8C3,5C:4D:BF:6D:E8:C3,Unknown,-100,0,
22:50:29,Idoom 4G_EA51A,54:1F:8D:8E:A5:1A,Unknown,-100,0,
22:50:29,Idoom 4G_1FCFA,54:1F:8D:F1:FC:FA,Unknown,-100,0,
22:50:29,Idoom 4G_DE8C3,5C:4D:BF:6D:E8:C3,Unknown,-100,0,
22:50:31,Idoom 4G_EA51A,54:1F:8D:8E:A5:1A,Unknown,-100,0,
22:50:31,Idoom 4G_1FCFA,54:1F:8D:F1:FC:FA,Unknown,-100,0,
22:50:31,Idoom 4G_DE8C3,5C:4D:BF:6D:E8:C3,Unknown,-100,0,
22:50:32,Idoom 4G_EA51A,54:1F:8D:8E:A5:1A,Unknown,-100,0,
22:50:32,Idoom 4G_1FCFA,54:1F:8D:F1:FC:FA,Unknown,-100,0,
22:50:32,Idoom 4G_DE8C3,5C:4D:BF:6D:E8:C3,Unknown,-100,0,
22:50:34,Idoom 4G_EA51A,54:1F:8D:8E:A5:1A,Unknown,-100,0,
22:50:34,Idoom 4G_1FCFA,54:1F:8D:F1:FC:FA,Unknown,-100,0,
22:50:34,Idoom 4G_DE8C3,5C:4D:BF:6D:E8:C3,Unknown,-100,0,
22:50:35,Idoom 4G_EA51A,54:1F:8D:8E:A5:1A,Unknown,-100,0,
22:50:35,Idoom 4G_1FCFA,54:1F:8D:F1:FC:FA,Unknown,-100,0,
22:50:35,Idoom 4G_DE8C3,5C:4D:BF:6D:E8:C3,Unknown,-100,0,
22:50:37,Idoom 4G_EA51A,54:1F:8D:8E:A5:1A,Unknown,-100,0,
22:50:37,Idoom 4G_1FCFA,54:1F:8D:F1:FC:FA,Unknown,-100,0,
22:50:37,Idoom 4G_DE8C3,5C:4D:BF:6D:E8:C3,Unknown,-100,0,
22:50:38,Idoom 4G_EA51A,54:1F:8D:8E:A5:1A,Unknown,-100,0,
22:50:38,Idoom 4G_1FCFA,54:1F:8D:F1:FC:FA,Unknown,-100,0,
22:50:38,Idoom 4G_DE8C3,5C:4D:BF:6D:E8:C3,Unknown,-100,0,
22:50:40,Idoom 4G_EA51A,54:1F:8D:8E:A5:1A,Unknown,-100,0,
22:50:40,Idoom 4G_1FCFA,54:1F:8D:F1:FC:FA,Unknown,-100,0,
22:50:40,Idoom 4G_DE8C3,5C:4D:BF:6D:E8:C3,Unknown,-100,0,
22:50:41,Idoom 4G_EA51A,54:1F:8D:8E:A5:1A,Unknown,-100,0,
22:50:41,Idoom 4G_1FCFA,54:1F:8D:F1:FC:FA,Unknown,-100,0,
22:50:41,Idoom 4G_DE8C3,5C:4D:BF:6D:E8:C3,Unknown,-100,0,
22:50:43,Idoom 4G_EA51A,54:1F:8D:8E:A5:1A,Unknown,-100,0,
22:50:43,Idoom 4G_1FCFA,54:1F:8D:F1:FC:FA,Unknown,-100,0,
22:50:43,Idoom 4G_DE8C3,5C:4D:BF:6D:E8:C3,Unknown,-100,0,
22:50:44,Idoom 4G_EA51A,54:1F:8D:8E:A5:1A,Unknown,-100,0,
22:50:44,Idoom 4G_1FCFA,54:1F:8D:F1:FC:FA,Unknown,-100,0,
22:50:44,Idoom 4G_DE8C3,5C:4D:BF:6D:E8:C3,Unknown,-100,0,
22:50:46,Idoom 4G_EA51A,54:1F:8D:8E:A5:1A,Unknown,-100,0,
22:50:46,Idoom 4G_1FCFA,54:1F:8D:F1:FC:FA,Unknown,-100,0,
22:50:46,Idoom 4G_DE8C3,5C:4D:BF:6D:E8:C3,Unknown,-100,0,
22:50:47,Idoom 4G_EA51A,54:1F:8D:8E:A5:1A,Unknown,-100,0,
22:50:47,Idoom 4G_1FCFA,54:1F:8D:F1:FC:FA,Unknown,-100,0,
22:50:47,Idoom 4G_DE8C3,5C:4D:BF:6D:E8:C3,Unknown,-100,0,
22:50:49,Idoom 4G_EA51A,54:1F:8D:8E:A5:1A,Unknown,-100,0,
22:50:49,Idoom 4G_1FCFA,54:1F:8D:F1:FC:FA,Unknown,-100,0,
22:50:49,Idoom 4G_DE8C3,5C:4D:BF:6D:E8:C3,Unknown,-100,0,
22:50:50,Idoom 4G_EA51A,54:1F:8D:8E:A5:1A,Unknown,-100,0,
22:50:50,Idoom 4G_1FCFA,54:1F:8D:F1:FC:FA,Unknown,-100,0,
22:50:50,Idoom 4G_DE8C3,5C:4D:BF:6D:E8:C3,Unknown,-100,0,
22:50:52,Idoom 4G_EA51A,54:1F:8D:8E:A5:1A,Unknown,-100,0,
22:50:52,Idoom 4G_1FCFA,54:1F:8D:F1:FC:FA,Unknown,-100,0,
22:50:52,Idoom 4G_DE8C3,5C:4D:BF:6D:E8:C3,Unknown,-100,0,
22:50:53,Idoom 4G_EA51A,54:1F:8D:8E:A5:1A,Unknown,-100,0,
22:50:53,Idoom 4G_1FCFA,54:1F:8D:F1:FC:FA,Unknown,-100,0,
22:50:53,Idoom 4G_DE8C3,5C:4D:BF:6D:E8:C3,Unknown,-100,0,
22:50:55,Idoom 4G_EA51A,54:1F:8D:8E:A5:1A,Unknown,-100,0,
22:50:55,Idoom 4G_1FCFA,54:1F:8D:F1:FC:FA,Unknown,-100,0,
22:50:55,Idoom 4G_DE8C3,5C:4D:BF:6D:E8:C3,Unknown,-100,0,
22:50:56,Idoom 4G_EA51A,54:1F:8D:8E:A5:1A,Unknown,-100,0,
22:50:56,Idoom 4G_1FCFA,54:1F:8D:F1:FC:FA,Unknown,-100,0,
22:50:56,Idoom 4G_DE8C3,5C:4D:BF:6D:E8:C3,Unknown,-100,0,
22:50:58,Idoom 4G_EA51A,54:1F:8D:8E:A5:1A,Unknown,-100,0,
22:50:58,Idoom 4G_1FCFA,54:1F:8D:F1:FC:FA,Unknown,-100,0,
22:50:58,Idoom 4G_DE8C3,5C:4D:BF:6D:E8:C3,Unknown,-100,0,
22:50:59,Idoom 4G_EA51A,54:1F:8D:8E:A5:1A,Unknown,-100,0,
22:50:59,Idoom 4G_1FCFA,54:1F:8D:F1:FC:FA,Unknown,-100,0,
22:50:59,Idoom 4G_DE8C3,5C:4D:BF:6D:E8:C3,Unknown,-100,0,
22:51:01,Idoom 4G_EA51A,54:1F:8D:8E:A5:1A,Unknown,-100,0,
22:51:01,Idoom 4G_1FCFA,54:1F:8D:F1:FC:FA,Unknown,-100,0,
22:51:01,Idoom 4G_DE8C3,5C:4D:BF:6D:E8:C3,Unknown,-100,0,
22:51:02,Idoom 4G_EA51A,54:1F:8D:8E:A5:1A,Unknown,-100,0,
22:51:02,Idoom 4G_1FCFA,54:1F:8D:F1:FC:FA,Unknown,-100,0,
22:51:02,Idoom 4G_DE8C3,5C:4D:BF:6D:E8:C3,Unknown,-100,0,
22:51:04,Idoom 4G_EA51A,54:1F:8D:8E:A5:1A,Unknown,-100,0,
22:51:04,Idoom 4G_1FCFA,54:1F:8D:F1:FC:FA,Unknown,-100,0,
22:51:04,Idoom 4G_DE8C3,5C:4D:BF:6D:E8:C3,Unknown,-100,0,
22:51:05,Idoom 4G_EA51A,54:1F:8D:8E:A5:1A,Unknown,-100,0,
22:51:05,Idoom 4G_1FCFA,54:1F:8D:F1:FC:FA,Unknown,-100,0,
22:51:05,Idoom 4G_DE8C3,5C:4D:BF:6D:E8:C3,Unknown,-100,0,
22:51:07,Idoom 4G_EA51A,54:1F:8D:8E:A5:1A,Unknown,-100,0,
22:51:07,Idoom 4G_1FCFA,54:1F:8D:F1:FC:FA,Unknown,-100,0,
22:51:07,Idoom 4G_DE8C3,5C:4D:BF:6D:E8:C3,Unknown,-100,0,
22:51:08,Idoom 4G_EA51A,54:1F:8D:8E:A5:1A,Unknown,-100,0,
22:51:08,Idoom 4G_1FCFA,54:1F:8D:F1:FC:FA,Unknown,-100,0,
22:51:08,Idoom 4G_DE8C3,5C:4D:BF:6D:E8:C3,Unknown,-100,0,
22:51:10,Idoom 4G_EA51A,54:1F:8D:8E:A5:1A,Unknown,-100,0,
22:51:10,Idoom 4G_1FCFA,54:1F:8D:F1:FC:FA,Unknown,-100,0,
22:51:10,Idoom 4G_DE8C3,5C:4D:BF:6D:E8:C3,Unknown,-100,0,
22:51:11,Idoom 4G_EA51A,54:1F:8D:8E:A5:1A,Unknown,-100,0,
22:51:11,Idoom 4G_1FCFA,54:1F:8D:F1:FC:FA,Unknown,-100,0,
22:51:11,Idoom 4G_DE8C3,5C:4D:BF:6D:E8:C3,Unknown,-100,0,
22:51:13,Idoom 4G_EA51A,54:1F:8D:8E:A5:1A,Unknown,-100,0,
22:51:13,Idoom 4G_1FCFA,54:1F:8D:F1:FC:FA,Unknown,-100,0,
22:51:13,Idoom 4G_DE8C3,5C:4D:BF:6D:E8:C3,Unknown,-100,0,
22:51:14,Idoom 4G_EA51A,54:1F:8D:8E:A5:1A,Unknown,-100,0,
22:51:14,Idoom 4G_1FCFA,54:1F:8D:F1:FC:FA,Unknown,-100,0,
22:51:14,Idoom 4G_DE8C3,5C:4D:BF:6D:E8:C3,Unknown,-100,0,
22:51:16,Idoom 4G_EA51A,54:1F:8D:8E:A5:1A,Unknown,-100,0,
22:51:16,Idoom 4G_1FCFA,54:1F:8D:F1:FC:FA,Unknown,-100,0,
22:51:16,Idoom 4G_DE8C3,5C:4D:BF:6D:E8:C3,Unknown,-100,0,
22:51:17,Idoom 4G_EA51A,54:1F:8D:8E:A5:1A,Unknown,-100,0,
22:51:17,Idoom 4G_1FCFA,54:1F:8D:F1:FC:FA,Unknown,-100,0,
22:51:17,Idoom 4G_DE8C3,5C:4D:BF:6D:E8:C3,Unknown,-100,0,
22:51:19,Idoom 4G_EA51A,54:1F:8D:8E:A5:1A,Unknown,-100,0,
22:51:19,Idoom 4G_1FCFA,54:1F:8D:F1:FC:FA,Unknown,-100,0,
22:51:19,Idoom 4G_DE8C3,5C:4D:BF:6D:E8:C3,Unknown,-100,0,
22:51:20,Idoom 4G_EA51A,54:1F:8D:8E:A5:1A,Unknown,-100,0,
22:51:20,Idoom 4G_1FCFA,54:1F:8D:F1:FC:FA,Unknown,-100,0,
22:51:20,Idoom 4G_DE8C3,5C:4D:BF:6D:E8:C3,Unknown,-100,0,
22:51:22,Idoom 4G_EA51A,54:1F:8D:8E:A5:1A,Unknown,-100,0,
22:51:22,Idoom 4G_DE8C3,5C:4D:BF:6D:E8:C3,Unknown,-100,0,
22:51:23,Idoom 4G_EA51A,54:1F:8D:8E:A5:1A,Unknown,-100,0,
22:51:23,Idoom 4G_DE8C3,5C:4D:BF:6D:E8:C3,Unknown,-100,0,
22:51:25,Idoom 4G_EA51A,54:1F:8D:8E:A5:1A,Unknown,-100,0,
22:51:25,Idoom 4G_DE8C3,5C:4D:BF:6D:E8:C3,Unknown,-100,0,
22:51:26,Idoom 4G_EA51A,54:1F:8D:8E:A5:1A,Unknown,-100,0,
22:51:26,Idoom 4G_DE8C3,5C:4D:BF:6D:E8:C3,Unknown,-100,0,
22:51:28,Idoom 4G_EA51A,54:1F:8D:8E:A5:1A,Unknown,-100,0,
22:51:28,Idoom 4G_DE8C3,5C:4D:BF:6D:E8:C3,Unknown,-100,0,
22:51:29,Idoom 4G_EA51A,54:1F:8D:8E:A5:1A,Unknown,-100,0,
22:51:29,Idoom 4G_DE8C3,5C:4D:BF:6D:E8:C3,Unknown,-100,0,
22:51:31,Idoom 4G_EA51A,54:1F:8D:8E:A5:1A,Unknown,-100,0,
22:51:31,Idoom 4G_DE8C3,5C:4D:BF:6D:E8:C3,Unknown,-100,0,
22:51:32,Idoom 4G_EA51A,54:1F:8D:8E:A5:1A,Unknown,-100,0,
22:51:32,Idoom 4G_DE8C3,5C:4D:BF:6D:E8:C3,Unknown,-100,0,
22:51:34,Idoom 4G_EA51A,54:1F:8D:8E:A5:1A,Unknown,-100,0,
22:51:34,Idoom 4G_DE8C3,5C:4D:BF:6D:E8:C3,Unknown,-100,0,
22:51:35,Idoom 4G_EA51A,54:1F:8D:8E:A5:1A,Unknown,-100,0,
22:51:35,Idoom 4G_DE8C3,5C:4D:BF:6D:E8:C3,Unknown,-100,0,
22:51:37,Idoom 4G_EA51A,54:1F:8D:8E:A5:1A,Unknown,-100,0,
22:51:37,Idoom 4G_DE8C3,5C:4D:BF:6D:E8:C3,Unknown,-100,0,
22:51:38,Idoom 4G_EA51A,54:1F:8D:8E:A5:1A,Unknown,-100,0,
22:51:38,Idoom 4G_DE8C3,5C:4D:BF:6D:E8:C3,Unknown,-100,0,
22:51:40,Idoom 4G_EA51A,54:1F:8D:8E:A5:1A,Unknown,-100,0,
22:51:40,Idoom 4G_DE8C3,5C:4D:BF:6D:E8:C3,Unknown,-100,0,
22:51:41,Idoom 4G_EA51A,54:1F:8D:8E:A5:1A,Unknown,-100,0,
22:51:41,Idoom 4G_DE8C3,5C:4D:BF:6D:E8:C3,Unknown,-100,0,
22:51:43,Idoom 4G_EA51A,54:1F:8D:8E:A5:1A,Unknown,-100,0,
22:51:43,Idoom 4G_DE8C3,5C:4D:BF:6D:E8:C3,Unknown,-100,0,
22:51:44,Idoom 4G_EA51A,54:1F:8D:8E:A5:1A,Unknown,-100,0,
22:51:44,Idoom 4G_DE8C3,5C:4D:BF:6D:E8:C3,Unknown,-100,0,
22:51:46,Idoom 4G_EA51A,54:1F:8D:8E:A5:1A,Unknown,-100,0,
22:51:46,Idoom 4G_DE8C3,5C:4D:BF:6D:E8:C3,Unknown,-100,0,
22:51:47,Idoom 4G_EA51A,54:1F:8D:8E:A5:1A,Unknown,-100,0,
22:51:47,Idoom 4G_DE8C3,5C:4D:BF:6D:E8:C3,Unknown,-100,0,
22:51:49,Idoom 4G_EA51A,54:1F:8D:8E:A5:1A,Unknown,-100,0,
22:51:49,Idoom 4G_DE8C3,5C:4D:BF:6D:E8:C3,Unknown,-100,0,
22:51:50,Idoom 4G_EA51A,54:1F:8D:8E:A5:1A,Unknown,-100,0,
22:51:50,Idoom 4G_DE8C3,5C:4D:BF:6D:E8:C3,Unknown,-100,0,
22:51:52,Idoom 4G_EA51A,54:1F:8D:8E:A5:1A,Unknown,-100,0,
22:51:52,Idoom 4G_DE8C3,5C:4D:BF:6D:E8:C3,Unknown,-100,0,
22:51:53,Idoom 4G_EA51A,54:1F:8D:8E:A5:1A,Unknown,-100,0,
22:51:53,Idoom 4G_DE8C3,5C:4D:BF:6D:E8:C3,Unknown,-100,0,
22:51:55,Idoom 4G_EA51A,54:1F:8D:8E:A5:1A,Unknown,-100,0,
22:51:55,Idoom 4G_DE8C3,5C:4D:BF:6D:E8:C3,Unknown,-100,0,
22:51:56,Idoom 4G_EA51A,54:1F:8D:8E:A5:1A,Unknown,-100,0,
22:51:56,Idoom 4G_DE8C3,5C:4D:BF:6D:E8:C3,Unknown,-100,0,
22:51:58,Idoom 4G_EA51A,54:1F:8D:8E:A5:1A,Unknown,-100,0,
22:51:58,Idoom 4G_DE8C3,5C:4D:BF:6D:E8:C3,Unknown,-100,0,
22:51:59,Idoom 4G_EA51A,54:1F:8D:8E:A5:1A,Unknown,-100,0,
22:51:59,Idoom 4G_DE8C3,5C:4D:BF:6D:E8:C3,Unknown,-100,0,
22:51:59,Idoom 4G_1FCFA,54:1F:8D:F1:FC:FA,Unknown,-100,0,
22:52:01,Idoom 4G_EA51A,54:1F:8D:8E:A5:1A,Unknown,-100,0,
22:52:01,Idoom 4G_DE8C3,5C:4D:BF:6D:E8:C3,Unknown,-100,0,
22:52:01,Idoom 4G_1FCFA,54:1F:8D:F1:FC:FA,Unknown,-100,0,
22:52:02,Idoom 4G_EA51A,54:1F:8D:8E:A5:1A,Unknown,-100,0,
22:52:02,Idoom 4G_DE8C3,5C:4D:BF:6D:E8:C3,Unknown,-100,0,
22:52:02,Idoom 4G_1FCFA,54:1F:8D:F1:FC:FA,Unknown,-100,0,
22:52:04,Idoom 4G_EA51A,54:1F:8D:8E:A5:1A,Unknown,-100,0,
22:52:04,Idoom 4G_DE8C3,5C:4D:BF:6D:E8:C3,Unknown,-100,0,
22:52:04,Idoom 4G_1FCFA,54:1F:8D:F1:FC:FA,Unknown,-100,0,
22:52:05,Idoom 4G_EA51A,54:1F:8D:8E:A5:1A,Unknown,-100,0,
22:52:05,Idoom 4G_DE8C3,5C:4D:BF:6D:E8:C3,Unknown,-100,0,
22:52:05,Idoom 4G_1FCFA,54:1F:8D:F1:FC:FA,Unknown,-100,0,
22:52:07,Idoom 4G_EA51A,54:1F:8D:8E:A5:1A,Unknown,-100,0,
22:52:07,Idoom 4G_DE8C3,5C:4D:BF:6D:E8:C3,Unknown,-100,0,
22:52:07,Idoom 4G_1FCFA,54:1F:8D:F1:FC:FA,Unknown,-100,0,
22:52:08,Idoom 4G_EA51A,54:1F:8D:8E:A5:1A,Unknown,-100,0,
22:52:08,Idoom 4G_DE8C3,5C:4D:BF:6D:E8:C3,Unknown,-100,0,
22:52:08,Idoom 4G_1FCFA,54:1F:8D:F1:FC:FA,Unknown,-100,0,
22:52:10,Idoom 4G_EA51A,54:1F:8D:8E:A5:1A,Unknown,-100,0,
22:52:10,Idoom 4G_DE8C3,5C:4D:BF:6D:E8:C3,Unknown,-100,0,
22:52:10,Idoom 4G_1FCFA,54:1F:8D:F1:FC:FA,Unknown,-100,0,
22:52:11,Idoom 4G_EA51A,54:1F:8D:8E:A5:1A,Unknown,-100,0,
22:52:11,Idoom 4G_DE8C3,5C:4D:BF:6D:E8:C3,Unknown,-100,0,
22:52:11,Idoom 4G_1FCFA,54:1F:8D:F1:FC:FA,Unknown,-100,0,
22:52:13,Idoom 4G_EA51A,54:1F:8D:8E:A5:1A,Unknown,-100,0,
22:52:13,Idoom 4G_DE8C3,5C:4D:BF:6D:E8:C3,Unknown,-100,0,
22:52:13,Idoom 4G_1FCFA,54:1F:8D:F1:FC:FA,Unknown,-100,0,
22:52:14,Idoom 4G_EA51A,54:1F:8D:8E:A5:1A,Unknown,-100,0,
22:52:14,Idoom 4G_DE8C3,5C:4D:BF:6D:E8:C3,Unknown,-100,0,
22:52:14,Idoom 4G_1FCFA,54:1F:8D:F1:FC:FA,Unknown,-100,0,
22:52:16,Idoom 4G_EA51A,54:1F:8D:8E:A5:1A,Unknown,-100,0,
22:52:16,Idoom 4G_DE8C3,5C:4D:BF:6D:E8:C3,Unknown,-100,0,
22:52:16,Idoom 4G_1FCFA,54:1F:8D:F1:FC:FA,Unknown,-100,0,
22:52:17,Idoom 4G_EA51A,54:1F:8D:8E:A5:1A,Unknown,-100,0,
22:52:17,Idoom 4G_DE8C3,5C:4D:BF:6D:E8:C3,Unknown,-100,0,
22:52:17,Idoom 4G_1FCFA,54:1F:8D:F1:FC:FA,Unknown,-100,0,
22:52:19,Idoom 4G_EA51A,54:1F:8D:8E:A5:1A,Unknown,-100,0,
22:52:19,Idoom 4G_DE8C3,5C:4D:BF:6D:E8:C3,Unknown,-100,0,
22:52:19,Idoom 4G_1FCFA,54:1F:8D:F1:FC:FA,Unknown,-100,0,
22:52:20,Idoom 4G_EA51A,54:1F:8D:8E:A5:1A,Unknown,-100,0,
22:52:20,Idoom 4G_DE8C3,5C:4D:BF:6D:E8:C3,Unknown,-100,0,
22:52:20,Idoom 4G_1FCFA,54:1F:8D:F1:FC:FA,Unknown,-100,0,
22:52:22,Idoom 4G_EA51A,54:1F:8D:8E:A5:1A,Unknown,-100,0,
22:52:22,Idoom 4G_DE8C3,5C:4D:BF:6D:E8:C3,Unknown,-100,0,
22:52:22,Idoom 4G_1FCFA,54:1F:8D:F1:FC:FA,Unknown,-100,0,
22:52:23,Idoom 4G_EA51A,54:1F:8D:8E:A5:1A,Unknown,-100,0,
22:52:23,Idoom 4G_DE8C3,5C:4D:BF:6D:E8:C3,Unknown,-100,0,
22:52:23,Idoom 4G_1FCFA,54:1F:8D:F1:FC:FA,Unknown,-100,0,
22:52:25,Idoom 4G_EA51A,54:1F:8D:8E:A5:1A,Unknown,-100,0,
22:52:25,Idoom 4G_DE8C3,5C:4D:BF:6D:E8:C3,Unknown,-100,0,
22:52:25,Idoom 4G_1FCFA,54:1F:8D:F1:FC:FA,Unknown,-100,0,
22:52:26,Idoom 4G_EA51A,54:1F:8D:8E:A5:1A,Unknown,-100,0,
22:52:26,Idoom 4G_DE8C3,5C:4D:BF:6D:E8:C3,Unknown,-100,0,
22:52:26,Idoom 4G_1FCFA,54:1F:8D:F1:FC:FA,Unknown,-100,0,
22:52:28,Idoom 4G_EA51A,54:1F:8D:8E:A5:1A,Unknown,-100,0,
22:52:28,Idoom 4G_DE8C3,5C:4D:BF:6D:E8:C3,Unknown,-100,0,
22:52:28,Idoom 4G_1FCFA,54:1F:8D:F1:FC:FA,Unknown,-100,0,
22:52:29,Idoom 4G_EA51A,54:1F:8D:8E:A5:1A,Unknown,-100,0,
22:52:29,Idoom 4G_DE8C3,5C:4D:BF:6D:E8:C3,Unknown,-100,0,
22:52:29,Idoom 4G_1FCFA,54:1F:8D:F1:FC:FA,Unknown,-100,0,
22:52:31,Idoom 4G_EA51A,54:1F:8D:8E:A5:1A,Unknown,-100,0,
22:52:31,Idoom 4G_DE8C3,5C:4D:BF:6D:E8:C3,Unknown,-100,0,
22:52:31,Idoom 4G_1FCFA,54:1F:8D:F1:FC:FA,Unknown,-100,0,
22:52:32,Idoom 4G_EA51A,54:1F:8D:8E:A5:1A,Unknown,-100,0,
22:52:32,Idoom 4G_DE8C3,5C:4D:BF:6D:E8:C3,Unknown,-100,0,
22:52:32,Idoom 4G_1FCFA,54:1F:8D:F1:FC:FA,Unknown,-100,0,
22:52:34,Idoom 4G_EA51A,54:1F:8D:8E:A5:1A,Unknown,-100,0,
22:52:34,Idoom 4G_DE8C3,5C:4D:BF:6D:E8:C3,Unknown,-100,0,
22:52:34,Idoom 4G_1FCFA,54:1F:8D:F1:FC:FA,Unknown,-100,0,
22:52:35,Idoom 4G_EA51A,54:1F:8D:8E:A5:1A,Unknown,-100,0,
22:52:35,Idoom 4G_DE8C3,5C:4D:BF:6D:E8:C3,Unknown,-100,0,
22:52:35,Idoom 4G_1FCFA,54:1F:8D:F1:FC:FA,Unknown,-100,0,
22:52:37,Idoom 4G_EA51A,54:1F:8D:8E:A5:1A,Unknown,-100,0,
22:52:37,Idoom 4G_DE8C3,5C:4D:BF:6D:E8:C3,Unknown,-100,0,
22:52:37,Idoom 4G_1FCFA,54:1F:8D:F1:FC:FA,Unknown,-100,0,
22:52:38,Idoom 4G_EA51A,54:1F:8D:8E:A5:1A,Unknown,-100,0,
22:52:38,Idoom 4G_DE8C3,5C:4D:BF:6D:E8:C3,Unknown,-100,0,
22:52:38,Idoom 4G_1FCFA,54:1F:8D:F1:FC:FA,Unknown,-100,0,
22:52:40,Idoom 4G_EA51A,54:1F:8D:8E:A5:1A,Unknown,-100,0,
22:52:40,Idoom 4G_DE8C3,5C:4D:BF:6D:E8:C3,Unknown,-100,0,
22:52:40,Idoom 4G_1FCFA,54:1F:8D:F1:FC:FA,Unknown,-100,0,
22:52:41,Idoom 4G_EA51A,54:1F:8D:8E:A5:1A,Unknown,-100,0,
22:52:41,Idoom 4G_DE8C3,5C:4D:BF:6D:E8:C3,Unknown,-100,0,
22:52:41,Idoom 4G_1FCFA,54:1F:8D:F1:FC:FA,Unknown,-100,0,
22:52:43,Idoom 4G_EA51A,54:1F:8D:8E:A5:1A,Unknown,-100,0,
22:52:43,Idoom 4G_DE8C3,5C:4D:BF:6D:E8:C3,Unknown,-100,0,
22:52:43,Idoom 4G_1FCFA,54:1F:8D:F1:FC:FA,Unknown,-100,0,
22:52:44,Idoom 4G_EA51A,54:1F:8D:8E:A5:1A,Unknown,-100,0,
22:52:44,Idoom 4G_DE8C3,5C:4D:BF:6D:E8:C3,Unknown,-100,0,
22:52:44,Idoom 4G_1FCFA,54:1F:8D:F1:FC:FA,Unknown,-100,0,
22:52:46,Idoom 4G_EA51A,54:1F:8D:8E:A5:1A,Unknown,-100,0,
22:52:46,Idoom 4G_DE8C3,5C:4D:BF:6D:E8:C3,Unknown,-100,0,
22:52:46,Idoom 4G_1FCFA,54:1F:8D:F1:FC:FA,Unknown,-100,0,
22:52:47,Idoom 4G_EA51A,54:1F:8D:8E:A5:1A,Unknown,-100,0,
22:52:47,Idoom 4G_DE8C3,5C:4D:BF:6D:E8:C3,Unknown,-100,0,
22:52:47,Idoom 4G_1FCFA,54:1F:8D:F1:FC:FA,Unknown,-100,0,
22:52:49,Idoom 4G_EA51A,54:1F:8D:8E:A5:1A,Unknown,-100,0,
22:52:49,Idoom 4G_DE8C3,5C:4D:BF:6D:E8:C3,Unknown,-100,0,
22:52:49,Idoom 4G_1FCFA,54:1F:8D:F1:FC:FA,Unknown,-100,0,
22:52:50,Idoom 4G_EA51A,54:1F:8D:8E:A5:1A,Unknown,-100,0,
22:52:50,Idoom 4G_DE8C3,5C:4D:BF:6D:E8:C3,Unknown,-100,0,
22:52:50,Idoom 4G_1FCFA,54:1F:8D:F1:FC:FA,Unknown,-100,0,
22:52:52,Idoom 4G_EA51A,54:1F:8D:8E:A5:1A,Unknown,-100,0,
22:52:52,Idoom 4G_DE8C3,5C:4D:BF:6D:E8:C3,Unknown,-100,0,
22:52:52,Idoom 4G_1FCFA,54:1F:8D:F1:FC:FA,Unknown,-100,0,
22:52:53,Idoom 4G_EA51A,54:1F:8D:8E:A5:1A,Unknown,-100,0,
22:52:53,Idoom 4G_DE8C3,5C:4D:BF:6D:E8:C3,Unknown,-100,0,
22:52:53,Idoom 4G_1FCFA,54:1F:8D:F1:FC:FA,Unknown,-100,0,
22:52:55,Idoom 4G_EA51A,54:1F:8D:8E:A5:1A,Unknown,-100,0,
22:52:55,Idoom 4G_DE8C3,5C:4D:BF:6D:E8:C3,Unknown,-100,0,
22:52:55,Idoom 4G_1FCFA,54:1F:8D:F1:FC:FA,Unknown,-100,0,
22:52:56,Idoom 4G_EA51A,54:1F:8D:8E:A5:1A,Unknown,-100,0,
22:52:56,Idoom 4G_DE8C3,5C:4D:BF:6D:E8:C3,Unknown,-100,0,
22:52:56,Idoom 4G_1FCFA,54:1F:8D:F1:FC:FA,Unknown,-100,0,
22:52:58,Idoom 4G_EA51A,54:1F:8D:8E:A5:1A,Unknown,-100,0,
22:52:58,Idoom 4G_DE8C3,5C:4D:BF:6D:E8:C3,Unknown,-100,0,
22:52:58,Idoom 4G_1FCFA,54:1F:8D:F1:FC:FA,Unknown,-100,0,
22:52:59,Idoom 4G_EA51A,54:1F:8D:8E:A5:1A,Unknown,-100,0,
22:52:59,Idoom 4G_DE8C3,5C:4D:BF:6D:E8:C3,Unknown,-100,0,
22:52:59,Idoom 4G_1FCFA,54:1F:8D:F1:FC:FA,Unknown,-100,0,
22:53:01,Idoom 4G_EA51A,54:1F:8D:8E:A5:1A,Unknown,-100,0,
22:53:01,Idoom 4G_DE8C3,5C:4D:BF:6D:E8:C3,Unknown,-100,0,
22:53:02,Idoom 4G_EA51A,54:1F:8D:8E:A5:1A,Unknown,-100,0,
22:53:02,Idoom 4G_DE8C3,5C:4D:BF:6D:E8:C3,Unknown,-100,0,
22:53:04,Idoom 4G_EA51A,54:1F:8D:8E:A5:1A,Unknown,-100,0,
22:53:04,Idoom 4G_DE8C3,5C:4D:BF:6D:E8:C3,Unknown,-100,0,
22:53:05,Idoom 4G_EA51A,54:1F:8D:8E:A5:1A,Unknown,-100,0,
22:53:05,Idoom 4G_DE8C3,5C:4D:BF:6D:E8:C3,Unknown,-100,0,
22:53:07,Idoom 4G_EA51A,54:1F:8D:8E:A5:1A,Unknown,-100,0,
22:53:07,Idoom 4G_DE8C3,5C:4D:BF:6D:E8:C3,Unknown,-100,0,
22:53:08,Idoom 4G_EA51A,54:1F:8D:8E:A5:1A,Unknown,-100,0,
22:53:08,Idoom 4G_DE8C3,5C:4D:BF:6D:E8:C3,Unknown,-100,0,
22:53:10,Idoom 4G_EA51A,54:1F:8D:8E:A5:1A,Unknown,-100,0,
22:53:10,Idoom 4G_DE8C3,5C:4D:BF:6D:E8:C3,Unknown,-100,0,
22:53:11,Idoom 4G_EA51A,54:1F:8D:8E:A5:1A,Unknown,-100,0,
22:53:11,Idoom 4G_DE8C3,5C:4D:BF:6D:E8:C3,Unknown,-100,0,
22:53:13,Idoom 4G_EA51A,54:1F:8D:8E:A5:1A,Unknown,-100,0,
22:53:13,Idoom 4G_DE8C3,5C:4D:BF:6D:E8:C3,Unknown,-100,0,
22:53:14,Idoom 4G_EA51A,54:1F:8D:8E:A5:1A,Unknown,-100,0,
22:53:14,Idoom 4G_DE8C3,5C:4D:BF:6D:E8:C3,Unknown,-100,0,
22:53:16,Idoom 4G_EA51A,54:1F:8D:8E:A5:1A,Unknown,-100,0,
22:53:16,Idoom 4G_DE8C3,5C:4D:BF:6D:E8:C3,Unknown,-100,0,
22:53:17,Idoom 4G_EA51A,54:1F:8D:8E:A5:1A,Unknown,-100,0,
22:53:17,Idoom 4G_DE8C3,5C:4D:BF:6D:E8:C3,Unknown,-100,0,
22:53:19,Idoom 4G_EA51A,54:1F:8D:8E:A5:1A,Unknown,-100,0,
22:53:19,Idoom 4G_DE8C3,5C:4D:BF:6D:E8:C3,Unknown,-100,0,
22:53:20,Idoom 4G_EA51A,54:1F:8D:8E:A5:1A,Unknown,-100,0,
22:53:20,Idoom 4G_DE8C3,5C:4D:BF:6D:E8:C3,Unknown,-100,0,
22:53:22,Idoom 4G_EA51A,54:1F:8D:8E:A5:1A,Unknown,-100,0,
22:53:22,Idoom 4G_DE8C3,5C:4D:BF:6D:E8:C3,Unknown,-100,0,
22:53:23,Idoom 4G_EA51A,54:1F:8D:8E:A5:1A,Unknown,-100,0,
22:53:23,Idoom 4G_DE8C3,5C:4D:BF:6D:E8:C3,Unknown,-100,0,
22:53:25,Idoom 4G_EA51A,54:1F:8D:8E:A5:1A,Unknown,-100,0,
22:53:25,Idoom 4G_DE8C3,5C:4D:BF:6D:E8:C3,Unknown,-100,0,
22:53:26,Idoom 4G_EA51A,54:1F:8D:8E:A5:1A,Unknown,-100,0,
22:53:26,Idoom 4G_DE8C3,5C:4D:BF:6D:E8:C3,Unknown,-100,0,
22:53:28,Idoom 4G_EA51A,54:1F:8D:8E:A5:1A,Unknown,-100,0,
22:53:28,Idoom 4G_DE8C3,5C:4D:BF:6D:E8:C3,Unknown,-100,0,
22:53:29,Idoom 4G_EA51A,54:1F:8D:8E:A5:1A,Unknown,-100,0,
22:53:29,Idoom 4G_DE8C3,5C:4D:BF:6D:E8:C3,Unknown,-100,0,
22:53:31,Idoom 4G_EA51A,54:1F:8D:8E:A5:1A,Unknown,-100,0,
22:53:31,Idoom 4G_DE8C3,5C:4D:BF:6D:E8:C3,Unknown,-100,0,
22:53:32,Idoom 4G_EA51A,54:1F:8D:8E:A5:1A,Unknown,-100,0,
22:53:32,Idoom 4G_DE8C3,5C:4D:BF:6D:E8:C3,Unknown,-100,0,
22:53:34,Idoom 4G_EA51A,54:1F:8D:8E:A5:1A,Unknown,-100,0,
22:53:34,Idoom 4G_DE8C3,5C:4D:BF:6D:E8:C3,Unknown,-100,0,
22:53:35,Idoom 4G_EA51A,54:1F:8D:8E:A5:1A,Unknown,-100,0,
22:53:35,Idoom 4G_DE8C3,5C:4D:BF:6D:E8:C3,Unknown,-100,0,
22:53:37,Idoom 4G_EA51A,54:1F:8D:8E:A5:1A,Unknown,-100,0,
22:53:37,Idoom 4G_DE8C3,5C:4D:BF:6D:E8:C3,Unknown,-100,0,
22:53:38,Idoom 4G_EA51A,54:1F:8D:8E:A5:1A,Unknown,-100,0,
22:53:38,Idoom 4G_DE8C3,5C:4D:BF:6D:E8:C3,Unknown,-100,0,
22:53:38,Idoom 4G_EA51A,00:00:00:84:4A:10,Unknown,-100,0,
22:53:40,Idoom 4G_EA51A,54:1F:8D:8E:A5:1A,Unknown,-100,3,
22:53:40,Idoom 4G_DE8C3,5C:4D:BF:6D:E8:C3,Unknown,-100,0,
22:53:40,Idoom 4G_EA51A,00:00:00:84:4A:10,Unknown,-100,3,
22:53:41,Idoom 4G_EA51A,54:1F:8D:8E:A5:1A,Unknown,-100,3,
22:53:41,Idoom 4G_DE8C3,5C:4D:BF:6D:E8:C3,Unknown,-100,0,
22:53:41,Idoom 4G_EA51A,00:00:00:84:4A:10,Unknown,-100,3,
22:53:43,Idoom 4G_EA51A,54:1F:8D:8E:A5:1A,Unknown,-100,3,
22:53:43,Idoom 4G_DE8C3,5C:4D:BF:6D:E8:C3,Unknown,-100,0,
22:53:43,Idoom 4G_EA51A,00:00:00:84:4A:10,Unknown,-100,3,
22:53:44,Idoom 4G_EA51A,54:1F:8D:8E:A5:1A,Unknown,-100,3,
22:53:44,Idoom 4G_DE8C3,5C:4D:BF:6D:E8:C3,Unknown,-100,0,
22:53:44,Idoom 4G_EA51A,00:00:00:84:4A:10,Unknown,-100,3,
22:53:46,Idoom 4G_EA51A,54:1F:8D:8E:A5:1A,Unknown,-100,3,
22:53:46,Idoom 4G_DE8C3,5C:4D:BF:6D:E8:C3,Unknown,-100,0,
22:53:46,Idoom 4G_EA51A,00:00:00:84:4A:10,Unknown,-100,3,
22:53:47,Idoom 4G_EA51A,54:1F:8D:8E:A5:1A,Unknown,-100,3,
22:53:47,Idoom 4G_DE8C3,5C:4D:BF:6D:E8:C3,Unknown,-100,0,
22:53:47,Idoom 4G_EA51A,00:00:00:84:4A:10,Unknown,-100,3,
22:53:49,Idoom 4G_EA51A,54:1F:8D:8E:A5:1A,Unknown,-100,3,
22:53:49,Idoom 4G_DE8C3,5C:4D:BF:6D:E8:C3,Unknown,-100,0,
22:53:49,Idoom 4G_EA51A,00:00:00:84:4A:10,Unknown,-100,3,
22:53:50,Idoom 4G_EA51A,54:1F:8D:8E:A5:1A,Unknown,-100,3,
22:53:50,Idoom 4G_DE8C3,5C:4D:BF:6D:E8:C3,Unknown,-100,0,
22:53:50,Idoom 4G_EA51A,00:00:00:84:4A:10,Unknown,-100,3,
22:53:52,Idoom 4G_EA51A,54:1F:8D:8E:A5:1A,Unknown,-100,3,
22:53:52,Idoom 4G_DE8C3,5C:4D:BF:6D:E8:C3,Unknown,-100,0,
22:53:52,Idoom 4G_EA51A,00:00:00:84:4A:10,Unknown,-100,3,
22:53:53,Idoom 4G_EA51A,54:1F:8D:8E:A5:1A,Unknown,-100,3,
22:53:53,Idoom 4G_DE8C3,5C:4D:BF:6D:E8:C3,Unknown,-100,0,
22:53:53,Idoom 4G_EA51A,00:00:00:84:4A:10,Unknown,-100,3,
22:53:55,Idoom 4G_EA51A,54:1F:8D:8E:A5:1A,Unknown,-100,3,
22:53:55,Idoom 4G_DE8C3,5C:4D:BF:6D:E8:C3,Unknown,-100,0,
22:53:55,Idoom 4G_EA51A,00:00:00:84:4A:10,Unknown,-100,3,
22:53:56,Idoom 4G_EA51A,54:1F:8D:8E:A5:1A,Unknown,-100,3,
22:53:56,Idoom 4G_DE8C3,5C:4D:BF:6D:E8:C3,Unknown,-100,0,
22:53:56,Idoom 4G_EA51A,00:00:00:84:4A:10,Unknown,-100,3,
22:53:58,Idoom 4G_EA51A,54:1F:8D:8E:A5:1A,Unknown,-100,3,
22:53:58,Idoom 4G_DE8C3,5C:4D:BF:6D:E8:C3,Unknown,-100,0,
22:53:58,Idoom 4G_EA51A,00:00:00:84:4A:10,Unknown,-100,3,
22:53:59,Idoom 4G_EA51A,54:1F:8D:8E:A5:1A,Unknown,-100,3,
22:53:59,Idoom 4G_DE8C3,5C:4D:BF:6D:E8:C3,Unknown,-100,0,
22:53:59,Idoom 4G_EA51A,00:00:00:84:4A:10,Unknown,-100,3,
22:54:01,Idoom 4G_EA51A,54:1F:8D:8E:A5:1A,Unknown,-100,3,
22:54:01,Idoom 4G_DE8C3,5C:4D:BF:6D:E8:C3,Unknown,-100,0,
22:54:01,Idoom 4G_EA51A,00:00:00:84:4A:10,Unknown,-100,3,
22:54:02,Idoom 4G_EA51A,54:1F:8D:8E:A5:1A,Unknown,-100,3,
22:54:02,Idoom 4G_DE8C3,5C:4D:BF:6D:E8:C3,Unknown,-100,0,
22:54:02,Idoom 4G_EA51A,00:00:00:84:4A:10,Unknown,-100,3,
22:54:02,Idoom 4G_1FCFA,54:1F:8D:F1:FC:FA,Unknown,-100,0,
22:54:04,Idoom 4G_EA51A,54:1F:8D:8E:A5:1A,Unknown,-100,3,
22:54:04,Idoom 4G_DE8C3,5C:4D:BF:6D:E8:C3,Unknown,-100,0,
22:54:04,Idoom 4G_EA51A,00:00:00:84:4A:10,Unknown,-100,3,
22:54:04,Idoom 4G_1FCFA,54:1F:8D:F1:FC:FA,Unknown,-100,0,
22:54:05,Idoom 4G_EA51A,54:1F:8D:8E:A5:1A,Unknown,-100,3,
22:54:05,Idoom 4G_DE8C3,5C:4D:BF:6D:E8:C3,Unknown,-100,0,
22:54:05,Idoom 4G_EA51A,00:00:00:84:4A:10,Unknown,-100,3,
22:54:05,Idoom 4G_1FCFA,54:1F:8D:F1:FC:FA,Unknown,-100,0,
22:54:07,Idoom 4G_EA51A,54:1F:8D:8E:A5:1A,Unknown,-100,3,
22:54:07,Idoom 4G_DE8C3,5C:4D:BF:6D:E8:C3,Unknown,-100,0,
22:54:07,Idoom 4G_EA51A,00:00:00:84:4A:10,Unknown,-100,3,
22:54:07,Idoom 4G_1FCFA,54:1F:8D:F1:FC:FA,Unknown,-100,0,
22:54:08,Idoom 4G_EA51A,54:1F:8D:8E:A5:1A,Unknown,-100,3,
22:54:08,Idoom 4G_DE8C3,5C:4D:BF:6D:E8:C3,Unknown,-100,0,
22:54:08,Idoom 4G_EA51A,00:00:00:84:4A:10,Unknown,-100,3,
22:54:08,Idoom 4G_1FCFA,54:1F:8D:F1:FC:FA,Unknown,-100,0,
22:54:10,Idoom 4G_EA51A,54:1F:8D:8E:A5:1A,Unknown,-100,3,
22:54:10,Idoom 4G_DE8C3,5C:4D:BF:6D:E8:C3,Unknown,-100,0,
22:54:10,Idoom 4G_EA51A,00:00:00:84:4A:10,Unknown,-100,3,
22:54:10,Idoom 4G_1FCFA,54:1F:8D:F1:FC:FA,Unknown,-100,0,
22:54:11,Idoom 4G_EA51A,54:1F:8D:8E:A5:1A,Unknown,-100,3,
22:54:11,Idoom 4G_DE8C3,5C:4D:BF:6D:E8:C3,Unknown,-100,0,
22:54:11,Idoom 4G_EA51A,00:00:00:84:4A:10,Unknown,-100,3,
22:54:11,Idoom 4G_1FCFA,54:1F:8D:F1:FC:FA,Unknown,-100,0,
22:54:13,Idoom 4G_EA51A,54:1F:8D:8E:A5:1A,Unknown,-100,3,
22:54:13,Idoom 4G_DE8C3,5C:4D:BF:6D:E8:C3,Unknown,-100,0,
22:54:13,Idoom 4G_EA51A,00:00:00:84:4A:10,Unknown,-100,3,
22:54:13,Idoom 4G_1FCFA,54:1F:8D:F1:FC:FA,Unknown,-100,0,
22:54:14,Idoom 4G_EA51A,54:1F:8D:8E:A5:1A,Unknown,-100,3,
22:54:14,Idoom 4G_DE8C3,5C:4D:BF:6D:E8:C3,Unknown,-100,0,
22:54:14,Idoom 4G_EA51A,00:00:00:84:4A:10,Unknown,-100,3,
22:54:14,Idoom 4G_1FCFA,54:1F:8D:F1:FC:FA,Unknown,-100,0,
22:54:16,Idoom 4G_EA51A,54:1F:8D:8E:A5:1A,Unknown,-100,3,
22:54:16,Idoom 4G_DE8C3,5C:4D:BF:6D:E8:C3,Unknown,-100,0,
22:54:16,Idoom 4G_EA51A,00:00:00:84:4A:10,Unknown,-100,3,
22:54:16,Idoom 4G_1FCFA,54:1F:8D:F1:FC:FA,Unknown,-100,0,
22:54:17,Idoom 4G_EA51A,54:1F:8D:8E:A5:1A,Unknown,-100,3,
22:54:17,Idoom 4G_DE8C3,5C:4D:BF:6D:E8:C3,Unknown,-100,0,
22:54:17,Idoom 4G_EA51A,00:00:00:84:4A:10,Unknown,-100,3,
22:54:17,Idoom 4G_1FCFA,54:1F:8D:F1:FC:FA,Unknown,-100,0,
22:54:19,Idoom 4G_EA51A,54:1F:8D:8E:A5:1A,Unknown,-100,3,
22:54:19,Idoom 4G_DE8C3,5C:4D:BF:6D:E8:C3,Unknown,-100,0,
22:54:19,Idoom 4G_EA51A,00:00:00:84:4A:10,Unknown,-100,3,
22:54:19,Idoom 4G_1FCFA,54:1F:8D:F1:FC:FA,Unknown,-100,0,
22:54:20,Idoom 4G_EA51A,54:1F:8D:8E:A5:1A,Unknown,-100,3,
22:54:20,Idoom 4G_DE8C3,5C:4D:BF:6D:E8:C3,Unknown,-100,0,
22:54:20,Idoom 4G_EA51A,00:00:00:84:4A:10,Unknown,-100,3,
22:54:20,Idoom 4G_1FCFA,54:1F:8D:F1:FC:FA,Unknown,-100,0,
22:54:22,Idoom 4G_EA51A,54:1F:8D:8E:A5:1A,Unknown,-100,3,
22:54:22,Idoom 4G_DE8C3,5C:4D:BF:6D:E8:C3,Unknown,-100,0,
22:54:22,Idoom 4G_EA51A,00:00:00:84:4A:10,Unknown,-100,3,
22:54:22,Idoom 4G_1FCFA,54:1F:8D:F1:FC:FA,Unknown,-100,0,
22:54:23,Idoom 4G_EA51A,54:1F:8D:8E:A5:1A,Unknown,-100,3,
22:54:23,Idoom 4G_DE8C3,5C:4D:BF:6D:E8:C3,Unknown,-100,0,
22:54:23,Idoom 4G_EA51A,00:00:00:84:4A:10,Unknown,-100,3,
22:54:23,Idoom 4G_1FCFA,54:1F:8D:F1:FC:FA,Unknown,-100,0,
22:54:25,Idoom 4G_EA51A,54:1F:8D:8E:A5:1A,Unknown,-100,3,
22:54:25,Idoom 4G_DE8C3,5C:4D:BF:6D:E8:C3,Unknown,-100,0,
22:54:25,Idoom 4G_EA51A,00:00:00:84:4A:10,Unknown,-100,3,
22:54:25,Idoom 4G_1FCFA,54:1F:8D:F1:FC:FA,Unknown,-100,0,
22:54:26,Idoom 4G_EA51A,54:1F:8D:8E:A5:1A,Unknown,-100,3,
22:54:26,Idoom 4G_DE8C3,5C:4D:BF:6D:E8:C3,Unknown,-100,0,
22:54:26,Idoom 4G_EA51A,00:00:00:84:4A:10,Unknown,-100,3,
22:54:26,Idoom 4G_1FCFA,54:1F:8D:F1:FC:FA,Unknown,-100,0,
22:54:28,Idoom 4G_EA51A,54:1F:8D:8E:A5:1A,Unknown,-100,3,
22:54:28,Idoom 4G_DE8C3,5C:4D:BF:6D:E8:C3,Unknown,-100,0,
22:54:28,Idoom 4G_EA51A,00:00:00:84:4A:10,Unknown,-100,3,
22:54:28,Idoom 4G_1FCFA,54:1F:8D:F1:FC:FA,Unknown,-100,0,
22:54:29,Idoom 4G_EA51A,54:1F:8D:8E:A5:1A,Unknown,-100,3,
22:54:29,Idoom 4G_DE8C3,5C:4D:BF:6D:E8:C3,Unknown,-100,0,
22:54:29,Idoom 4G_EA51A,00:00:00:84:4A:10,Unknown,-100,3,
22:54:29,Idoom 4G_1FCFA,54:1F:8D:F1:FC:FA,Unknown,-100,0,
22:54:31,Idoom 4G_EA51A,54:1F:8D:8E:A5:1A,Unknown,-100,3,
22:54:31,Idoom 4G_DE8C3,5C:4D:BF:6D:E8:C3,Unknown,-100,0,
22:54:31,Idoom 4G_EA51A,00:00:00:84:4A:10,Unknown,-100,3,
22:54:31,Idoom 4G_1FCFA,54:1F:8D:F1:FC:FA,Unknown,-100,0,
22:54:32,Idoom 4G_EA51A,54:1F:8D:8E:A5:1A,Unknown,-100,3,
22:54:32,Idoom 4G_DE8C3,5C:4D:BF:6D:E8:C3,Unknown,-100,0,
22:54:32,Idoom 4G_EA51A,00:00:00:84:4A:10,Unknown,-100,3,
22:54:32,Idoom 4G_1FCFA,54:1F:8D:F1:FC:FA,Unknown,-100,0,
22:54:34,Idoom 4G_EA51A,54:1F:8D:8E:A5:1A,Unknown,-100,3,
22:54:34,Idoom 4G_DE8C3,5C:4D:BF:6D:E8:C3,Unknown,-100,0,
22:54:34,Idoom 4G_EA51A,00:00:00:84:4A:10,Unknown,-100,3,
22:54:34,Idoom 4G_1FCFA,54:1F:8D:F1:FC:FA,Unknown,-100,0,
22:54:35,Idoom 4G_EA51A,54:1F:8D:8E:A5:1A,Unknown,-100,3,
22:54:35,Idoom 4G_DE8C3,5C:4D:BF:6D:E8:C3,Unknown,-100,0,
22:54:35,Idoom 4G_EA51A,00:00:00:84:4A:10,Unknown,-100,3,
22:54:35,Idoom 4G_1FCFA,54:1F:8D:F1:FC:FA,Unknown,-100,0,
22:54:37,Idoom 4G_EA51A,54:1F:8D:8E:A5:1A,Unknown,-100,3,
22:54:37,Idoom 4G_DE8C3,5C:4D:BF:6D:E8:C3,Unknown,-100,0,
22:54:37,Idoom 4G_EA51A,00:00:00:84:4A:10,Unknown,-100,3,
22:54:37,Idoom 4G_1FCFA,54:1F:8D:F1:FC:FA,Unknown,-100,0,
22:54:38,Idoom 4G_EA51A,54:1F:8D:8E:A5:1A,Unknown,-100,3,
22:54:38,Idoom 4G_DE8C3,5C:4D:BF:6D:E8:C3,Unknown,-100,0,
22:54:38,Idoom 4G_EA51A,00:00:00:84:4A:10,Unknown,-100,3,
22:54:38,Idoom 4G_1FCFA,54:1F:8D:F1:FC:FA,Unknown,-100,0,
22:54:40,Idoom 4G_EA51A,54:1F:8D:8E:A5:1A,Unknown,-100,3,
22:54:40,Idoom 4G_DE8C3,5C:4D:BF:6D:E8:C3,Unknown,-100,0,
22:54:40,Idoom 4G_EA51A,00:00:00:84:4A:10,Unknown,-100,3,
22:54:40,Idoom 4G_1FCFA,54:1F:8D:F1:FC:FA,Unknown,-100,0,
22:54:41,Idoom 4G_EA51A,54:1F:8D:8E:A5:1A,Unknown,-100,3,
22:54:41,Idoom 4G_DE8C3,5C:4D:BF:6D:E8:C3,Unknown,-100,0,
22:54:41,Idoom 4G_EA51A,00:00:00:84:4A:10,Unknown,-100,3,
22:54:41,Idoom 4G_1FCFA,54:1F:8D:F1:FC:FA,Unknown,-100,0,
22:54:43,Idoom 4G_EA51A,54:1F:8D:8E:A5:1A,Unknown,-100,3,
22:54:43,Idoom 4G_DE8C3,5C:4D:BF:6D:E8:C3,Unknown,-100,0,
22:54:43,Idoom 4G_EA51A,00:00:00:84:4A:10,Unknown,-100,3,
22:54:43,Idoom 4G_1FCFA,54:1F:8D:F1:FC:FA,Unknown,-100,0,
22:54:44,Idoom 4G_EA51A,54:1F:8D:8E:A5:1A,Unknown,-100,3,
22:54:44,Idoom 4G_DE8C3,5C:4D:BF:6D:E8:C3,Unknown,-100,0,
22:54:44,Idoom 4G_EA51A,00:00:00:84:4A:10,Unknown,-100,3,
22:54:44,Idoom 4G_1FCFA,54:1F:8D:F1:FC:FA,Unknown,-100,0,
22:54:46,Idoom 4G_EA51A,54:1F:8D:8E:A5:1A,Unknown,-100,3,
22:54:46,Idoom 4G_DE8C3,5C:4D:BF:6D:E8:C3,Unknown,-100,0,
22:54:46,Idoom 4G_EA51A,00:00:00:84:4A:10,Unknown,-100,3,
22:54:46,Idoom 4G_1FCFA,54:1F:8D:F1:FC:FA,Unknown,-100,0,
22:54:47,Idoom 4G_EA51A,54:1F:8D:8E:A5:1A,Unknown,-100,3,
22:54:47,Idoom 4G_DE8C3,5C:4D:BF:6D:E8:C3,Unknown,-100,0,
22:54:47,Idoom 4G_EA51A,00:00:00:84:4A:10,Unknown,-100,3,
22:54:47,Idoom 4G_1FCFA,54:1F:8D:F1:FC:FA,Unknown,-100,0,
22:54:49,Idoom 4G_EA51A,54:1F:8D:8E:A5:1A,Unknown,-100,3,
22:54:49,Idoom 4G_DE8C3,5C:4D:BF:6D:E8:C3,Unknown,-100,0,
22:54:49,Idoom 4G_EA51A,00:00:00:84:4A:10,Unknown,-100,3,
22:54:49,Idoom 4G_1FCFA,54:1F:8D:F1:FC:FA,Unknown,-100,0,
22:54:50,Idoom 4G_EA51A,54:1F:8D:8E:A5:1A,Unknown,-100,3,
22:54:50,Idoom 4G_DE8C3,5C:4D:BF:6D:E8:C3,Unknown,-100,0,
22:54:50,Idoom 4G_EA51A,00:00:00:84:4A:10,Unknown,-100,3,
22:54:50,Idoom 4G_1FCFA,54:1F:8D:F1:FC:FA,Unknown,-100,0,
22:54:52,Idoom 4G_EA51A,54:1F:8D:8E:A5:1A,Unknown,-100,3,
22:54:52,Idoom 4G_DE8C3,5C:4D:BF:6D:E8:C3,Unknown,-100,0,
22:54:52,Idoom 4G_EA51A,00:00:00:84:4A:10,Unknown,-100,3,
22:54:52,Idoom 4G_1FCFA,54:1F:8D:F1:FC:FA,Unknown,-100,0,
22:54:53,Idoom 4G_EA51A,54:1F:8D:8E:A5:1A,Unknown,-100,3,
22:54:53,Idoom 4G_DE8C3,5C:4D:BF:6D:E8:C3,Unknown,-100,0,
22:54:53,Idoom 4G_EA51A,00:00:00:84:4A:10,Unknown,-100,3,
22:54:53,Idoom 4G_1FCFA,54:1F:8D:F1:FC:FA,Unknown,-100,0,
22:54:55,Idoom 4G_EA51A,54:1F:8D:8E:A5:1A,Unknown,-100,3,
22:54:55,Idoom 4G_DE8C3,5C:4D:BF:6D:E8:C3,Unknown,-100,0,
22:54:55,Idoom 4G_EA51A,00:00:00:84:4A:10,Unknown,-100,3,
22:54:55,Idoom 4G_1FCFA,54:1F:8D:F1:FC:FA,Unknown,-100,0,
22:54:56,Idoom 4G_EA51A,54:1F:8D:8E:A5:1A,Unknown,-100,3,
22:54:56,Idoom 4G_DE8C3,5C:4D:BF:6D:E8:C3,Unknown,-100,0,
22:54:56,Idoom 4G_EA51A,00:00:00:84:4A:10,Unknown,-100,3,
22:54:56,Idoom 4G_1FCFA,54:1F:8D:F1:FC:FA,Unknown,-100,0,
22:54:58,Idoom 4G_EA51A,54:1F:8D:8E:A5:1A,Unknown,-100,3,
22:54:58,Idoom 4G_DE8C3,5C:4D:BF:6D:E8:C3,Unknown,-100,0,
22:54:58,Idoom 4G_EA51A,00:00:00:84:4A:10,Unknown,-100,3,
22:54:58,Idoom 4G_1FCFA,54:1F:8D:F1:FC:FA,Unknown,-100,0,
22:54:59,Idoom 4G_EA51A,54:1F:8D:8E:A5:1A,Unknown,-100,3,
22:54:59,Idoom 4G_DE8C3,5C:4D:BF:6D:E8:C3,Unknown,-100,0,
22:54:59,Idoom 4G_EA51A,00:00:00:84:4A:10,Unknown,-100,3,
22:54:59,Idoom 4G_1FCFA,54:1F:8D:F1:FC:FA,Unknown,-100,0,
22:55:01,Idoom 4G_EA51A,54:1F:8D:8E:A5:1A,Unknown,-100,3,
22:55:01,Idoom 4G_DE8C3,5C:4D:BF:6D:E8:C3,Unknown,-100,0,
22:55:01,Idoom 4G_EA51A,00:00:00:84:4A:10,Unknown,-100,3,
22:55:01,Idoom 4G_1FCFA,54:1F:8D:F1:FC:FA,Unknown,-100,0,
22:55:02,Idoom 4G_EA51A,54:1F:8D:8E:A5:1A,Unknown,-100,3,
22:55:02,Idoom 4G_DE8C3,5C:4D:BF:6D:E8:C3,Unknown,-100,0,
22:55:02,Idoom 4G_EA51A,00:00:00:84:4A:10,Unknown,-100,3,
22:55:02,Idoom 4G_1FCFA,54:1F:8D:F1:FC:FA,Unknown,-100,0,
22:55:04,Idoom 4G_EA51A,54:1F:8D:8E:A5:1A,Unknown,-100,3,
22:55:04,Idoom 4G_DE8C3,5C:4D:BF:6D:E8:C3,Unknown,-100,0,
22:55:04,Idoom 4G_EA51A,00:00:00:84:4A:10,Unknown,-100,3,
22:55:04,Idoom 4G_1FCFA,54:1F:8D:F1:FC:FA,Unknown,-100,0,
22:55:05,Idoom 4G_EA51A,54:1F:8D:8E:A5:1A,Unknown,-100,3,
22:55:05,Idoom 4G_DE8C3,5C:4D:BF:6D:E8:C3,Unknown,-100,0,
22:55:05,Idoom 4G_EA51A,00:00:00:84:4A:10,Unknown,-100,3,
22:55:05,Idoom 4G_1FCFA,54:1F:8D:F1:FC:FA,Unknown,-100,0,
22:55:07,Idoom 4G_EA51A,54:1F:8D:8E:A5:1A,Unknown,-100,3,
22:55:07,Idoom 4G_DE8C3,5C:4D:BF:6D:E8:C3,Unknown,-100,0,
22:55:07,Idoom 4G_EA51A,00:00:00:84:4A:10,Unknown,-100,3,
22:55:07,Idoom 4G_1FCFA,54:1F:8D:F1:FC:FA,Unknown,-100,0,
22:55:08,Idoom 4G_EA51A,54:1F:8D:8E:A5:1A,Unknown,-100,3,
22:55:08,Idoom 4G_DE8C3,5C:4D:BF:6D:E8:C3,Unknown,-100,0,
22:55:08,Idoom 4G_EA51A,00:00:00:84:4A:10,Unknown,-100,3,
22:55:08,Idoom 4G_1FCFA,54:1F:8D:F1:FC:FA,Unknown,-100,0,
22:55:10,Idoom 4G_EA51A,54:1F:8D:8E:A5:1A,Unknown,-100,3,
22:55:10,Idoom 4G_DE8C3,5C:4D:BF:6D:E8:C3,Unknown,-100,0,
22:55:10,Idoom 4G_EA51A,00:00:00:84:4A:10,Unknown,-100,3,
22:55:10,Idoom 4G_1FCFA,54:1F:8D:F1:FC:FA,Unknown,-100,0,
22:55:11,Idoom 4G_EA51A,54:1F:8D:8E:A5:1A,Unknown,-100,3,
22:55:11,Idoom 4G_DE8C3,5C:4D:BF:6D:E8:C3,Unknown,-100,0,
22:55:11,Idoom 4G_EA51A,00:00:00:84:4A:10,Unknown,-100,3,
22:55:11,Idoom 4G_1FCFA,54:1F:8D:F1:FC:FA,Unknown,-100,0,
22:55:13,Idoom 4G_EA51A,54:1F:8D:8E:A5:1A,Unknown,-100,3,
22:55:13,Idoom 4G_DE8C3,5C:4D:BF:6D:E8:C3,Unknown,-100,0,
22:55:13,Idoom 4G_EA51A,00:00:00:84:4A:10,Unknown,-100,3,
22:55:13,Idoom 4G_1FCFA,54:1F:8D:F1:FC:FA,Unknown,-100,0,
22:55:14,Idoom 4G_EA51A,54:1F:8D:8E:A5:1A,Unknown,-100,3,
22:55:14,Idoom 4G_DE8C3,5C:4D:BF:6D:E8:C3,Unknown,-100,0,
22:55:14,Idoom 4G_EA51A,00:00:00:84:4A:10,Unknown,-100,3,
22:55:14,Idoom 4G_1FCFA,54:1F:8D:F1:FC:FA,Unknown,-100,0,
22:55:16,Idoom 4G_EA51A,54:1F:8D:8E:A5:1A,Unknown,-100,3,
22:55:16,Idoom 4G_DE8C3,5C:4D:BF:6D:E8:C3,Unknown,-100,0,
22:55:16,Idoom 4G_EA51A,00:00:00:84:4A:10,Unknown,-100,3,
22:55:16,Idoom 4G_1FCFA,54:1F:8D:F1:FC:FA,Unknown,-100,0,
22:55:17,Idoom 4G_EA51A,54:1F:8D:8E:A5:1A,Unknown,-100,3,
22:55:17,Idoom 4G_DE8C3,5C:4D:BF:6D:E8:C3,Unknown,-100,0,
22:55:17,Idoom 4G_EA51A,00:00:00:84:4A:10,Unknown,-100,3,
22:55:17,Idoom 4G_1FCFA,54:1F:8D:F1:FC:FA,Unknown,-100,0,
22:55:19,Idoom 4G_EA51A,54:1F:8D:8E:A5:1A,Unknown,-100,3,
22:55:19,Idoom 4G_DE8C3,5C:4D:BF:6D:E8:C3,Unknown,-100,0,
22:55:19,Idoom 4G_EA51A,00:00:00:84:4A:10,Unknown,-100,3,
22:55:19,Idoom 4G_1FCFA,54:1F:8D:F1:FC:FA,Unknown,-100,0,
22:55:20,Idoom 4G_EA51A,54:1F:8D:8E:A5:1A,Unknown,-100,3,
22:55:20,Idoom 4G_DE8C3,5C:4D:BF:6D:E8:C3,Unknown,-100,0,
22:55:20,Idoom 4G_EA51A,00:00:00:84:4A:10,Unknown,-100,3,
22:55:20,Idoom 4G_1FCFA,54:1F:8D:F1:FC:FA,Unknown,-100,0,
22:55:22,Idoom 4G_EA51A,54:1F:8D:8E:A5:1A,Unknown,-100,3,
22:55:22,Idoom 4G_EA51A,00:00:00:84:4A:10,Unknown,-100,3,
22:55:22,Idoom 4G_1FCFA,54:1F:8D:F1:FC:FA,Unknown,-100,0,
22:55:23,Idoom 4G_EA51A,54:1F:8D:8E:A5:1A,Unknown,-100,3,
22:55:23,Idoom 4G_EA51A,00:00:00:84:4A:10,Unknown,-100,3,
22:55:23,Idoom 4G_1FCFA,54:1F:8D:F1:FC:FA,Unknown,-100,0,
22:55:25,Idoom 4G_EA51A,54:1F:8D:8E:A5:1A,Unknown,-100,3,
22:55:25,Idoom 4G_EA51A,00:00:00:84:4A:10,Unknown,-100,3,
22:55:25,Idoom 4G_1FCFA,54:1F:8D:F1:FC:FA,Unknown,-100,0,
22:55:26,Idoom 4G_EA51A,54:1F:8D:8E:A5:1A,Unknown,-100,3,
22:55:26,Idoom 4G_EA51A,00:00:00:84:4A:10,Unknown,-100,3,
22:55:26,Idoom 4G_1FCFA,54:1F:8D:F1:FC:FA,Unknown,-100,0,
22:55:28,Idoom 4G_EA51A,54:1F:8D:8E:A5:1A,Unknown,-100,3,
22:55:28,Idoom 4G_EA51A,00:00:00:84:4A:10,Unknown,-100,3,
22:55:28,Idoom 4G_1FCFA,54:1F:8D:F1:FC:FA,Unknown,-100,0,
22:55:29,Idoom 4G_EA51A,54:1F:8D:8E:A5:1A,Unknown,-100,3,
22:55:29,Idoom 4G_EA51A,00:00:00:84:4A:10,Unknown,-100,3,
22:55:29,Idoom 4G_1FCFA,54:1F:8D:F1:FC:FA,Unknown,-100,0,
22:55:31,Idoom 4G_EA51A,54:1F:8D:8E:A5:1A,Unknown,-100,3,
22:55:31,Idoom 4G_EA51A,00:00:00:84:4A:10,Unknown,-100,3,
22:55:32,Idoom 4G_EA51A,54:1F:8D:8E:A5:1A,Unknown,-100,3,
22:55:32,Idoom 4G_EA51A,00:00:00:84:4A:10,Unknown,-100,3,
22:55:32,Idoom 4G_DE8C3,5C:4D:BF:6D:E8:C3,Unknown,-100,0,
22:55:34,Idoom 4G_EA51A,54:1F:8D:8E:A5:1A,Unknown,-100,3,
22:55:34,Idoom 4G_EA51A,00:00:00:84:4A:10,Unknown,-100,3,
22:55:34,Idoom 4G_DE8C3,5C:4D:BF:6D:E8:C3,Unknown,-100,0,
22:55:35,Idoom 4G_EA51A,54:1F:8D:8E:A5:1A,Unknown,-100,3,
22:55:35,Idoom 4G_EA51A,00:00:00:84:4A:10,Unknown,-100,3,
22:55:35,Idoom 4G_DE8C3,5C:4D:BF:6D:E8:C3,Unknown,-100,0,
22:55:37,Idoom 4G_EA51A,54:1F:8D:8E:A5:1A,Unknown,-100,3,
22:55:37,Idoom 4G_EA51A,00:00:00:84:4A:10,Unknown,-100,3,
22:55:37,Idoom 4G_DE8C3,5C:4D:BF:6D:E8:C3,Unknown,-100,0,
22:55:38,Idoom 4G_EA51A,54:1F:8D:8E:A5:1A,Unknown,-100,3,
22:55:38,Idoom 4G_EA51A,00:00:00:84:4A:10,Unknown,-100,3,
22:55:38,Idoom 4G_DE8C3,5C:4D:BF:6D:E8:C3,Unknown,-100,0,
22:55:40,Idoom 4G_EA51A,54:1F:8D:8E:A5:1A,Unknown,-100,3,
22:55:40,Idoom 4G_EA51A,00:00:00:84:4A:10,Unknown,-100,3,
22:55:40,Idoom 4G_DE8C3,5C:4D:BF:6D:E8:C3,Unknown,-100,0,
22:55:41,Idoom 4G_EA51A,54:1F:8D:8E:A5:1A,Unknown,-100,3,
22:55:41,Idoom 4G_EA51A,00:00:00:84:4A:10,Unknown,-100,3,
22:55:41,Idoom 4G_DE8C3,5C:4D:BF:6D:E8:C3,Unknown,-100,0,
22:55:43,Idoom 4G_EA51A,54:1F:8D:8E:A5:1A,Unknown,-100,3,
22:55:43,Idoom 4G_EA51A,00:00:00:84:4A:10,Unknown,-100,3,
22:55:43,Idoom 4G_DE8C3,5C:4D:BF:6D:E8:C3,Unknown,-100,0,
22:55:44,Idoom 4G_EA51A,54:1F:8D:8E:A5:1A,Unknown,-100,3,
22:55:44,Idoom 4G_EA51A,00:00:00:84:4A:10,Unknown,-100,3,
22:55:44,Idoom 4G_DE8C3,5C:4D:BF:6D:E8:C3,Unknown,-100,0,
22:55:46,Idoom 4G_EA51A,54:1F:8D:8E:A5:1A,Unknown,-100,3,
22:55:46,Idoom 4G_EA51A,00:00:00:84:4A:10,Unknown,-100,3,
22:55:46,Idoom 4G_DE8C3,5C:4D:BF:6D:E8:C3,Unknown,-100,0,
22:55:47,Idoom 4G_EA51A,54:1F:8D:8E:A5:1A,Unknown,-100,3,
22:55:47,Idoom 4G_EA51A,00:00:00:84:4A:10,Unknown,-100,3,
22:55:47,Idoom 4G_DE8C3,5C:4D:BF:6D:E8:C3,Unknown,-100,0,
22:55:49,Idoom 4G_EA51A,54:1F:8D:8E:A5:1A,Unknown,-100,3,
22:55:49,Idoom 4G_EA51A,00:00:00:84:4A:10,Unknown,-100,3,
22:55:49,Idoom 4G_DE8C3,5C:4D:BF:6D:E8:C3,Unknown,-100,0,
22:55:50,Idoom 4G_EA51A,54:1F:8D:8E:A5:1A,Unknown,-100,3,
22:55:50,Idoom 4G_EA51A,00:00:00:84:4A:10,Unknown,-100,3,
22:55:50,Idoom 4G_DE8C3,5C:4D:BF:6D:E8:C3,Unknown,-100,0,
22:55:52,Idoom 4G_EA51A,54:1F:8D:8E:A5:1A,Unknown,-100,3,
22:55:52,Idoom 4G_EA51A,00:00:00:84:4A:10,Unknown,-100,3,
22:55:52,Idoom 4G_DE8C3,5C:4D:BF:6D:E8:C3,Unknown,-100,0,
22:55:53,Idoom 4G_EA51A,54:1F:8D:8E:A5:1A,Unknown,-100,3,
22:55:53,Idoom 4G_EA51A,00:00:00:84:4A:10,Unknown,-100,3,
22:55:53,Idoom 4G_DE8C3,5C:4D:BF:6D:E8:C3,Unknown,-100,0,
22:55:55,Idoom 4G_EA51A,54:1F:8D:8E:A5:1A,Unknown,-100,3,
22:55:55,Idoom 4G_EA51A,00:00:00:84:4A:10,Unknown,-100,3,
22:55:55,Idoom 4G_DE8C3,5C:4D:BF:6D:E8:C3,Unknown,-100,0,
22:55:56,Idoom 4G_EA51A,54:1F:8D:8E:A5:1A,Unknown,-100,3,
22:55:56,Idoom 4G_EA51A,00:00:00:84:4A:10,Unknown,-100,3,
22:55:56,Idoom 4G_DE8C3,5C:4D:BF:6D:E8:C3,Unknown,-100,0,
22:55:58,Idoom 4G_EA51A,54:1F:8D:8E:A5:1A,Unknown,-100,3,
22:55:58,Idoom 4G_EA51A,00:00:00:84:4A:10,Unknown,-100,3,
22:55:58,Idoom 4G_DE8C3,5C:4D:BF:6D:E8:C3,Unknown,-100,0,
22:55:59,Idoom 4G_EA51A,54:1F:8D:8E:A5:1A,Unknown,-100,3,
22:55:59,Idoom 4G_EA51A,00:00:00:84:4A:10,Unknown,-100,3,
22:55:59,Idoom 4G_DE8C3,5C:4D:BF:6D:E8:C3,Unknown,-100,0,
22:56:01,Idoom 4G_EA51A,54:1F:8D:8E:A5:1A,Unknown,-100,3,
22:56:01,Idoom 4G_EA51A,00:00:00:84:4A:10,Unknown,-100,3,
22:56:01,Idoom 4G_DE8C3,5C:4D:BF:6D:E8:C3,Unknown,-100,0,
22:56:02,Idoom 4G_EA51A,54:1F:8D:8E:A5:1A,Unknown,-100,3,
22:56:02,Idoom 4G_EA51A,00:00:00:84:4A:10,Unknown,-100,3,
22:56:02,Idoom 4G_DE8C3,5C:4D:BF:6D:E8:C3,Unknown,-100,0,
22:56:04,Idoom 4G_EA51A,54:1F:8D:8E:A5:1A,Unknown,-100,3,
22:56:04,Idoom 4G_EA51A,00:00:00:84:4A:10,Unknown,-100,3,
22:56:04,Idoom 4G_DE8C3,5C:4D:BF:6D:E8:C3,Unknown,-100,0,
22:56:05,Idoom 4G_EA51A,54:1F:8D:8E:A5:1A,Unknown,-100,3,
22:56:05,Idoom 4G_EA51A,00:00:00:84:4A:10,Unknown,-100,3,
22:56:05,Idoom 4G_DE8C3,5C:4D:BF:6D:E8:C3,Unknown,-100,0,
22:56:07,Idoom 4G_EA51A,54:1F:8D:8E:A5:1A,Unknown,-100,3,
22:56:07,Idoom 4G_EA51A,00:00:00:84:4A:10,Unknown,-100,3,
22:56:07,Idoom 4G_DE8C3,5C:4D:BF:6D:E8:C3,Unknown,-100,0,
22:56:08,Idoom 4G_EA51A,54:1F:8D:8E:A5:1A,Unknown,-100,3,
22:56:08,Idoom 4G_EA51A,00:00:00:84:4A:10,Unknown,-100,3,
22:56:08,Idoom 4G_DE8C3,5C:4D:BF:6D:E8:C3,Unknown,-100,0,
22:56:10,Idoom 4G_EA51A,54:1F:8D:8E:A5:1A,Unknown,-100,3,
22:56:10,Idoom 4G_EA51A,00:00:00:84:4A:10,Unknown,-100,3,
22:56:10,Idoom 4G_DE8C3,5C:4D:BF:6D:E8:C3,Unknown,-100,0,
22:56:11,Idoom 4G_EA51A,54:1F:8D:8E:A5:1A,Unknown,-100,3,
22:56:11,Idoom 4G_EA51A,00:00:00:84:4A:10,Unknown,-100,3,
22:56:11,Idoom 4G_DE8C3,5C:4D:BF:6D:E8:C3,Unknown,-100,0,
22:56:13,Idoom 4G_EA51A,54:1F:8D:8E:A5:1A,Unknown,-100,3,
22:56:13,Idoom 4G_EA51A,00:00:00:84:4A:10,Unknown,-100,3,
22:56:13,Idoom 4G_DE8C3,5C:4D:BF:6D:E8:C3,Unknown,-100,0,
22:56:14,Idoom 4G_EA51A,54:1F:8D:8E:A5:1A,Unknown,-100,3,
22:56:14,Idoom 4G_EA51A,00:00:00:84:4A:10,Unknown,-100,3,
22:56:14,Idoom 4G_DE8C3,5C:4D:BF:6D:E8:C3,Unknown,-100,0,
22:56:16,Idoom 4G_EA51A,54:1F:8D:8E:A5:1A,Unknown,-100,3,
22:56:16,Idoom 4G_EA51A,00:00:00:84:4A:10,Unknown,-100,3,
22:56:16,Idoom 4G_DE8C3,5C:4D:BF:6D:E8:C3,Unknown,-100,0,
22:56:17,Idoom 4G_EA51A,54:1F:8D:8E:A5:1A,Unknown,-100,3,
22:56:17,Idoom 4G_EA51A,00:00:00:84:4A:10,Unknown,-100,3,
22:56:17,Idoom 4G_DE8C3,5C:4D:BF:6D:E8:C3,Unknown,-100,0,
22:56:19,Idoom 4G_EA51A,54:1F:8D:8E:A5:1A,Unknown,-100,3,
22:56:19,Idoom 4G_EA51A,00:00:00:84:4A:10,Unknown,-100,3,
22:56:19,Idoom 4G_DE8C3,5C:4D:BF:6D:E8:C3,Unknown,-100,0,
22:56:20,Idoom 4G_EA51A,54:1F:8D:8E:A5:1A,Unknown,-100,3,
22:56:20,Idoom 4G_EA51A,00:00:00:84:4A:10,Unknown,-100,3,
22:56:20,Idoom 4G_DE8C3,5C:4D:BF:6D:E8:C3,Unknown,-100,0,
22:56:22,Idoom 4G_EA51A,54:1F:8D:8E:A5:1A,Unknown,-100,3,
22:56:22,Idoom 4G_EA51A,00:00:00:84:4A:10,Unknown,-100,3,
22:56:22,Idoom 4G_DE8C3,5C:4D:BF:6D:E8:C3,Unknown,-100,0,
22:56:23,Idoom 4G_EA51A,54:1F:8D:8E:A5:1A,Unknown,-100,3,
22:56:23,Idoom 4G_EA51A,00:00:00:84:4A:10,Unknown,-100,3,
22:56:23,Idoom 4G_DE8C3,5C:4D:BF:6D:E8:C3,Unknown,-100,0,
22:56:25,Idoom 4G_EA51A,54:1F:8D:8E:A5:1A,Unknown,-100,3,
22:56:25,Idoom 4G_EA51A,00:00:00:84:4A:10,Unknown,-100,3,
22:56:25,Idoom 4G_DE8C3,5C:4D:BF:6D:E8:C3,Unknown,-100,0,
22:56:26,Idoom 4G_EA51A,54:1F:8D:8E:A5:1A,Unknown,-100,3,
22:56:26,Idoom 4G_EA51A,00:00:00:84:4A:10,Unknown,-100,3,
22:56:26,Idoom 4G_DE8C3,5C:4D:BF:6D:E8:C3,Unknown,-100,0,
22:56:28,Idoom 4G_EA51A,54:1F:8D:8E:A5:1A,Unknown,-100,3,
22:56:28,Idoom 4G_EA51A,00:00:00:84:4A:10,Unknown,-100,3,
22:56:28,Idoom 4G_DE8C3,5C:4D:BF:6D:E8:C3,Unknown,-100,0,
22:56:29,Idoom 4G_EA51A,54:1F:8D:8E:A5:1A,Unknown,-100,3,
22:56:29,Idoom 4G_EA51A,00:00:00:84:4A:10,Unknown,-100,3,
22:56:29,Idoom 4G_DE8C3,5C:4D:BF:6D:E8:C3,Unknown,-100,0,
22:56:31,Idoom 4G_EA51A,54:1F:8D:8E:A5:1A,Unknown,-100,3,
22:56:31,Idoom 4G_EA51A,00:00:00:84:4A:10,Unknown,-100,3,
22:56:31,Idoom 4G_DE8C3,5C:4D:BF:6D:E8:C3,Unknown,-100,0,
22:56:32,Idoom 4G_EA51A,54:1F:8D:8E:A5:1A,Unknown,-100,3,
22:56:32,Idoom 4G_EA51A,00:00:00:84:4A:10,Unknown,-100,3,
22:56:32,Idoom 4G_DE8C3,5C:4D:BF:6D:E8:C3,Unknown,-100,0,
22:56:34,Idoom 4G_EA51A,54:1F:8D:8E:A5:1A,Unknown,-100,3,
22:56:34,Idoom 4G_EA51A,00:00:00:84:4A:10,Unknown,-100,3,
22:56:34,Idoom 4G_DE8C3,5C:4D:BF:6D:E8:C3,Unknown,-100,0,
22:56:35,Idoom 4G_EA51A,54:1F:8D:8E:A5:1A,Unknown,-100,3,
22:56:35,Idoom 4G_EA51A,00:00:00:84:4A:10,Unknown,-100,3,
22:56:35,Idoom 4G_DE8C3,5C:4D:BF:6D:E8:C3,Unknown,-100,0,
22:56:37,Idoom 4G_EA51A,54:1F:8D:8E:A5:1A,Unknown,-100,3,
22:56:37,Idoom 4G_EA51A,00:00:00:84:4A:10,Unknown,-100,3,
22:56:37,Idoom 4G_DE8C3,5C:4D:BF:6D:E8:C3,Unknown,-100,0,
22:56:38,Idoom 4G_EA51A,54:1F:8D:8E:A5:1A,Unknown,-100,3,
22:56:38,Idoom 4G_EA51A,00:00:00:84:4A:10,Unknown,-100,3,
22:56:38,Idoom 4G_DE8C3,5C:4D:BF:6D:E8:C3,Unknown,-100,0,
22:56:40,Idoom 4G_EA51A,54:1F:8D:8E:A5:1A,Unknown,-100,3,
22:56:40,Idoom 4G_EA51A,00:00:00:84:4A:10,Unknown,-100,3,
22:56:40,Idoom 4G_DE8C3,5C:4D:BF:6D:E8:C3,Unknown,-100,0,
22:56:41,Idoom 4G_EA51A,54:1F:8D:8E:A5:1A,Unknown,-100,3,
22:56:41,Idoom 4G_EA51A,00:00:00:84:4A:10,Unknown,-100,3,
22:56:41,Idoom 4G_DE8C3,5C:4D:BF:6D:E8:C3,Unknown,-100,0,
22:56:43,Idoom 4G_EA51A,54:1F:8D:8E:A5:1A,Unknown,-100,3,
22:56:43,Idoom 4G_EA51A,00:00:00:84:4A:10,Unknown,-100,3,
22:56:43,Idoom 4G_DE8C3,5C:4D:BF:6D:E8:C3,Unknown,-100,0,
22:56:44,Idoom 4G_EA51A,54:1F:8D:8E:A5:1A,Unknown,-100,3,
22:56:44,Idoom 4G_EA51A,00:00:00:84:4A:10,Unknown,-100,3,
22:56:44,Idoom 4G_DE8C3,5C:4D:BF:6D:E8:C3,Unknown,-100,0,
22:56:46,Idoom 4G_EA51A,54:1F:8D:8E:A5:1A,Unknown,-100,3,
22:56:46,Idoom 4G_EA51A,00:00:00:84:4A:10,Unknown,-100,3,
22:56:46,Idoom 4G_DE8C3,5C:4D:BF:6D:E8:C3,Unknown,-100,0,
22:56:47,Idoom 4G_EA51A,54:1F:8D:8E:A5:1A,Unknown,-100,3,
22:56:47,Idoom 4G_EA51A,00:00:00:84:4A:10,Unknown,-100,3,
22:56:47,Idoom 4G_DE8C3,5C:4D:BF:6D:E8:C3,Unknown,-100,0,
22:56:49,Idoom 4G_EA51A,54:1F:8D:8E:A5:1A,Unknown,-100,3,
22:56:49,Idoom 4G_EA51A,00:00:00:84:4A:10,Unknown,-100,3,
22:56:49,Idoom 4G_DE8C3,5C:4D:BF:6D:E8:C3,Unknown,-100,0,
22:56:50,Idoom 4G_EA51A,54:1F:8D:8E:A5:1A,Unknown,-100,3,
22:56:50,Idoom 4G_EA51A,00:00:00:84:4A:10,Unknown,-100,3,
22:56:50,Idoom 4G_DE8C3,5C:4D:BF:6D:E8:C3,Unknown,-100,0,
22:56:52,Idoom 4G_EA51A,54:1F:8D:8E:A5:1A,Unknown,-100,3,
22:56:52,Idoom 4G_EA51A,00:00:00:84:4A:10,Unknown,-100,3,
22:56:52,Idoom 4G_DE8C3,5C:4D:BF:6D:E8:C3,Unknown,-100,0,
22:56:53,Idoom 4G_EA51A,54:1F:8D:8E:A5:1A,Unknown,-100,3,
22:56:53,Idoom 4G_EA51A,00:00:00:84:4A:10,Unknown,-100,3,
22:56:53,Idoom 4G_DE8C3,5C:4D:BF:6D:E8:C3,Unknown,-100,0,
22:56:55,Idoom 4G_EA51A,54:1F:8D:8E:A5:1A,Unknown,-100,3,
22:56:55,Idoom 4G_EA51A,00:00:00:84:4A:10,Unknown,-100,3,
22:56:55,Idoom 4G_DE8C3,5C:4D:BF:6D:E8:C3,Unknown,-100,0,
22:56:56,Idoom 4G_EA51A,54:1F:8D:8E:A5:1A,Unknown,-100,3,
22:56:56,Idoom 4G_EA51A,00:00:00:84:4A:10,Unknown,-100,3,
22:56:56,Idoom 4G_DE8C3,5C:4D:BF:6D:E8:C3,Unknown,-100,0,
22:56:58,Idoom 4G_EA51A,54:1F:8D:8E:A5:1A,Unknown,-100,3,
22:56:58,Idoom 4G_EA51A,00:00:00:84:4A:10,Unknown,-100,3,
22:56:58,Idoom 4G_DE8C3,5C:4D:BF:6D:E8:C3,Unknown,-100,0,
22:56:59,Idoom 4G_EA51A,54:1F:8D:8E:A5:1A,Unknown,-100,3,
22:56:59,Idoom 4G_EA51A,00:00:00:84:4A:10,Unknown,-100,3,
22:56:59,Idoom 4G_DE8C3,5C:4D:BF:6D:E8:C3,Unknown,-100,0,
22:57:01,Idoom 4G_EA51A,54:1F:8D:8E:A5:1A,Unknown,-100,3,
22:57:01,Idoom 4G_EA51A,00:00:00:84:4A:10,Unknown,-100,3,
22:57:01,Idoom 4G_DE8C3,5C:4D:BF:6D:E8:C3,Unknown,-100,0,
22:57:02,Idoom 4G_EA51A,54:1F:8D:8E:A5:1A,Unknown,-100,3,
22:57:02,Idoom 4G_EA51A,00:00:00:84:4A:10,Unknown,-100,3,
22:57:02,Idoom 4G_DE8C3,5C:4D:BF:6D:E8:C3,Unknown,-100,0,
22:57:04,Idoom 4G_EA51A,54:1F:8D:8E:A5:1A,Unknown,-100,3,
22:57:04,Idoom 4G_EA51A,00:00:00:84:4A:10,Unknown,-100,3,
22:57:04,Idoom 4G_DE8C3,5C:4D:BF:6D:E8:C3,Unknown,-100,0,
22:57:05,Idoom 4G_EA51A,54:1F:8D:8E:A5:1A,Unknown,-100,3,
22:57:05,Idoom 4G_EA51A,00:00:00:84:4A:10,Unknown,-100,3,
22:57:05,Idoom 4G_DE8C3,5C:4D:BF:6D:E8:C3,Unknown,-100,0,
22:57:07,Idoom 4G_EA51A,54:1F:8D:8E:A5:1A,Unknown,-100,3,
22:57:07,Idoom 4G_EA51A,00:00:00:84:4A:10,Unknown,-100,3,
22:57:07,Idoom 4G_DE8C3,5C:4D:BF:6D:E8:C3,Unknown,-100,0,
22:57:09,Idoom 4G_EA51A,54:1F:8D:8E:A5:1A,Unknown,-100,3,
22:57:09,Idoom 4G_EA51A,00:00:00:84:4A:10,Unknown,-100,3,
22:57:09,Idoom 4G_DE8C3,5C:4D:BF:6D:E8:C3,Unknown,-100,0,
22:57:10,Idoom 4G_EA51A,54:1F:8D:8E:A5:1A,Unknown,-100,3,
22:57:10,Idoom 4G_EA51A,00:00:00:84:4A:10,Unknown,-100,3,
22:57:10,Idoom 4G_DE8C3,5C:4D:BF:6D:E8:C3,Unknown,-100,0,
22:57:12,Idoom 4G_EA51A,54:1F:8D:8E:A5:1A,Unknown,-100,3,
22:57:12,Idoom 4G_EA51A,00:00:00:84:4A:10,Unknown,-100,3,
22:57:12,Idoom 4G_DE8C3,5C:4D:BF:6D:E8:C3,Unknown,-100,0,
22:57:13,Idoom 4G_EA51A,54:1F:8D:8E:A5:1A,Unknown,-100,3,
22:57:13,Idoom 4G_EA51A,00:00:00:84:4A:10,Unknown,-100,3,
22:57:13,Idoom 4G_DE8C3,5C:4D:BF:6D:E8:C3,Unknown,-100,0,
22:57:15,Idoom 4G_EA51A,54:1F:8D:8E:A5:1A,Unknown,-100,3,
22:57:15,Idoom 4G_EA51A,00:00:00:84:4A:10,Unknown,-100,3,
22:57:15,Idoom 4G_DE8C3,5C:4D:BF:6D:E8:C3,Unknown,-100,0,
22:57:16,Idoom 4G_EA51A,54:1F:8D:8E:A5:1A,Unknown,-100,3,
22:57:16,Idoom 4G_EA51A,00:00:00:84:4A:10,Unknown,-100,3,
22:57:16,Idoom 4G_DE8C3,5C:4D:BF:6D:E8:C3,Unknown,-100,0,
22:57:18,Idoom 4G_EA51A,54:1F:8D:8E:A5:1A,Unknown,-100,3,
22:57:18,Idoom 4G_EA51A,00:00:00:84:4A:10,Unknown,-100,3,
22:57:18,Idoom 4G_DE8C3,5C:4D:BF:6D:E8:C3,Unknown,-100,0,
22:57:19,Idoom 4G_EA51A,54:1F:8D:8E:A5:1A,Unknown,-100,3,
22:57:19,Idoom 4G_EA51A,00:00:00:84:4A:10,Unknown,-100,3,
22:57:21,Idoom 4G_EA51A,54:1F:8D:8E:A5:1A,Unknown,-100,3,
22:57:21,Idoom 4G_EA51A,00:00:00:84:4A:10,Unknown,-100,3,
22:57:22,Idoom 4G_EA51A,54:1F:8D:8E:A5:1A,Unknown,-100,3,
22:57:22,Idoom 4G_EA51A,00:00:00:84:4A:10,Unknown,-100,3,
22:57:22,Idoom 4G_1FCFA,54:1F:8D:F1:FC:FA,Unknown,-100,0,
22:57:24,Idoom 4G_EA51A,54:1F:8D:8E:A5:1A,Unknown,-100,3,
22:57:24,Idoom 4G_EA51A,00:00:00:84:4A:10,Unknown,-100,3,
22:57:24,Idoom 4G_1FCFA,54:1F:8D:F1:FC:FA,Unknown,-100,0,
22:57:24,Idoom 4G_DE8C3,5C:4D:BF:6D:E8:C3,Unknown,-100,0,
22:57:25,Idoom 4G_EA51A,54:1F:8D:8E:A5:1A,Unknown,-100,3,
22:57:25,Idoom 4G_EA51A,00:00:00:84:4A:10,Unknown,-100,3,
22:57:25,Idoom 4G_1FCFA,54:1F:8D:F1:FC:FA,Unknown,-100,0,
22:57:25,Idoom 4G_DE8C3,5C:4D:BF:6D:E8:C3,Unknown,-100,0,
22:57:27,Idoom 4G_EA51A,54:1F:8D:8E:A5:1A,Unknown,-100,3,
22:57:27,Idoom 4G_EA51A,00:00:00:84:4A:10,Unknown,-100,3,
22:57:27,Idoom 4G_1FCFA,54:1F:8D:F1:FC:FA,Unknown,-100,0,
22:57:27,Idoom 4G_DE8C3,5C:4D:BF:6D:E8:C3,Unknown,-100,0,
22:57:28,Idoom 4G_EA51A,54:1F:8D:8E:A5:1A,Unknown,-100,3,
22:57:28,Idoom 4G_EA51A,00:00:00:84:4A:10,Unknown,-100,3,
22:57:28,Idoom 4G_1FCFA,54:1F:8D:F1:FC:FA,Unknown,-100,0,
22:57:28,Idoom 4G_DE8C3,5C:4D:BF:6D:E8:C3,Unknown,-100,0,
22:57:30,Idoom 4G_EA51A,54:1F:8D:8E:A5:1A,Unknown,-100,3,
22:57:30,Idoom 4G_EA51A,00:00:00:84:4A:10,Unknown,-100,3,
22:57:30,Idoom 4G_1FCFA,54:1F:8D:F1:FC:FA,Unknown,-100,0,
22:57:30,Idoom 4G_DE8C3,5C:4D:BF:6D:E8:C3,Unknown,-100,0,
22:57:31,Idoom 4G_EA51A,54:1F:8D:8E:A5:1A,Unknown,-100,3,
22:57:31,Idoom 4G_EA51A,00:00:00:84:4A:10,Unknown,-100,3,
22:57:31,Idoom 4G_1FCFA,54:1F:8D:F1:FC:FA,Unknown,-100,0,
22:57:31,Idoom 4G_DE8C3,5C:4D:BF:6D:E8:C3,Unknown,-100,0,
22:57:33,Idoom 4G_EA51A,54:1F:8D:8E:A5:1A,Unknown,-100,3,
22:57:33,Idoom 4G_EA51A,00:00:00:84:4A:10,Unknown,-100,3,
22:57:33,Idoom 4G_1FCFA,54:1F:8D:F1:FC:FA,Unknown,-100,0,
22:57:33,Idoom 4G_DE8C3,5C:4D:BF:6D:E8:C3,Unknown,-100,0,
22:57:34,Idoom 4G_EA51A,54:1F:8D:8E:A5:1A,Unknown,-100,3,
22:57:34,Idoom 4G_EA51A,00:00:00:84:4A:10,Unknown,-100,3,
22:57:34,Idoom 4G_1FCFA,54:1F:8D:F1:FC:FA,Unknown,-100,0,
22:57:34,Idoom 4G_DE8C3,5C:4D:BF:6D:E8:C3,Unknown,-100,0,
22:57:36,Idoom 4G_EA51A,54:1F:8D:8E:A5:1A,Unknown,-100,3,
22:57:36,Idoom 4G_EA51A,00:00:00:84:4A:10,Unknown,-100,3,
22:57:36,Idoom 4G_1FCFA,54:1F:8D:F1:FC:FA,Unknown,-100,0,
22:57:36,Idoom 4G_DE8C3,5C:4D:BF:6D:E8:C3,Unknown,-100,0,
22:57:37,Idoom 4G_EA51A,54:1F:8D:8E:A5:1A,Unknown,-100,3,
22:57:37,Idoom 4G_EA51A,00:00:00:84:4A:10,Unknown,-100,3,
22:57:37,Idoom 4G_1FCFA,54:1F:8D:F1:FC:FA,Unknown,-100,0,
22:57:37,Idoom 4G_DE8C3,5C:4D:BF:6D:E8:C3,Unknown,-100,0,
22:57:39,Idoom 4G_EA51A,54:1F:8D:8E:A5:1A,Unknown,-100,3,
22:57:39,Idoom 4G_EA51A,00:00:00:84:4A:10,Unknown,-100,3,
22:57:39,Idoom 4G_1FCFA,54:1F:8D:F1:FC:FA,Unknown,-100,0,
22:57:39,Idoom 4G_DE8C3,5C:4D:BF:6D:E8:C3,Unknown,-100,0,
22:57:40,Idoom 4G_EA51A,54:1F:8D:8E:A5:1A,Unknown,-100,3,
22:57:40,Idoom 4G_EA51A,00:00:00:84:4A:10,Unknown,-100,3,
22:57:40,Idoom 4G_1FCFA,54:1F:8D:F1:FC:FA,Unknown,-100,0,
22:57:40,Idoom 4G_DE8C3,5C:4D:BF:6D:E8:C3,Unknown,-100,0,
22:57:42,Idoom 4G_EA51A,54:1F:8D:8E:A5:1A,Unknown,-100,3,
22:57:42,Idoom 4G_EA51A,00:00:00:84:4A:10,Unknown,-100,3,
22:57:42,Idoom 4G_1FCFA,54:1F:8D:F1:FC:FA,Unknown,-100,0,
22:57:42,Idoom 4G_DE8C3,5C:4D:BF:6D:E8:C3,Unknown,-100,0,
22:57:43,Idoom 4G_EA51A,54:1F:8D:8E:A5:1A,Unknown,-100,3,
22:57:43,Idoom 4G_EA51A,00:00:00:84:4A:10,Unknown,-100,3,
22:57:43,Idoom 4G_1FCFA,54:1F:8D:F1:FC:FA,Unknown,-100,0,
22:57:43,Idoom 4G_DE8C3,5C:4D:BF:6D:E8:C3,Unknown,-100,0,
22:57:45,Idoom 4G_EA51A,54:1F:8D:8E:A5:1A,Unknown,-100,3,
22:57:45,Idoom 4G_EA51A,00:00:00:84:4A:10,Unknown,-100,3,
22:57:45,Idoom 4G_1FCFA,54:1F:8D:F1:FC:FA,Unknown,-100,0,
22:57:45,Idoom 4G_DE8C3,5C:4D:BF:6D:E8:C3,Unknown,-100,0,
22:57:46,Idoom 4G_EA51A,54:1F:8D:8E:A5:1A,Unknown,-100,3,
22:57:46,Idoom 4G_EA51A,00:00:00:84:4A:10,Unknown,-100,3,
22:57:46,Idoom 4G_1FCFA,54:1F:8D:F1:FC:FA,Unknown,-100,0,
22:57:46,Idoom 4G_DE8C3,5C:4D:BF:6D:E8:C3,Unknown,-100,0,
22:57:48,Idoom 4G_EA51A,54:1F:8D:8E:A5:1A,Unknown,-100,3,
22:57:48,Idoom 4G_EA51A,00:00:00:84:4A:10,Unknown,-100,3,
22:57:48,Idoom 4G_1FCFA,54:1F:8D:F1:FC:FA,Unknown,-100,0,
22:57:48,Idoom 4G_DE8C3,5C:4D:BF:6D:E8:C3,Unknown,-100,0,
22:57:49,Idoom 4G_EA51A,54:1F:8D:8E:A5:1A,Unknown,-100,3,
22:57:49,Idoom 4G_EA51A,00:00:00:84:4A:10,Unknown,-100,3,
22:57:49,Idoom 4G_1FCFA,54:1F:8D:F1:FC:FA,Unknown,-100,0,
22:57:49,Idoom 4G_DE8C3,5C:4D:BF:6D:E8:C3,Unknown,-100,0,
22:57:51,Idoom 4G_EA51A,54:1F:8D:8E:A5:1A,Unknown,-100,3,
22:57:51,Idoom 4G_EA51A,00:00:00:84:4A:10,Unknown,-100,3,
22:57:51,Idoom 4G_1FCFA,54:1F:8D:F1:FC:FA,Unknown,-100,0,
22:57:51,Idoom 4G_DE8C3,5C:4D:BF:6D:E8:C3,Unknown,-100,0,
22:57:52,Idoom 4G_EA51A,54:1F:8D:8E:A5:1A,Unknown,-100,3,
22:57:52,Idoom 4G_EA51A,00:00:00:84:4A:10,Unknown,-100,3,
22:57:52,Idoom 4G_1FCFA,54:1F:8D:F1:FC:FA,Unknown,-100,0,
22:57:52,Idoom 4G_DE8C3,5C:4D:BF:6D:E8:C3,Unknown,-100,0,
22:57:54,Idoom 4G_EA51A,54:1F:8D:8E:A5:1A,Unknown,-100,3,
22:57:54,Idoom 4G_EA51A,00:00:00:84:4A:10,Unknown,-100,3,
22:57:54,Idoom 4G_1FCFA,54:1F:8D:F1:FC:FA,Unknown,-100,0,
22:57:54,Idoom 4G_DE8C3,5C:4D:BF:6D:E8:C3,Unknown,-100,0,
22:57:55,Idoom 4G_EA51A,54:1F:8D:8E:A5:1A,Unknown,-100,3,
22:57:55,Idoom 4G_EA51A,00:00:00:84:4A:10,Unknown,-100,3,
22:57:55,Idoom 4G_1FCFA,54:1F:8D:F1:FC:FA,Unknown,-100,0,
22:57:55,Idoom 4G_DE8C3,5C:4D:BF:6D:E8:C3,Unknown,-100,0,
22:57:57,Idoom 4G_EA51A,54:1F:8D:8E:A5:1A,Unknown,-100,3,
22:57:57,Idoom 4G_EA51A,00:00:00:84:4A:10,Unknown,-100,3,
22:57:57,Idoom 4G_1FCFA,54:1F:8D:F1:FC:FA,Unknown,-100,0,
22:57:57,Idoom 4G_DE8C3,5C:4D:BF:6D:E8:C3,Unknown,-100,0,
22:57:58,Idoom 4G_EA51A,54:1F:8D:8E:A5:1A,Unknown,-100,3,
22:57:58,Idoom 4G_EA51A,00:00:00:84:4A:10,Unknown,-100,3,
22:57:58,Idoom 4G_1FCFA,54:1F:8D:F1:FC:FA,Unknown,-100,0,
22:57:58,Idoom 4G_DE8C3,5C:4D:BF:6D:E8:C3,Unknown,-100,0,
22:58:00,Idoom 4G_EA51A,54:1F:8D:8E:A5:1A,Unknown,-100,3,
22:58:00,Idoom 4G_EA51A,00:00:00:84:4A:10,Unknown,-100,3,
22:58:00,Idoom 4G_1FCFA,54:1F:8D:F1:FC:FA,Unknown,-100,0,
22:58:00,Idoom 4G_DE8C3,5C:4D:BF:6D:E8:C3,Unknown,-100,0,
22:58:01,Idoom 4G_EA51A,54:1F:8D:8E:A5:1A,Unknown,-100,3,
22:58:01,Idoom 4G_EA51A,00:00:00:84:4A:10,Unknown,-100,3,
22:58:01,Idoom 4G_1FCFA,54:1F:8D:F1:FC:FA,Unknown,-100,0,
22:58:01,Idoom 4G_DE8C3,5C:4D:BF:6D:E8:C3,Unknown,-100,0,
22:58:03,Idoom 4G_EA51A,54:1F:8D:8E:A5:1A,Unknown,-100,3,
22:58:03,Idoom 4G_EA51A,00:00:00:84:4A:10,Unknown,-100,3,
22:58:03,Idoom 4G_1FCFA,54:1F:8D:F1:FC:FA,Unknown,-100,0,
22:58:03,Idoom 4G_DE8C3,5C:4D:BF:6D:E8:C3,Unknown,-100,0,
22:58:04,Idoom 4G_EA51A,54:1F:8D:8E:A5:1A,Unknown,-100,3,
22:58:04,Idoom 4G_EA51A,00:00:00:84:4A:10,Unknown,-100,3,
22:58:04,Idoom 4G_1FCFA,54:1F:8D:F1:FC:FA,Unknown,-100,0,
22:58:04,Idoom 4G_DE8C3,5C:4D:BF:6D:E8:C3,Unknown,-100,0,
22:58:06,Idoom 4G_EA51A,54:1F:8D:8E:A5:1A,Unknown,-100,3,
22:58:06,Idoom 4G_EA51A,00:00:00:84:4A:10,Unknown,-100,3,
22:58:06,Idoom 4G_1FCFA,54:1F:8D:F1:FC:FA,Unknown,-100,0,
22:58:06,Idoom 4G_DE8C3,5C:4D:BF:6D:E8:C3,Unknown,-100,0,
22:58:07,Idoom 4G_EA51A,54:1F:8D:8E:A5:1A,Unknown,-100,3,
22:58:07,Idoom 4G_EA51A,00:00:00:84:4A:10,Unknown,-100,3,
22:58:07,Idoom 4G_1FCFA,54:1F:8D:F1:FC:FA,Unknown,-100,0,
22:58:07,Idoom 4G_DE8C3,5C:4D:BF:6D:E8:C3,Unknown,-100,0,
22:58:09,Idoom 4G_EA51A,54:1F:8D:8E:A5:1A,Unknown,-100,3,
22:58:09,Idoom 4G_EA51A,00:00:00:84:4A:10,Unknown,-100,3,
22:58:09,Idoom 4G_1FCFA,54:1F:8D:F1:FC:FA,Unknown,-100,0,
22:58:09,Idoom 4G_DE8C3,5C:4D:BF:6D:E8:C3,Unknown,-100,0,
22:58:10,Idoom 4G_EA51A,54:1F:8D:8E:A5:1A,Unknown,-100,3,
22:58:10,Idoom 4G_EA51A,00:00:00:84:4A:10,Unknown,-100,3,
22:58:10,Idoom 4G_1FCFA,54:1F:8D:F1:FC:FA,Unknown,-100,0,
22:58:10,Idoom 4G_DE8C3,5C:4D:BF:6D:E8:C3,Unknown,-100,0,
22:58:12,Idoom 4G_EA51A,54:1F:8D:8E:A5:1A,Unknown,-100,3,
22:58:12,Idoom 4G_EA51A,00:00:00:84:4A:10,Unknown,-100,3,
22:58:12,Idoom 4G_1FCFA,54:1F:8D:F1:FC:FA,Unknown,-100,0,
22:58:12,Idoom 4G_DE8C3,5C:4D:BF:6D:E8:C3,Unknown,-100,0,
22:58:13,Idoom 4G_EA51A,54:1F:8D:8E:A5:1A,Unknown,-100,3,
22:58:13,Idoom 4G_EA51A,00:00:00:84:4A:10,Unknown,-100,3,
22:58:13,Idoom 4G_1FCFA,54:1F:8D:F1:FC:FA,Unknown,-100,0,
22:58:13,Idoom 4G_DE8C3,5C:4D:BF:6D:E8:C3,Unknown,-100,0,
22:58:15,Idoom 4G_EA51A,54:1F:8D:8E:A5:1A,Unknown,-100,3,
22:58:15,Idoom 4G_EA51A,00:00:00:84:4A:10,Unknown,-100,3,
22:58:15,Idoom 4G_1FCFA,54:1F:8D:F1:FC:FA,Unknown,-100,0,
22:58:15,Idoom 4G_DE8C3,5C:4D:BF:6D:E8:C3,Unknown,-100,0,
22:58:16,Idoom 4G_EA51A,54:1F:8D:8E:A5:1A,Unknown,-100,3,
22:58:16,Idoom 4G_EA51A,00:00:00:84:4A:10,Unknown,-100,3,
22:58:16,Idoom 4G_1FCFA,54:1F:8D:F1:FC:FA,Unknown,-100,0,
22:58:16,Idoom 4G_DE8C3,5C:4D:BF:6D:E8:C3,Unknown,-100,0,
22:58:18,Idoom 4G_EA51A,54:1F:8D:8E:A5:1A,Unknown,-100,3,
22:58:18,Idoom 4G_EA51A,00:00:00:84:4A:10,Unknown,-100,3,
22:58:18,Idoom 4G_1FCFA,54:1F:8D:F1:FC:FA,Unknown,-100,0,
22:58:18,Idoom 4G_DE8C3,5C:4D:BF:6D:E8:C3,Unknown,-100,0,
22:58:19,Idoom 4G_EA51A,54:1F:8D:8E:A5:1A,Unknown,-100,3,
22:58:19,Idoom 4G_EA51A,00:00:00:84:4A:10,Unknown,-100,3,
22:58:19,Idoom 4G_1FCFA,54:1F:8D:F1:FC:FA,Unknown,-100,0,
22:58:19,Idoom 4G_DE8C3,5C:4D:BF:6D:E8:C3,Unknown,-100,0,
22:58:21,Idoom 4G_EA51A,54:1F:8D:8E:A5:1A,Unknown,-100,3,
22:58:21,Idoom 4G_EA51A,00:00:00:84:4A:10,Unknown,-100,3,
22:58:21,Idoom 4G_1FCFA,54:1F:8D:F1:FC:FA,Unknown,-100,0,
22:58:21,Idoom 4G_DE8C3,5C:4D:BF:6D:E8:C3,Unknown,-100,0,
22:58:22,Idoom 4G_EA51A,54:1F:8D:8E:A5:1A,Unknown,-100,3,
22:58:22,Idoom 4G_EA51A,00:00:00:84:4A:10,Unknown,-100,3,
22:58:22,Idoom 4G_1FCFA,54:1F:8D:F1:FC:FA,Unknown,-100,0,
22:58:22,Idoom 4G_DE8C3,5C:4D:BF:6D:E8:C3,Unknown,-100,0,
22:58:24,Idoom 4G_EA51A,54:1F:8D:8E:A5:1A,Unknown,-100,3,
22:58:24,Idoom 4G_EA51A,00:00:00:84:4A:10,Unknown,-100,3,
22:58:24,Idoom 4G_1FCFA,54:1F:8D:F1:FC:FA,Unknown,-100,0,
22:58:24,Idoom 4G_DE8C3,5C:4D:BF:6D:E8:C3,Unknown,-100,0,
22:58:25,Idoom 4G_EA51A,54:1F:8D:8E:A5:1A,Unknown,-100,3,
22:58:25,Idoom 4G_EA51A,00:00:00:84:4A:10,Unknown,-100,3,
22:58:25,Idoom 4G_1FCFA,54:1F:8D:F1:FC:FA,Unknown,-100,0,
22:58:25,Idoom 4G_DE8C3,5C:4D:BF:6D:E8:C3,Unknown,-100,0,
22:58:27,Idoom 4G_EA51A,54:1F:8D:8E:A5:1A,Unknown,-100,3,
22:58:27,Idoom 4G_EA51A,00:00:00:84:4A:10,Unknown,-100,3,
22:58:27,Idoom 4G_1FCFA,54:1F:8D:F1:FC:FA,Unknown,-100,0,
22:58:27,Idoom 4G_DE8C3,5C:4D:BF:6D:E8:C3,Unknown,-100,0,
22:58:28,Idoom 4G_EA51A,54:1F:8D:8E:A5:1A,Unknown,-100,3,
22:58:28,Idoom 4G_EA51A,00:00:00:84:4A:10,Unknown,-100,3,
22:58:28,Idoom 4G_1FCFA,54:1F:8D:F1:FC:FA,Unknown,-100,0,
22:58:28,Idoom 4G_DE8C3,5C:4D:BF:6D:E8:C3,Unknown,-100,0,
22:58:30,Idoom 4G_EA51A,54:1F:8D:8E:A5:1A,Unknown,-100,3,
22:58:30,Idoom 4G_EA51A,00:00:00:84:4A:10,Unknown,-100,3,
22:58:30,Idoom 4G_1FCFA,54:1F:8D:F1:FC:FA,Unknown,-100,0,
22:58:30,Idoom 4G_DE8C3,5C:4D:BF:6D:E8:C3,Unknown,-100,0,
22:58:31,Idoom 4G_EA51A,54:1F:8D:8E:A5:1A,Unknown,-100,3,
22:58:31,Idoom 4G_EA51A,00:00:00:84:4A:10,Unknown,-100,3,
22:58:31,Idoom 4G_1FCFA,54:1F:8D:F1:FC:FA,Unknown,-100,0,
22:58:31,Idoom 4G_DE8C3,5C:4D:BF:6D:E8:C3,Unknown,-100,0,
22:58:33,Idoom 4G_EA51A,54:1F:8D:8E:A5:1A,Unknown,-100,3,
22:58:33,Idoom 4G_EA51A,00:00:00:84:4A:10,Unknown,-100,3,
22:58:33,Idoom 4G_1FCFA,54:1F:8D:F1:FC:FA,Unknown,-100,0,
22:58:33,Idoom 4G_DE8C3,5C:4D:BF:6D:E8:C3,Unknown,-100,0,
22:58:34,Idoom 4G_EA51A,54:1F:8D:8E:A5:1A,Unknown,-100,3,
22:58:34,Idoom 4G_EA51A,00:00:00:84:4A:10,Unknown,-100,3,
22:58:34,Idoom 4G_1FCFA,54:1F:8D:F1:FC:FA,Unknown,-100,0,
22:58:34,Idoom 4G_DE8C3,5C:4D:BF:6D:E8:C3,Unknown,-100,0,
22:58:36,Idoom 4G_EA51A,54:1F:8D:8E:A5:1A,Unknown,-100,3,
22:58:36,Idoom 4G_EA51A,00:00:00:84:4A:10,Unknown,-100,3,
22:58:36,Idoom 4G_1FCFA,54:1F:8D:F1:FC:FA,Unknown,-100,0,
22:58:36,Idoom 4G_DE8C3,5C:4D:BF:6D:E8:C3,Unknown,-100,0,
22:58:37,Idoom 4G_EA51A,54:1F:8D:8E:A5:1A,Unknown,-100,3,
22:58:37,Idoom 4G_EA51A,00:00:00:84:4A:10,Unknown,-100,3,
22:58:37,Idoom 4G_1FCFA,54:1F:8D:F1:FC:FA,Unknown,-100,0,
22:58:37,Idoom 4G_DE8C3,5C:4D:BF:6D:E8:C3,Unknown,-100,0,
22:58:39,Idoom 4G_EA51A,54:1F:8D:8E:A5:1A,Unknown,-100,3,
22:58:39,Idoom 4G_EA51A,00:00:00:84:4A:10,Unknown,-100,3,
22:58:39,Idoom 4G_1FCFA,54:1F:8D:F1:FC:FA,Unknown,-100,0,
22:58:39,Idoom 4G_DE8C3,5C:4D:BF:6D:E8:C3,Unknown,-100,0,
22:58:40,Idoom 4G_EA51A,54:1F:8D:8E:A5:1A,Unknown,-100,3,
22:58:40,Idoom 4G_EA51A,00:00:00:84:4A:10,Unknown,-100,3,
22:58:40,Idoom 4G_1FCFA,54:1F:8D:F1:FC:FA,Unknown,-100,0,
22:58:40,Idoom 4G_DE8C3,5C:4D:BF:6D:E8:C3,Unknown,-100,0,
22:58:42,Idoom 4G_EA51A,54:1F:8D:8E:A5:1A,Unknown,-100,3,
22:58:42,Idoom 4G_EA51A,00:00:00:84:4A:10,Unknown,-100,3,
22:58:42,Idoom 4G_1FCFA,54:1F:8D:F1:FC:FA,Unknown,-100,0,
22:58:42,Idoom 4G_DE8C3,5C:4D:BF:6D:E8:C3,Unknown,-100,0,
22:58:43,Idoom 4G_EA51A,54:1F:8D:8E:A5:1A,Unknown,-100,3,
22:58:43,Idoom 4G_EA51A,00:00:00:84:4A:10,Unknown,-100,3,
22:58:43,Idoom 4G_1FCFA,54:1F:8D:F1:FC:FA,Unknown,-100,0,
22:58:43,Idoom 4G_DE8C3,5C:4D:BF:6D:E8:C3,Unknown,-100,0,
22:58:45,Idoom 4G_EA51A,54:1F:8D:8E:A5:1A,Unknown,-100,3,
22:58:45,Idoom 4G_EA51A,00:00:00:84:4A:10,Unknown,-100,3,
22:58:45,Idoom 4G_1FCFA,54:1F:8D:F1:FC:FA,Unknown,-100,0,
22:58:45,Idoom 4G_DE8C3,5C:4D:BF:6D:E8:C3,Unknown,-100,0,
22:58:46,Idoom 4G_EA51A,54:1F:8D:8E:A5:1A,Unknown,-100,3,
22:58:46,Idoom 4G_EA51A,00:00:00:84:4A:10,Unknown,-100,3,
22:58:46,Idoom 4G_1FCFA,54:1F:8D:F1:FC:FA,Unknown,-100,0,
22:58:46,Idoom 4G_DE8C3,5C:4D:BF:6D:E8:C3,Unknown,-100,0,
22:58:48,Idoom 4G_EA51A,54:1F:8D:8E:A5:1A,Unknown,-100,3,
22:58:48,Idoom 4G_EA51A,00:00:00:84:4A:10,Unknown,-100,3,
22:58:48,Idoom 4G_1FCFA,54:1F:8D:F1:FC:FA,Unknown,-100,0,
22:58:48,Idoom 4G_DE8C3,5C:4D:BF:6D:E8:C3,Unknown,-100,0,
22:58:49,Idoom 4G_EA51A,54:1F:8D:8E:A5:1A,Unknown,-100,3,
22:58:49,Idoom 4G_EA51A,00:00:00:84:4A:10,Unknown,-100,3,
22:58:49,Idoom 4G_1FCFA,54:1F:8D:F1:FC:FA,Unknown,-100,0,
22:58:49,Idoom 4G_DE8C3,5C:4D:BF:6D:E8:C3,Unknown,-100,0,
22:58:51,Idoom 4G_EA51A,54:1F:8D:8E:A5:1A,Unknown,-100,3,
22:58:51,Idoom 4G_EA51A,00:00:00:84:4A:10,Unknown,-100,3,
22:58:51,Idoom 4G_1FCFA,54:1F:8D:F1:FC:FA,Unknown,-100,0,
22:58:51,Idoom 4G_DE8C3,5C:4D:BF:6D:E8:C3,Unknown,-100,0,
22:58:52,Idoom 4G_EA51A,54:1F:8D:8E:A5:1A,Unknown,-100,3,
22:58:52,Idoom 4G_EA51A,00:00:00:84:4A:10,Unknown,-100,3,
22:58:52,Idoom 4G_1FCFA,54:1F:8D:F1:FC:FA,Unknown,-100,0,
22:58:52,Idoom 4G_DE8C3,5C:4D:BF:6D:E8:C3,Unknown,-100,0,
22:58:54,Idoom 4G_EA51A,54:1F:8D:8E:A5:1A,Unknown,-100,3,
22:58:54,Idoom 4G_EA51A,00:00:00:84:4A:10,Unknown,-100,3,
22:58:54,Idoom 4G_1FCFA,54:1F:8D:F1:FC:FA,Unknown,-100,0,
22:58:54,Idoom 4G_DE8C3,5C:4D:BF:6D:E8:C3,Unknown,-100,0,
22:58:55,Idoom 4G_EA51A,54:1F:8D:8E:A5:1A,Unknown,-100,3,
22:58:55,Idoom 4G_EA51A,00:00:00:84:4A:10,Unknown,-100,3,
22:58:55,Idoom 4G_1FCFA,54:1F:8D:F1:FC:FA,Unknown,-100,0,
22:58:55,Idoom 4G_DE8C3,5C:4D:BF:6D:E8:C3,Unknown,-100,0,
22:58:57,Idoom 4G_EA51A,54:1F:8D:8E:A5:1A,Unknown,-100,3,
22:58:57,Idoom 4G_EA51A,00:00:00:84:4A:10,Unknown,-100,3,
22:58:57,Idoom 4G_1FCFA,54:1F:8D:F1:FC:FA,Unknown,-100,0,
22:58:57,Idoom 4G_DE8C3,5C:4D:BF:6D:E8:C3,Unknown,-100,0,
22:58:58,Idoom 4G_EA51A,54:1F:8D:8E:A5:1A,Unknown,-100,3,
22:58:58,Idoom 4G_EA51A,00:00:00:84:4A:10,Unknown,-100,3,
22:58:58,Idoom 4G_1FCFA,54:1F:8D:F1:FC:FA,Unknown,-100,0,
22:58:58,Idoom 4G_DE8C3,5C:4D:BF:6D:E8:C3,Unknown,-100,0,
22:59:00,Idoom 4G_EA51A,54:1F:8D:8E:A5:1A,Unknown,-100,3,
22:59:00,Idoom 4G_EA51A,00:00:00:84:4A:10,Unknown,-100,3,
22:59:00,Idoom 4G_1FCFA,54:1F:8D:F1:FC:FA,Unknown,-100,0,
22:59:00,Idoom 4G_DE8C3,5C:4D:BF:6D:E8:C3,Unknown,-100,0,
22:59:01,Idoom 4G_EA51A,54:1F:8D:8E:A5:1A,Unknown,-100,3,
22:59:01,Idoom 4G_EA51A,00:00:00:84:4A:10,Unknown,-100,3,
22:59:01,Idoom 4G_1FCFA,54:1F:8D:F1:FC:FA,Unknown,-100,0,
22:59:01,Idoom 4G_DE8C3,5C:4D:BF:6D:E8:C3,Unknown,-100,0,
22:59:03,Idoom 4G_EA51A,54:1F:8D:8E:A5:1A,Unknown,-100,3,
22:59:03,Idoom 4G_EA51A,00:00:00:84:4A:10,Unknown,-100,3,
22:59:03,Idoom 4G_1FCFA,54:1F:8D:F1:FC:FA,Unknown,-100,0,
22:59:03,Idoom 4G_DE8C3,5C:4D:BF:6D:E8:C3,Unknown,-100,0,
22:59:04,Idoom 4G_EA51A,54:1F:8D:8E:A5:1A,Unknown,-100,3,
22:59:04,Idoom 4G_EA51A,00:00:00:84:4A:10,Unknown,-100,3,
22:59:04,Idoom 4G_1FCFA,54:1F:8D:F1:FC:FA,Unknown,-100,0,
22:59:06,Idoom 4G_EA51A,54:1F:8D:8E:A5:1A,Unknown,-100,3,
22:59:06,Idoom 4G_EA51A,00:00:00:84:4A:10,Unknown,-100,3,
22:59:06,Idoom 4G_1FCFA,54:1F:8D:F1:FC:FA,Unknown,-100,0,
22:59:07,Idoom 4G_EA51A,54:1F:8D:8E:A5:1A,Unknown,-100,3,
22:59:07,Idoom 4G_EA51A,00:00:00:84:4A:10,Unknown,-100,3,
22:59:07,Idoom 4G_1FCFA,54:1F:8D:F1:FC:FA,Unknown,-100,0,
22:59:09,Idoom 4G_EA51A,54:1F:8D:8E:A5:1A,Unknown,-100,3,
22:59:09,Idoom 4G_EA51A,00:00:00:84:4A:10,Unknown,-100,3,
22:59:09,Idoom 4G_1FCFA,54:1F:8D:F1:FC:FA,Unknown,-100,0,
22:59:10,Idoom 4G_EA51A,54:1F:8D:8E:A5:1A,Unknown,-100,3,
22:59:10,Idoom 4G_EA51A,00:00:00:84:4A:10,Unknown,-100,3,
22:59:10,Idoom 4G_1FCFA,54:1F:8D:F1:FC:FA,Unknown,-100,0,
22:59:12,Idoom 4G_EA51A,54:1F:8D:8E:A5:1A,Unknown,-100,3,
22:59:12,Idoom 4G_EA51A,00:00:00:84:4A:10,Unknown,-100,3,
22:59:12,Idoom 4G_1FCFA,54:1F:8D:F1:FC:FA,Unknown,-100,0,
22:59:13,Idoom 4G_EA51A,54:1F:8D:8E:A5:1A,Unknown,-100,3,
22:59:13,Idoom 4G_EA51A,00:00:00:84:4A:10,Unknown,-100,3,
22:59:13,Idoom 4G_1FCFA,54:1F:8D:F1:FC:FA,Unknown,-100,0,
22:59:15,Idoom 4G_EA51A,54:1F:8D:8E:A5:1A,Unknown,-100,3,
22:59:15,Idoom 4G_EA51A,00:00:00:84:4A:10,Unknown,-100,3,
22:59:15,Idoom 4G_1FCFA,54:1F:8D:F1:FC:FA,Unknown,-100,0,
22:59:16,Idoom 4G_EA51A,54:1F:8D:8E:A5:1A,Unknown,-100,3,
22:59:16,Idoom 4G_EA51A,00:00:00:84:4A:10,Unknown,-100,3,
22:59:16,Idoom 4G_1FCFA,54:1F:8D:F1:FC:FA,Unknown,-100,0,
22:59:18,Idoom 4G_EA51A,54:1F:8D:8E:A5:1A,Unknown,-100,3,
22:59:18,Idoom 4G_EA51A,00:00:00:84:4A:10,Unknown,-100,3,
22:59:18,Idoom 4G_1FCFA,54:1F:8D:F1:FC:FA,Unknown,-100,0,
22:59:19,Idoom 4G_EA51A,54:1F:8D:8E:A5:1A,Unknown,-100,3,
22:59:19,Idoom 4G_EA51A,00:00:00:84:4A:10,Unknown,-100,3,
22:59:19,Idoom 4G_1FCFA,54:1F:8D:F1:FC:FA,Unknown,-100,0,
22:59:21,Idoom 4G_EA51A,54:1F:8D:8E:A5:1A,Unknown,-100,3,
22:59:21,Idoom 4G_EA51A,00:00:00:84:4A:10,Unknown,-100,3,
22:59:21,Idoom 4G_1FCFA,54:1F:8D:F1:FC:FA,Unknown,-100,0,
22:59:22,Idoom 4G_EA51A,54:1F:8D:8E:A5:1A,Unknown,-100,3,
22:59:22,Idoom 4G_EA51A,00:00:00:84:4A:10,Unknown,-100,3,
22:59:22,Idoom 4G_1FCFA,54:1F:8D:F1:FC:FA,Unknown,-100,0,
22:59:24,Idoom 4G_EA51A,54:1F:8D:8E:A5:1A,Unknown,-100,3,
22:59:24,Idoom 4G_EA51A,00:00:00:84:4A:10,Unknown,-100,3,
22:59:24,Idoom 4G_1FCFA,54:1F:8D:F1:FC:FA,Unknown,-100,0,
22:59:25,Idoom 4G_EA51A,54:1F:8D:8E:A5:1A,Unknown,-100,3,
22:59:25,Idoom 4G_EA51A,00:00:00:84:4A:10,Unknown,-100,3,
22:59:25,Idoom 4G_1FCFA,54:1F:8D:F1:FC:FA,Unknown,-100,0,
22:59:27,Idoom 4G_EA51A,54:1F:8D:8E:A5:1A,Unknown,-100,3,
22:59:27,Idoom 4G_EA51A,00:00:00:84:4A:10,Unknown,-100,3,
22:59:27,Idoom 4G_1FCFA,54:1F:8D:F1:FC:FA,Unknown,-100,0,
22:59:28,Idoom 4G_EA51A,54:1F:8D:8E:A5:1A,Unknown,-100,3,
22:59:28,Idoom 4G_EA51A,00:00:00:84:4A:10,Unknown,-100,3,
22:59:28,Idoom 4G_1FCFA,54:1F:8D:F1:FC:FA,Unknown,-100,0,
22:59:30,Idoom 4G_EA51A,54:1F:8D:8E:A5:1A,Unknown,-100,3,
22:59:30,Idoom 4G_EA51A,00:00:00:84:4A:10,Unknown,-100,3,
22:59:30,Idoom 4G_1FCFA,54:1F:8D:F1:FC:FA,Unknown,-100,0,
22:59:31,Idoom 4G_EA51A,54:1F:8D:8E:A5:1A,Unknown,-100,3,
22:59:31,Idoom 4G_EA51A,00:00:00:84:4A:10,Unknown,-100,3,
22:59:31,Idoom 4G_1FCFA,54:1F:8D:F1:FC:FA,Unknown,-100,0,
22:59:33,Idoom 4G_EA51A,54:1F:8D:8E:A5:1A,Unknown,-100,3,
22:59:33,Idoom 4G_EA51A,00:00:00:84:4A:10,Unknown,-100,3,
22:59:33,Idoom 4G_1FCFA,54:1F:8D:F1:FC:FA,Unknown,-100,0,
22:59:34,Idoom 4G_EA51A,54:1F:8D:8E:A5:1A,Unknown,-100,3,
22:59:34,Idoom 4G_EA51A,00:00:00:84:4A:10,Unknown,-100,3,
22:59:34,Idoom 4G_1FCFA,54:1F:8D:F1:FC:FA,Unknown,-100,0,
22:59:36,Idoom 4G_EA51A,54:1F:8D:8E:A5:1A,Unknown,-100,3,
22:59:36,Idoom 4G_EA51A,00:00:00:84:4A:10,Unknown,-100,3,
22:59:36,Idoom 4G_1FCFA,54:1F:8D:F1:FC:FA,Unknown,-100,0,
22:59:37,Idoom 4G_EA51A,54:1F:8D:8E:A5:1A,Unknown,-100,3,
22:59:37,Idoom 4G_EA51A,00:00:00:84:4A:10,Unknown,-100,3,
22:59:37,Idoom 4G_1FCFA,54:1F:8D:F1:FC:FA,Unknown,-100,0,
22:59:39,Idoom 4G_EA51A,54:1F:8D:8E:A5:1A,Unknown,-100,3,
22:59:39,Idoom 4G_EA51A,00:00:00:84:4A:10,Unknown,-100,3,
22:59:39,Idoom 4G_1FCFA,54:1F:8D:F1:FC:FA,Unknown,-100,0,
22:59:40,Idoom 4G_EA51A,54:1F:8D:8E:A5:1A,Unknown,-100,3,
22:59:40,Idoom 4G_EA51A,00:00:00:84:4A:10,Unknown,-100,3,
22:59:40,Idoom 4G_1FCFA,54:1F:8D:F1:FC:FA,Unknown,-100,0,
22:59:42,Idoom 4G_EA51A,54:1F:8D:8E:A5:1A,Unknown,-100,3,
22:59:42,Idoom 4G_EA51A,00:00:00:84:4A:10,Unknown,-100,3,
22:59:42,Idoom 4G_1FCFA,54:1F:8D:F1:FC:FA,Unknown,-100,0,
22:59:43,Idoom 4G_EA51A,54:1F:8D:8E:A5:1A,Unknown,-100,3,
22:59:43,Idoom 4G_EA51A,00:00:00:84:4A:10,Unknown,-100,3,
22:59:43,Idoom 4G_1FCFA,54:1F:8D:F1:FC:FA,Unknown,-100,0,
22:59:43,Idoom 4G_DE8C3,5C:4D:BF:6D:E8:C3,Unknown,-100,0,
22:59:45,Idoom 4G_EA51A,54:1F:8D:8E:A5:1A,Unknown,-100,3,
22:59:45,Idoom 4G_EA51A,00:00:00:84:4A:10,Unknown,-100,3,
22:59:45,Idoom 4G_1FCFA,54:1F:8D:F1:FC:FA,Unknown,-100,0,
22:59:45,Idoom 4G_DE8C3,5C:4D:BF:6D:E8:C3,Unknown,-100,0,
22:59:46,Idoom 4G_EA51A,54:1F:8D:8E:A5:1A,Unknown,-100,3,
22:59:46,Idoom 4G_EA51A,00:00:00:84:4A:10,Unknown,-100,3,
22:59:46,Idoom 4G_1FCFA,54:1F:8D:F1:FC:FA,Unknown,-100,0,
22:59:46,Idoom 4G_DE8C3,5C:4D:BF:6D:E8:C3,Unknown,-100,0,
22:59:48,Idoom 4G_EA51A,54:1F:8D:8E:A5:1A,Unknown,-100,3,
22:59:48,Idoom 4G_EA51A,00:00:00:84:4A:10,Unknown,-100,3,
22:59:48,Idoom 4G_1FCFA,54:1F:8D:F1:FC:FA,Unknown,-100,0,
22:59:48,Idoom 4G_DE8C3,5C:4D:BF:6D:E8:C3,Unknown,-100,0,
22:59:49,Idoom 4G_EA51A,54:1F:8D:8E:A5:1A,Unknown,-100,3,
22:59:49,Idoom 4G_EA51A,00:00:00:84:4A:10,Unknown,-100,3,
22:59:49,Idoom 4G_1FCFA,54:1F:8D:F1:FC:FA,Unknown,-100,0,
22:59:49,Idoom 4G_DE8C3,5C:4D:BF:6D:E8:C3,Unknown,-100,0,
22:59:51,Idoom 4G_EA51A,54:1F:8D:8E:A5:1A,Unknown,-100,3,
22:59:51,Idoom 4G_EA51A,00:00:00:84:4A:10,Unknown,-100,3,
22:59:51,Idoom 4G_1FCFA,54:1F:8D:F1:FC:FA,Unknown,-100,0,
22:59:51,Idoom 4G_DE8C3,5C:4D:BF:6D:E8:C3,Unknown,-100,0,
22:59:52,Idoom 4G_EA51A,54:1F:8D:8E:A5:1A,Unknown,-100,3,
22:59:52,Idoom 4G_EA51A,00:00:00:84:4A:10,Unknown,-100,3,
22:59:52,Idoom 4G_1FCFA,54:1F:8D:F1:FC:FA,Unknown,-100,0,
22:59:52,Idoom 4G_DE8C3,5C:4D:BF:6D:E8:C3,Unknown,-100,0,
22:59:54,Idoom 4G_EA51A,54:1F:8D:8E:A5:1A,Unknown,-100,3,
22:59:54,Idoom 4G_EA51A,00:00:00:84:4A:10,Unknown,-100,3,
22:59:54,Idoom 4G_1FCFA,54:1F:8D:F1:FC:FA,Unknown,-100,0,
22:59:54,Idoom 4G_DE8C3,5C:4D:BF:6D:E8:C3,Unknown,-100,0,
22:59:55,Idoom 4G_EA51A,54:1F:8D:8E:A5:1A,Unknown,-100,3,
22:59:55,Idoom 4G_EA51A,00:00:00:84:4A:10,Unknown,-100,3,
22:59:55,Idoom 4G_1FCFA,54:1F:8D:F1:FC:FA,Unknown,-100,0,
22:59:55,Idoom 4G_DE8C3,5C:4D:BF:6D:E8:C3,Unknown,-100,0,
22:59:57,Idoom 4G_EA51A,00:00:00:84:4A:10,Unknown,-100,3,
22:59:57,Idoom 4G_1FCFA,54:1F:8D:F1:FC:FA,Unknown,-100,0,
22:59:57,Idoom 4G_DE8C3,5C:4D:BF:6D:E8:C3,Unknown,-100,0,
22:59:58,Idoom 4G_EA51A,00:00:00:84:4A:10,Unknown,-100,3,
22:59:58,Idoom 4G_1FCFA,54:1F:8D:F1:FC:FA,Unknown,-100,0,
22:59:58,Idoom 4G_DE8C3,5C:4D:BF:6D:E8:C3,Unknown,-100,0,
22:59:58,Idoom 4G_EA51A,54:1F:8D:8E:A5:1A,Unknown,-100,0,
23:00:00,Idoom 4G_EA51A,00:00:00:84:4A:10,Unknown,-100,3,
23:00:00,Idoom 4G_1FCFA,54:1F:8D:F1:FC:FA,Unknown,-100,0,
23:00:00,Idoom 4G_DE8C3,5C:4D:BF:6D:E8:C3,Unknown,-100,0,
23:00:00,Idoom 4G_EA51A,54:1F:8D:8E:A5:1A,Unknown,-100,3,
23:00:01,Idoom 4G_EA51A,00:00:00:84:4A:10,Unknown,-100,3,
23:00:01,Idoom 4G_1FCFA,54:1F:8D:F1:FC:FA,Unknown,-100,0,
23:00:01,Idoom 4G_DE8C3,5C:4D:BF:6D:E8:C3,Unknown,-100,0,
23:00:01,Idoom 4G_EA51A,54:1F:8D:8E:A5:1A,Unknown,-100,3,
23:00:03,Idoom 4G_EA51A,00:00:00:84:4A:10,Unknown,-100,3,
23:00:03,Idoom 4G_1FCFA,54:1F:8D:F1:FC:FA,Unknown,-100,0,
23:00:03,Idoom 4G_DE8C3,5C:4D:BF:6D:E8:C3,Unknown,-100,0,
23:00:03,Idoom 4G_EA51A,54:1F:8D:8E:A5:1A,Unknown,-100,3,
23:00:04,Idoom 4G_EA51A,00:00:00:84:4A:10,Unknown,-100,3,
23:00:04,Idoom 4G_1FCFA,54:1F:8D:F1:FC:FA,Unknown,-100,0,
23:00:04,Idoom 4G_DE8C3,5C:4D:BF:6D:E8:C3,Unknown,-100,0,
23:00:04,Idoom 4G_EA51A,54:1F:8D:8E:A5:1A,Unknown,-100,3,
23:00:06,Idoom 4G_EA51A,00:00:00:84:4A:10,Unknown,-100,3,
23:00:06,Idoom 4G_1FCFA,54:1F:8D:F1:FC:FA,Unknown,-100,0,
23:00:06,Idoom 4G_DE8C3,5C:4D:BF:6D:E8:C3,Unknown,-100,0,
23:00:06,Idoom 4G_EA51A,54:1F:8D:8E:A5:1A,Unknown,-100,3,
23:00:07,Idoom 4G_EA51A,00:00:00:84:4A:10,Unknown,-100,3,
23:00:07,Idoom 4G_1FCFA,54:1F:8D:F1:FC:FA,Unknown,-100,0,
23:00:07,Idoom 4G_DE8C3,5C:4D:BF:6D:E8:C3,Unknown,-100,0,
23:00:07,Idoom 4G_EA51A,54:1F:8D:8E:A5:1A,Unknown,-100,3,
23:00:09,Idoom 4G_EA51A,00:00:00:84:4A:10,Unknown,-100,3,
23:00:09,Idoom 4G_1FCFA,54:1F:8D:F1:FC:FA,Unknown,-100,0,
23:00:09,Idoom 4G_DE8C3,5C:4D:BF:6D:E8:C3,Unknown,-100,0,
23:00:09,Idoom 4G_EA51A,54:1F:8D:8E:A5:1A,Unknown,-100,3,
23:00:10,Idoom 4G_EA51A,00:00:00:84:4A:10,Unknown,-100,3,
23:00:10,Idoom 4G_1FCFA,54:1F:8D:F1:FC:FA,Unknown,-100,0,
23:00:10,Idoom 4G_DE8C3,5C:4D:BF:6D:E8:C3,Unknown,-100,0,
23:00:10,Idoom 4G_EA51A,54:1F:8D:8E:A5:1A,Unknown,-100,3,
23:00:12,Idoom 4G_EA51A,00:00:00:84:4A:10,Unknown,-100,3,
23:00:12,Idoom 4G_1FCFA,54:1F:8D:F1:FC:FA,Unknown,-100,0,
23:00:12,Idoom 4G_DE8C3,5C:4D:BF:6D:E8:C3,Unknown,-100,0,
23:00:12,Idoom 4G_EA51A,54:1F:8D:8E:A5:1A,Unknown,-100,3,
23:00:13,Idoom 4G_EA51A,00:00:00:84:4A:10,Unknown,-100,3,
23:00:13,Idoom 4G_1FCFA,54:1F:8D:F1:FC:FA,Unknown,-100,0,
23:00:13,Idoom 4G_DE8C3,5C:4D:BF:6D:E8:C3,Unknown,-100,0,
23:00:13,Idoom 4G_EA51A,54:1F:8D:8E:A5:1A,Unknown,-100,3,
23:00:15,Idoom 4G_EA51A,00:00:00:84:4A:10,Unknown,-100,3,
23:00:15,Idoom 4G_1FCFA,54:1F:8D:F1:FC:FA,Unknown,-100,0,
23:00:15,Idoom 4G_DE8C3,5C:4D:BF:6D:E8:C3,Unknown,-100,0,
23:00:15,Idoom 4G_EA51A,54:1F:8D:8E:A5:1A,Unknown,-100,3,
23:00:16,Idoom 4G_EA51A,00:00:00:84:4A:10,Unknown,-100,3,
23:00:16,Idoom 4G_1FCFA,54:1F:8D:F1:FC:FA,Unknown,-100,0,
23:00:16,Idoom 4G_DE8C3,5C:4D:BF:6D:E8:C3,Unknown,-100,0,
23:00:16,Idoom 4G_EA51A,54:1F:8D:8E:A5:1A,Unknown,-100,3,
23:00:18,Idoom 4G_EA51A,00:00:00:84:4A:10,Unknown,-100,3,
23:00:18,Idoom 4G_1FCFA,54:1F:8D:F1:FC:FA,Unknown,-100,0,
23:00:18,Idoom 4G_DE8C3,5C:4D:BF:6D:E8:C3,Unknown,-100,0,
23:00:18,Idoom 4G_EA51A,54:1F:8D:8E:A5:1A,Unknown,-100,3,
23:00:19,Idoom 4G_EA51A,00:00:00:84:4A:10,Unknown,-100,3,
23:00:19,Idoom 4G_1FCFA,54:1F:8D:F1:FC:FA,Unknown,-100,0,
23:00:19,Idoom 4G_DE8C3,5C:4D:BF:6D:E8:C3,Unknown,-100,0,
23:00:19,Idoom 4G_EA51A,54:1F:8D:8E:A5:1A,Unknown,-100,3,
23:00:21,Idoom 4G_EA51A,00:00:00:84:4A:10,Unknown,-100,3,
23:00:21,Idoom 4G_1FCFA,54:1F:8D:F1:FC:FA,Unknown,-100,0,
23:00:21,Idoom 4G_DE8C3,5C:4D:BF:6D:E8:C3,Unknown,-100,0,
23:00:21,Idoom 4G_EA51A,54:1F:8D:8E:A5:1A,Unknown,-100,3,
23:00:22,Idoom 4G_EA51A,00:00:00:84:4A:10,Unknown,-100,3,
23:00:22,Idoom 4G_1FCFA,54:1F:8D:F1:FC:FA,Unknown,-100,0,
23:00:22,Idoom 4G_DE8C3,5C:4D:BF:6D:E8:C3,Unknown,-100,0,
23:00:22,Idoom 4G_EA51A,54:1F:8D:8E:A5:1A,Unknown,-100,3,
23:00:24,Idoom 4G_EA51A,00:00:00:84:4A:10,Unknown,-100,3,
23:00:24,Idoom 4G_1FCFA,54:1F:8D:F1:FC:FA,Unknown,-100,0,
23:00:24,Idoom 4G_DE8C3,5C:4D:BF:6D:E8:C3,Unknown,-100,0,
23:00:24,Idoom 4G_EA51A,54:1F:8D:8E:A5:1A,Unknown,-100,3,
23:00:25,Idoom 4G_EA51A,00:00:00:84:4A:10,Unknown,-100,3,
23:00:25,Idoom 4G_1FCFA,54:1F:8D:F1:FC:FA,Unknown,-100,0,
23:00:25,Idoom 4G_DE8C3,5C:4D:BF:6D:E8:C3,Unknown,-100,0,
23:00:25,Idoom 4G_EA51A,54:1F:8D:8E:A5:1A,Unknown,-100,3,
23:00:27,Idoom 4G_EA51A,00:00:00:84:4A:10,Unknown,-100,3,
23:00:27,Idoom 4G_1FCFA,54:1F:8D:F1:FC:FA,Unknown,-100,0,
23:00:27,Idoom 4G_DE8C3,5C:4D:BF:6D:E8:C3,Unknown,-100,0,
23:00:27,Idoom 4G_EA51A,54:1F:8D:8E:A5:1A,Unknown,-100,3,
23:00:28,Idoom 4G_EA51A,00:00:00:84:4A:10,Unknown,-100,3,
23:00:28,Idoom 4G_1FCFA,54:1F:8D:F1:FC:FA,Unknown,-100,0,
23:00:28,Idoom 4G_DE8C3,5C:4D:BF:6D:E8:C3,Unknown,-100,0,
23:00:28,Idoom 4G_EA51A,54:1F:8D:8E:A5:1A,Unknown,-100,3,
23:00:30,Idoom 4G_EA51A,00:00:00:84:4A:10,Unknown,-100,3,
23:00:30,Idoom 4G_1FCFA,54:1F:8D:F1:FC:FA,Unknown,-100,0,
23:00:30,Idoom 4G_DE8C3,5C:4D:BF:6D:E8:C3,Unknown,-100,0,
23:00:30,Idoom 4G_EA51A,54:1F:8D:8E:A5:1A,Unknown,-100,3,
23:00:31,Idoom 4G_EA51A,00:00:00:84:4A:10,Unknown,-100,3,
23:00:31,Idoom 4G_1FCFA,54:1F:8D:F1:FC:FA,Unknown,-100,0,
23:00:31,Idoom 4G_DE8C3,5C:4D:BF:6D:E8:C3,Unknown,-100,0,
23:00:31,Idoom 4G_EA51A,54:1F:8D:8E:A5:1A,Unknown,-100,3,
23:00:33,Idoom 4G_EA51A,00:00:00:84:4A:10,Unknown,-100,3,
23:00:33,Idoom 4G_1FCFA,54:1F:8D:F1:FC:FA,Unknown,-100,0,
23:00:33,Idoom 4G_DE8C3,5C:4D:BF:6D:E8:C3,Unknown,-100,0,
23:00:33,Idoom 4G_EA51A,54:1F:8D:8E:A5:1A,Unknown,-100,3,
23:00:34,Idoom 4G_EA51A,00:00:00:84:4A:10,Unknown,-100,3,
23:00:34,Idoom 4G_1FCFA,54:1F:8D:F1:FC:FA,Unknown,-100,0,
23:00:34,Idoom 4G_DE8C3,5C:4D:BF:6D:E8:C3,Unknown,-100,0,
23:00:34,Idoom 4G_EA51A,54:1F:8D:8E:A5:1A,Unknown,-100,3,
23:00:36,Idoom 4G_EA51A,00:00:00:84:4A:10,Unknown,-100,3,
23:00:36,Idoom 4G_1FCFA,54:1F:8D:F1:FC:FA,Unknown,-100,0,
23:00:36,Idoom 4G_DE8C3,5C:4D:BF:6D:E8:C3,Unknown,-100,0,
23:00:36,Idoom 4G_EA51A,54:1F:8D:8E:A5:1A,Unknown,-100,3,
23:00:37,Idoom 4G_EA51A,00:00:00:84:4A:10,Unknown,-100,3,
23:00:37,Idoom 4G_1FCFA,54:1F:8D:F1:FC:FA,Unknown,-100,0,
23:00:37,Idoom 4G_DE8C3,5C:4D:BF:6D:E8:C3,Unknown,-100,0,
23:00:37,Idoom 4G_EA51A,54:1F:8D:8E:A5:1A,Unknown,-100,3,
23:00:39,Idoom 4G_EA51A,00:00:00:84:4A:10,Unknown,-100,3,
23:00:39,Idoom 4G_1FCFA,54:1F:8D:F1:FC:FA,Unknown,-100,0,
23:00:39,Idoom 4G_DE8C3,5C:4D:BF:6D:E8:C3,Unknown,-100,0,
23:00:39,Idoom 4G_EA51A,54:1F:8D:8E:A5:1A,Unknown,-100,3,
23:00:40,Idoom 4G_EA51A,00:00:00:84:4A:10,Unknown,-100,3,
23:00:40,Idoom 4G_1FCFA,54:1F:8D:F1:FC:FA,Unknown,-100,0,
23:00:40,Idoom 4G_DE8C3,5C:4D:BF:6D:E8:C3,Unknown,-100,0,
23:00:40,Idoom 4G_EA51A,54:1F:8D:8E:A5:1A,Unknown,-100,3,
23:00:42,Idoom 4G_EA51A,00:00:00:84:4A:10,Unknown,-100,3,
23:00:42,Idoom 4G_1FCFA,54:1F:8D:F1:FC:FA,Unknown,-100,0,
23:00:42,Idoom 4G_DE8C3,5C:4D:BF:6D:E8:C3,Unknown,-100,0,
23:00:42,Idoom 4G_EA51A,54:1F:8D:8E:A5:1A,Unknown,-100,3,
23:00:43,Idoom 4G_EA51A,00:00:00:84:4A:10,Unknown,-100,3,
23:00:43,Idoom 4G_1FCFA,54:1F:8D:F1:FC:FA,Unknown,-100,0,
23:00:43,Idoom 4G_DE8C3,5C:4D:BF:6D:E8:C3,Unknown,-100,0,
23:00:43,Idoom 4G_EA51A,54:1F:8D:8E:A5:1A,Unknown,-100,3,
23:00:45,Idoom 4G_EA51A,00:00:00:84:4A:10,Unknown,-100,3,
23:00:45,Idoom 4G_1FCFA,54:1F:8D:F1:FC:FA,Unknown,-100,0,
23:00:45,Idoom 4G_DE8C3,5C:4D:BF:6D:E8:C3,Unknown,-100,0,
23:00:45,Idoom 4G_EA51A,54:1F:8D:8E:A5:1A,Unknown,-100,3,
23:00:46,Idoom 4G_EA51A,00:00:00:84:4A:10,Unknown,-100,3,
23:00:46,Idoom 4G_1FCFA,54:1F:8D:F1:FC:FA,Unknown,-100,0,
23:00:46,Idoom 4G_DE8C3,5C:4D:BF:6D:E8:C3,Unknown,-100,0,
23:00:46,Idoom 4G_EA51A,54:1F:8D:8E:A5:1A,Unknown,-100,3,
23:00:48,Idoom 4G_EA51A,00:00:00:84:4A:10,Unknown,-100,3,
23:00:48,Idoom 4G_1FCFA,54:1F:8D:F1:FC:FA,Unknown,-100,0,
23:00:48,Idoom 4G_DE8C3,5C:4D:BF:6D:E8:C3,Unknown,-100,0,
23:00:48,Idoom 4G_EA51A,54:1F:8D:8E:A5:1A,Unknown,-100,3,
23:00:49,Idoom 4G_EA51A,00:00:00:84:4A:10,Unknown,-100,3,
23:00:49,Idoom 4G_1FCFA,54:1F:8D:F1:FC:FA,Unknown,-100,0,
23:00:49,Idoom 4G_DE8C3,5C:4D:BF:6D:E8:C3,Unknown,-100,0,
23:00:49,Idoom 4G_EA51A,54:1F:8D:8E:A5:1A,Unknown,-100,3,
23:00:51,Idoom 4G_EA51A,00:00:00:84:4A:10,Unknown,-100,3,
23:00:51,Idoom 4G_1FCFA,54:1F:8D:F1:FC:FA,Unknown,-100,0,
23:00:51,Idoom 4G_DE8C3,5C:4D:BF:6D:E8:C3,Unknown,-100,0,
23:00:51,Idoom 4G_EA51A,54:1F:8D:8E:A5:1A,Unknown,-100,3,
23:00:52,Idoom 4G_EA51A,00:00:00:84:4A:10,Unknown,-100,3,
23:00:52,Idoom 4G_1FCFA,54:1F:8D:F1:FC:FA,Unknown,-100,0,
23:00:52,Idoom 4G_DE8C3,5C:4D:BF:6D:E8:C3,Unknown,-100,0,
23:00:52,Idoom 4G_EA51A,54:1F:8D:8E:A5:1A,Unknown,-100,3,
23:00:54,Idoom 4G_EA51A,00:00:00:84:4A:10,Unknown,-100,3,
23:00:54,Idoom 4G_1FCFA,54:1F:8D:F1:FC:FA,Unknown,-100,0,
23:00:54,Idoom 4G_DE8C3,5C:4D:BF:6D:E8:C3,Unknown,-100,0,
23:00:54,Idoom 4G_EA51A,54:1F:8D:8E:A5:1A,Unknown,-100,3,
23:00:55,Idoom 4G_EA51A,00:00:00:84:4A:10,Unknown,-100,3,
23:00:55,Idoom 4G_1FCFA,54:1F:8D:F1:FC:FA,Unknown,-100,0,
23:00:55,Idoom 4G_DE8C3,5C:4D:BF:6D:E8:C3,Unknown,-100,0,
23:00:55,Idoom 4G_EA51A,54:1F:8D:8E:A5:1A,Unknown,-100,3,
23:00:57,Idoom 4G_EA51A,00:00:00:84:4A:10,Unknown,-100,3,
23:00:57,Idoom 4G_1FCFA,54:1F:8D:F1:FC:FA,Unknown,-100,0,
23:00:57,Idoom 4G_DE8C3,5C:4D:BF:6D:E8:C3,Unknown,-100,0,
23:00:57,Idoom 4G_EA51A,54:1F:8D:8E:A5:1A,Unknown,-100,3,
23:00:58,Idoom 4G_EA51A,00:00:00:84:4A:10,Unknown,-100,3,
23:00:58,Idoom 4G_1FCFA,54:1F:8D:F1:FC:FA,Unknown,-100,0,
23:00:58,Idoom 4G_DE8C3,5C:4D:BF:6D:E8:C3,Unknown,-100,0,
23:00:58,Idoom 4G_EA51A,54:1F:8D:8E:A5:1A,Unknown,-100,3,
23:01:00,Idoom 4G_EA51A,00:00:00:84:4A:10,Unknown,-100,3,
23:01:00,Idoom 4G_1FCFA,54:1F:8D:F1:FC:FA,Unknown,-100,0,
23:01:00,Idoom 4G_DE8C3,5C:4D:BF:6D:E8:C3,Unknown,-100,0,
23:01:00,Idoom 4G_EA51A,54:1F:8D:8E:A5:1A,Unknown,-100,3,
23:01:01,Idoom 4G_EA51A,00:00:00:84:4A:10,Unknown,-100,3,
23:01:01,Idoom 4G_1FCFA,54:1F:8D:F1:FC:FA,Unknown,-100,0,
23:01:01,Idoom 4G_DE8C3,5C:4D:BF:6D:E8:C3,Unknown,-100,0,
23:01:01,Idoom 4G_EA51A,54:1F:8D:8E:A5:1A,Unknown,-100,3,
23:01:03,Idoom 4G_EA51A,00:00:00:84:4A:10,Unknown,-100,3,
23:01:03,Idoom 4G_DE8C3,5C:4D:BF:6D:E8:C3,Unknown,-100,0,
23:01:03,Idoom 4G_EA51A,54:1F:8D:8E:A5:1A,Unknown,-100,3,
23:01:04,Idoom 4G_EA51A,00:00:00:84:4A:10,Unknown,-100,3,
23:01:04,Idoom 4G_DE8C3,5C:4D:BF:6D:E8:C3,Unknown,-100,0,
23:01:04,Idoom 4G_EA51A,54:1F:8D:8E:A5:1A,Unknown,-100,3,
23:01:06,Idoom 4G_EA51A,00:00:00:84:4A:10,Unknown,-100,3,
23:01:06,Idoom 4G_DE8C3,5C:4D:BF:6D:E8:C3,Unknown,-100,0,
23:01:06,Idoom 4G_EA51A,54:1F:8D:8E:A5:1A,Unknown,-100,3,
23:01:07,Idoom 4G_EA51A,00:00:00:84:4A:10,Unknown,-100,3,
23:01:07,Idoom 4G_DE8C3,5C:4D:BF:6D:E8:C3,Unknown,-100,0,
23:01:07,Idoom 4G_EA51A,54:1F:8D:8E:A5:1A,Unknown,-100,3,
23:01:09,Idoom 4G_EA51A,00:00:00:84:4A:10,Unknown,-100,3,
23:01:09,Idoom 4G_DE8C3,5C:4D:BF:6D:E8:C3,Unknown,-100,0,
23:01:09,Idoom 4G_EA51A,54:1F:8D:8E:A5:1A,Unknown,-100,3,
23:01:10,Idoom 4G_EA51A,00:00:00:84:4A:10,Unknown,-100,3,
23:01:10,Idoom 4G_DE8C3,5C:4D:BF:6D:E8:C3,Unknown,-100,0,
23:01:10,Idoom 4G_EA51A,54:1F:8D:8E:A5:1A,Unknown,-100,3,
23:01:12,Idoom 4G_EA51A,00:00:00:84:4A:10,Unknown,-100,3,
23:01:12,Idoom 4G_DE8C3,5C:4D:BF:6D:E8:C3,Unknown,-100,0,
23:01:12,Idoom 4G_EA51A,54:1F:8D:8E:A5:1A,Unknown,-100,3,
23:01:13,Idoom 4G_EA51A,00:00:00:84:4A:10,Unknown,-100,3,
23:01:13,Idoom 4G_DE8C3,5C:4D:BF:6D:E8:C3,Unknown,-100,0,
23:01:13,Idoom 4G_EA51A,54:1F:8D:8E:A5:1A,Unknown,-100,3,
23:01:15,Idoom 4G_EA51A,00:00:00:84:4A:10,Unknown,-100,3,
23:01:15,Idoom 4G_DE8C3,5C:4D:BF:6D:E8:C3,Unknown,-100,0,
23:01:15,Idoom 4G_EA51A,54:1F:8D:8E:A5:1A,Unknown,-100,3,
23:01:16,Idoom 4G_EA51A,00:00:00:84:4A:10,Unknown,-100,3,
23:01:16,Idoom 4G_DE8C3,5C:4D:BF:6D:E8:C3,Unknown,-100,0,
23:01:16,Idoom 4G_EA51A,54:1F:8D:8E:A5:1A,Unknown,-100,3,
23:01:18,Idoom 4G_EA51A,00:00:00:84:4A:10,Unknown,-100,3,
23:01:18,Idoom 4G_DE8C3,5C:4D:BF:6D:E8:C3,Unknown,-100,0,
23:01:18,Idoom 4G_EA51A,54:1F:8D:8E:A5:1A,Unknown,-100,3,
23:01:19,Idoom 4G_EA51A,00:00:00:84:4A:10,Unknown,-100,3,
23:01:19,Idoom 4G_DE8C3,5C:4D:BF:6D:E8:C3,Unknown,-100,0,
23:01:19,Idoom 4G_EA51A,54:1F:8D:8E:A5:1A,Unknown,-100,3,
23:01:21,Idoom 4G_EA51A,00:00:00:84:4A:10,Unknown,-100,3,
23:01:21,Idoom 4G_DE8C3,5C:4D:BF:6D:E8:C3,Unknown,-100,0,
23:01:21,Idoom 4G_EA51A,54:1F:8D:8E:A5:1A,Unknown,-100,3,
23:01:22,Idoom 4G_EA51A,00:00:00:84:4A:10,Unknown,-100,3,
23:01:22,Idoom 4G_DE8C3,5C:4D:BF:6D:E8:C3,Unknown,-100,0,
23:01:22,Idoom 4G_EA51A,54:1F:8D:8E:A5:1A,Unknown,-100,3,
23:01:24,Idoom 4G_EA51A,00:00:00:84:4A:10,Unknown,-100,3,
23:01:24,Idoom 4G_DE8C3,5C:4D:BF:6D:E8:C3,Unknown,-100,0,
23:01:24,Idoom 4G_EA51A,54:1F:8D:8E:A5:1A,Unknown,-100,3,
23:01:25,Idoom 4G_EA51A,00:00:00:84:4A:10,Unknown,-100,3,
23:01:25,Idoom 4G_DE8C3,5C:4D:BF:6D:E8:C3,Unknown,-100,0,
23:01:25,Idoom 4G_EA51A,54:1F:8D:8E:A5:1A,Unknown,-100,3,
23:01:27,Idoom 4G_EA51A,00:00:00:84:4A:10,Unknown,-100,3,
23:01:27,Idoom 4G_DE8C3,5C:4D:BF:6D:E8:C3,Unknown,-100,0,
23:01:27,Idoom 4G_EA51A,54:1F:8D:8E:A5:1A,Unknown,-100,3,
23:01:28,Idoom 4G_EA51A,00:00:00:84:4A:10,Unknown,-100,3,
23:01:28,Idoom 4G_DE8C3,5C:4D:BF:6D:E8:C3,Unknown,-100,0,
23:01:28,Idoom 4G_EA51A,54:1F:8D:8E:A5:1A,Unknown,-100,3,
23:01:30,Idoom 4G_EA51A,00:00:00:84:4A:10,Unknown,-100,3,
23:01:30,Idoom 4G_DE8C3,5C:4D:BF:6D:E8:C3,Unknown,-100,0,
23:01:30,Idoom 4G_EA51A,54:1F:8D:8E:A5:1A,Unknown,-100,3,
23:01:31,Idoom 4G_EA51A,00:00:00:84:4A:10,Unknown,-100,3,
23:01:31,Idoom 4G_DE8C3,5C:4D:BF:6D:E8:C3,Unknown,-100,0,
23:01:31,Idoom 4G_EA51A,54:1F:8D:8E:A5:1A,Unknown,-100,3,
23:01:33,Idoom 4G_EA51A,00:00:00:84:4A:10,Unknown,-100,3,
23:01:33,Idoom 4G_DE8C3,5C:4D:BF:6D:E8:C3,Unknown,-100,0,
23:01:33,Idoom 4G_EA51A,54:1F:8D:8E:A5:1A,Unknown,-100,3,
23:01:34,Idoom 4G_EA51A,00:00:00:84:4A:10,Unknown,-100,3,
23:01:34,Idoom 4G_DE8C3,5C:4D:BF:6D:E8:C3,Unknown,-100,0,
23:01:34,Idoom 4G_EA51A,54:1F:8D:8E:A5:1A,Unknown,-100,3,
23:01:36,Idoom 4G_EA51A,00:00:00:84:4A:10,Unknown,-100,3,
23:01:36,Idoom 4G_DE8C3,5C:4D:BF:6D:E8:C3,Unknown,-100,0,
23:01:36,Idoom 4G_EA51A,54:1F:8D:8E:A5:1A,Unknown,-100,3,
23:01:37,Idoom 4G_EA51A,00:00:00:84:4A:10,Unknown,-100,3,
23:01:37,Idoom 4G_DE8C3,5C:4D:BF:6D:E8:C3,Unknown,-100,0,
23:01:37,Idoom 4G_EA51A,54:1F:8D:8E:A5:1A,Unknown,-100,3,
23:01:39,Idoom 4G_EA51A,00:00:00:84:4A:10,Unknown,-100,3,
23:01:39,Idoom 4G_DE8C3,5C:4D:BF:6D:E8:C3,Unknown,-100,0,
23:01:39,Idoom 4G_EA51A,54:1F:8D:8E:A5:1A,Unknown,-100,3,
23:01:40,Idoom 4G_EA51A,00:00:00:84:4A:10,Unknown,-100,3,
23:01:40,Idoom 4G_DE8C3,5C:4D:BF:6D:E8:C3,Unknown,-100,0,
23:01:40,Idoom 4G_EA51A,54:1F:8D:8E:A5:1A,Unknown,-100,3,
23:01:42,Idoom 4G_EA51A,00:00:00:84:4A:10,Unknown,-100,3,
23:01:42,Idoom 4G_DE8C3,5C:4D:BF:6D:E8:C3,Unknown,-100,0,
23:01:42,Idoom 4G_EA51A,54:1F:8D:8E:A5:1A,Unknown,-100,3,
23:01:43,Idoom 4G_EA51A,00:00:00:84:4A:10,Unknown,-100,3,
23:01:43,Idoom 4G_DE8C3,5C:4D:BF:6D:E8:C3,Unknown,-100,0,
23:01:43,Idoom 4G_EA51A,54:1F:8D:8E:A5:1A,Unknown,-100,3,
23:01:45,Idoom 4G_EA51A,00:00:00:84:4A:10,Unknown,-100,3,
23:01:45,Idoom 4G_DE8C3,5C:4D:BF:6D:E8:C3,Unknown,-100,0,
23:01:45,Idoom 4G_EA51A,54:1F:8D:8E:A5:1A,Unknown,-100,3,
23:01:46,Idoom 4G_EA51A,00:00:00:84:4A:10,Unknown,-100,3,
23:01:46,Idoom 4G_DE8C3,5C:4D:BF:6D:E8:C3,Unknown,-100,0,
23:01:46,Idoom 4G_EA51A,54:1F:8D:8E:A5:1A,Unknown,-100,3,
23:01:48,Idoom 4G_EA51A,00:00:00:84:4A:10,Unknown,-100,3,
23:01:48,Idoom 4G_DE8C3,5C:4D:BF:6D:E8:C3,Unknown,-100,0,
23:01:48,Idoom 4G_EA51A,54:1F:8D:8E:A5:1A,Unknown,-100,3,
23:01:49,Idoom 4G_EA51A,00:00:00:84:4A:10,Unknown,-100,3,
23:01:49,Idoom 4G_DE8C3,5C:4D:BF:6D:E8:C3,Unknown,-100,0,
23:01:49,Idoom 4G_EA51A,54:1F:8D:8E:A5:1A,Unknown,-100,3,
23:01:49,Idoom 4G_1FCFA,54:1F:8D:F1:FC:FA,Unknown,-100,0,
23:01:51,Idoom 4G_EA51A,00:00:00:84:4A:10,Unknown,-100,3,
23:01:51,Idoom 4G_DE8C3,5C:4D:BF:6D:E8:C3,Unknown,-100,0,
23:01:51,Idoom 4G_EA51A,54:1F:8D:8E:A5:1A,Unknown,-100,3,
23:01:51,Idoom 4G_1FCFA,54:1F:8D:F1:FC:FA,Unknown,-100,0,
23:01:52,Idoom 4G_EA51A,00:00:00:84:4A:10,Unknown,-100,3,
23:01:52,Idoom 4G_DE8C3,5C:4D:BF:6D:E8:C3,Unknown,-100,0,
23:01:52,Idoom 4G_EA51A,54:1F:8D:8E:A5:1A,Unknown,-100,3,
23:01:52,Idoom 4G_1FCFA,54:1F:8D:F1:FC:FA,Unknown,-100,0,
23:01:54,Idoom 4G_EA51A,00:00:00:84:4A:10,Unknown,-100,3,
23:01:54,Idoom 4G_DE8C3,5C:4D:BF:6D:E8:C3,Unknown,-100,0,
23:01:54,Idoom 4G_EA51A,54:1F:8D:8E:A5:1A,Unknown,-100,3,
23:01:54,Idoom 4G_1FCFA,54:1F:8D:F1:FC:FA,Unknown,-100,0,
23:01:55,Idoom 4G_EA51A,00:00:00:84:4A:10,Unknown,-100,3,
23:01:55,Idoom 4G_DE8C3,5C:4D:BF:6D:E8:C3,Unknown,-100,0,
23:01:55,Idoom 4G_EA51A,54:1F:8D:8E:A5:1A,Unknown,-100,3,
23:01:55,Idoom 4G_1FCFA,54:1F:8D:F1:FC:FA,Unknown,-100,0,
23:01:57,Idoom 4G_EA51A,00:00:00:84:4A:10,Unknown,-100,3,
23:01:57,Idoom 4G_DE8C3,5C:4D:BF:6D:E8:C3,Unknown,-100,0,
23:01:57,Idoom 4G_EA51A,54:1F:8D:8E:A5:1A,Unknown,-100,3,
23:01:57,Idoom 4G_1FCFA,54:1F:8D:F1:FC:FA,Unknown,-100,0,
23:01:58,Idoom 4G_EA51A,00:00:00:84:4A:10,Unknown,-100,3,
23:01:58,Idoom 4G_DE8C3,5C:4D:BF:6D:E8:C3,Unknown,-100,0,
23:01:58,Idoom 4G_EA51A,54:1F:8D:8E:A5:1A,Unknown,-100,3,
23:01:58,Idoom 4G_1FCFA,54:1F:8D:F1:FC:FA,Unknown,-100,0,
23:02:00,Idoom 4G_EA51A,00:00:00:84:4A:10,Unknown,-100,3,
23:02:00,Idoom 4G_DE8C3,5C:4D:BF:6D:E8:C3,Unknown,-100,0,
23:02:00,Idoom 4G_EA51A,54:1F:8D:8E:A5:1A,Unknown,-100,3,
23:02:00,Idoom 4G_1FCFA,54:1F:8D:F1:FC:FA,Unknown,-100,0,
23:02:01,Idoom 4G_EA51A,00:00:00:84:4A:10,Unknown,-100,3,
23:02:01,Idoom 4G_DE8C3,5C:4D:BF:6D:E8:C3,Unknown,-100,0,
23:02:01,Idoom 4G_EA51A,54:1F:8D:8E:A5:1A,Unknown,-100,3,
23:02:01,Idoom 4G_1FCFA,54:1F:8D:F1:FC:FA,Unknown,-100,0,
23:02:03,Idoom 4G_EA51A,00:00:00:84:4A:10,Unknown,-100,3,
23:02:03,Idoom 4G_DE8C3,5C:4D:BF:6D:E8:C3,Unknown,-100,0,
23:02:03,Idoom 4G_EA51A,54:1F:8D:8E:A5:1A,Unknown,-100,3,
23:02:03,Idoom 4G_1FCFA,54:1F:8D:F1:FC:FA,Unknown,-100,0,
23:02:04,Idoom 4G_EA51A,00:00:00:84:4A:10,Unknown,-100,3,
23:02:04,Idoom 4G_DE8C3,5C:4D:BF:6D:E8:C3,Unknown,-100,0,
23:02:04,Idoom 4G_EA51A,54:1F:8D:8E:A5:1A,Unknown,-100,3,
23:02:04,Idoom 4G_1FCFA,54:1F:8D:F1:FC:FA,Unknown,-100,0,
23:02:06,Idoom 4G_EA51A,00:00:00:84:4A:10,Unknown,-100,3,
23:02:06,Idoom 4G_DE8C3,5C:4D:BF:6D:E8:C3,Unknown,-100,0,
23:02:06,Idoom 4G_EA51A,54:1F:8D:8E:A5:1A,Unknown,-100,3,
23:02:06,Idoom 4G_1FCFA,54:1F:8D:F1:FC:FA,Unknown,-100,0,
23:02:07,Idoom 4G_EA51A,00:00:00:84:4A:10,Unknown,-100,3,
23:02:07,Idoom 4G_DE8C3,5C:4D:BF:6D:E8:C3,Unknown,-100,0,
23:02:07,Idoom 4G_EA51A,54:1F:8D:8E:A5:1A,Unknown,-100,3,
23:02:07,Idoom 4G_1FCFA,54:1F:8D:F1:FC:FA,Unknown,-100,0,
23:02:09,Idoom 4G_EA51A,00:00:00:84:4A:10,Unknown,-100,3,
23:02:09,Idoom 4G_DE8C3,5C:4D:BF:6D:E8:C3,Unknown,-100,0,
23:02:09,Idoom 4G_EA51A,54:1F:8D:8E:A5:1A,Unknown,-100,3,
23:02:09,Idoom 4G_1FCFA,54:1F:8D:F1:FC:FA,Unknown,-100,0,
23:02:10,Idoom 4G_EA51A,00:00:00:84:4A:10,Unknown,-100,3,
23:02:10,Idoom 4G_DE8C3,5C:4D:BF:6D:E8:C3,Unknown,-100,0,
23:02:10,Idoom 4G_EA51A,54:1F:8D:8E:A5:1A,Unknown,-100,3,
23:02:10,Idoom 4G_1FCFA,54:1F:8D:F1:FC:FA,Unknown,-100,0,
23:02:12,Idoom 4G_EA51A,00:00:00:84:4A:10,Unknown,-100,3,
23:02:12,Idoom 4G_EA51A,54:1F:8D:8E:A5:1A,Unknown,-100,3,
23:02:12,Idoom 4G_1FCFA,54:1F:8D:F1:FC:FA,Unknown,-100,0,
23:02:13,Idoom 4G_EA51A,00:00:00:84:4A:10,Unknown,-100,3,
23:02:13,Idoom 4G_EA51A,54:1F:8D:8E:A5:1A,Unknown,-100,3,
23:02:13,Idoom 4G_1FCFA,54:1F:8D:F1:FC:FA,Unknown,-100,0,
23:02:15,Idoom 4G_EA51A,00:00:00:84:4A:10,Unknown,-100,3,
23:02:15,Idoom 4G_EA51A,54:1F:8D:8E:A5:1A,Unknown,-100,3,
23:02:15,Idoom 4G_1FCFA,54:1F:8D:F1:FC:FA,Unknown,-100,0,
23:02:16,Idoom 4G_EA51A,00:00:00:84:4A:10,Unknown,-100,3,
23:02:16,Idoom 4G_EA51A,54:1F:8D:8E:A5:1A,Unknown,-100,3,
23:02:16,Idoom 4G_1FCFA,54:1F:8D:F1:FC:FA,Unknown,-100,0,
23:02:18,Idoom 4G_EA51A,00:00:00:84:4A:10,Unknown,-100,3,
23:02:18,Idoom 4G_EA51A,54:1F:8D:8E:A5:1A,Unknown,-100,3,
23:02:18,Idoom 4G_1FCFA,54:1F:8D:F1:FC:FA,Unknown,-100,0,
23:02:19,Idoom 4G_EA51A,00:00:00:84:4A:10,Unknown,-100,3,
23:02:19,Idoom 4G_1FCFA,54:1F:8D:F1:FC:FA,Unknown,-100,0,
23:02:21,Idoom 4G_EA51A,00:00:00:84:4A:10,Unknown,-100,3,
23:02:21,Idoom 4G_1FCFA,54:1F:8D:F1:FC:FA,Unknown,-100,0,
23:02:22,Idoom 4G_EA51A,00:00:00:84:4A:10,Unknown,-100,3,
23:02:22,Idoom 4G_1FCFA,54:1F:8D:F1:FC:FA,Unknown,-100,0,
23:02:24,Idoom 4G_EA51A,00:00:00:84:4A:10,Unknown,-100,3,
23:02:24,Idoom 4G_1FCFA,54:1F:8D:F1:FC:FA,Unknown,-100,0,
23:02:25,Idoom 4G_EA51A,00:00:00:84:4A:10,Unknown,-100,3,
23:02:25,Idoom 4G_1FCFA,54:1F:8D:F1:FC:FA,Unknown,-100,0,
23:02:27,Idoom 4G_EA51A,00:00:00:84:4A:10,Unknown,-100,3,
23:02:27,Idoom 4G_1FCFA,54:1F:8D:F1:FC:FA,Unknown,-100,0,
23:02:28,Idoom 4G_EA51A,00:00:00:84:4A:10,Unknown,-100,3,
23:02:28,Idoom 4G_1FCFA,54:1F:8D:F1:FC:FA,Unknown,-100,0,
23:02:30,Idoom 4G_EA51A,00:00:00:84:4A:10,Unknown,-100,3,
23:02:30,Idoom 4G_1FCFA,54:1F:8D:F1:FC:FA,Unknown,-100,0,
23:02:31,Idoom 4G_EA51A,00:00:00:84:4A:10,Unknown,-100,3,
23:02:31,Idoom 4G_1FCFA,54:1F:8D:F1:FC:FA,Unknown,-100,0,
23:02:33,Idoom 4G_EA51A,00:00:00:84:4A:10,Unknown,-100,3,
23:02:33,Idoom 4G_1FCFA,54:1F:8D:F1:FC:FA,Unknown,-100,0,
23:02:34,Idoom 4G_EA51A,00:00:00:84:4A:10,Unknown,-100,3,
23:02:34,Idoom 4G_1FCFA,54:1F:8D:F1:FC:FA,Unknown,-100,0,
23:02:36,Idoom 4G_EA51A,00:00:00:84:4A:10,Unknown,-100,3,
23:02:36,Idoom 4G_1FCFA,54:1F:8D:F1:FC:FA,Unknown,-100,0,
23:02:37,Idoom 4G_EA51A,00:00:00:84:4A:10,Unknown,-100,3,
23:02:37,Idoom 4G_1FCFA,54:1F:8D:F1:FC:FA,Unknown,-100,0,
23:02:39,Idoom 4G_EA51A,00:00:00:84:4A:10,Unknown,-100,3,
23:02:39,Idoom 4G_1FCFA,54:1F:8D:F1:FC:FA,Unknown,-100,0,
23:02:40,Idoom 4G_EA51A,00:00:00:84:4A:10,Unknown,-100,3,
23:02:40,Idoom 4G_1FCFA,54:1F:8D:F1:FC:FA,Unknown,-100,0,
23:02:40,Idoom 4G_DE8C3,5C:4D:BF:6D:E8:C3,Unknown,-100,0,
23:02:42,Idoom 4G_EA51A,00:00:00:84:4A:10,Unknown,-100,3,
23:02:42,Idoom 4G_1FCFA,54:1F:8D:F1:FC:FA,Unknown,-100,0,
23:02:42,Idoom 4G_DE8C3,5C:4D:BF:6D:E8:C3,Unknown,-100,0,
23:02:43,Idoom 4G_EA51A,00:00:00:84:4A:10,Unknown,-100,3,
23:02:43,Idoom 4G_1FCFA,54:1F:8D:F1:FC:FA,Unknown,-100,0,
23:02:43,Idoom 4G_DE8C3,5C:4D:BF:6D:E8:C3,Unknown,-100,0,
23:02:45,Idoom 4G_EA51A,00:00:00:84:4A:10,Unknown,-100,3,
23:02:45,Idoom 4G_1FCFA,54:1F:8D:F1:FC:FA,Unknown,-100,0,
23:02:45,Idoom 4G_DE8C3,5C:4D:BF:6D:E8:C3,Unknown,-100,0,
23:02:46,Idoom 4G_EA51A,00:00:00:84:4A:10,Unknown,-100,3,
23:02:46,Idoom 4G_1FCFA,54:1F:8D:F1:FC:FA,Unknown,-100,0,
23:02:46,Idoom 4G_DE8C3,5C:4D:BF:6D:E8:C3,Unknown,-100,0,
23:02:48,Idoom 4G_EA51A,00:00:00:84:4A:10,Unknown,-100,3,
23:02:48,Idoom 4G_1FCFA,54:1F:8D:F1:FC:FA,Unknown,-100,0,
23:02:48,Idoom 4G_DE8C3,5C:4D:BF:6D:E8:C3,Unknown,-100,0,
23:02:49,Idoom 4G_EA51A,00:00:00:84:4A:10,Unknown,-100,3,
23:02:49,Idoom 4G_1FCFA,54:1F:8D:F1:FC:FA,Unknown,-100,0,
23:02:49,Idoom 4G_DE8C3,5C:4D:BF:6D:E8:C3,Unknown,-100,0,
23:02:51,Idoom 4G_EA51A,00:00:00:84:4A:10,Unknown,-100,3,
23:02:51,Idoom 4G_DE8C3,5C:4D:BF:6D:E8:C3,Unknown,-100,0,
23:02:52,Idoom 4G_EA51A,00:00:00:84:4A:10,Unknown,-100,3,
23:02:52,Idoom 4G_DE8C3,5C:4D:BF:6D:E8:C3,Unknown,-100,0,
23:02:54,Idoom 4G_EA51A,00:00:00:84:4A:10,Unknown,-100,3,
23:02:54,Idoom 4G_DE8C3,5C:4D:BF:6D:E8:C3,Unknown,-100,0,
23:02:55,Idoom 4G_EA51A,00:00:00:84:4A:10,Unknown,-100,3,
23:02:55,Idoom 4G_DE8C3,5C:4D:BF:6D:E8:C3,Unknown,-100,0,
23:02:57,Idoom 4G_EA51A,00:00:00:84:4A:10,Unknown,-100,3,
23:02:57,Idoom 4G_DE8C3,5C:4D:BF:6D:E8:C3,Unknown,-100,0,
23:02:58,Idoom 4G_EA51A,00:00:00:84:4A:10,Unknown,-100,3,
23:02:58,Idoom 4G_DE8C3,5C:4D:BF:6D:E8:C3,Unknown,-100,0,
23:03:00,Idoom 4G_EA51A,00:00:00:84:4A:10,Unknown,-100,3,
23:03:00,Idoom 4G_DE8C3,5C:4D:BF:6D:E8:C3,Unknown,-100,0,
23:03:01,Idoom 4G_EA51A,00:00:00:84:4A:10,Unknown,-100,3,
23:03:01,Idoom 4G_DE8C3,5C:4D:BF:6D:E8:C3,Unknown,-100,0,
23:03:03,Idoom 4G_EA51A,00:00:00:84:4A:10,Unknown,-100,3,
23:03:03,Idoom 4G_DE8C3,5C:4D:BF:6D:E8:C3,Unknown,-100,0,
23:03:04,Idoom 4G_EA51A,00:00:00:84:4A:10,Unknown,-100,3,
23:03:04,Idoom 4G_DE8C3,5C:4D:BF:6D:E8:C3,Unknown,-100,0,
23:03:06,Idoom 4G_EA51A,00:00:00:84:4A:10,Unknown,-100,3,
23:03:06,Idoom 4G_DE8C3,5C:4D:BF:6D:E8:C3,Unknown,-100,0,
23:03:07,Idoom 4G_EA51A,00:00:00:84:4A:10,Unknown,-100,3,
23:03:07,Idoom 4G_DE8C3,5C:4D:BF:6D:E8:C3,Unknown,-100,0,
23:03:09,Idoom 4G_EA51A,00:00:00:84:4A:10,Unknown,-100,3,
23:03:09,Idoom 4G_DE8C3,5C:4D:BF:6D:E8:C3,Unknown,-100,0,
23:03:10,Idoom 4G_EA51A,00:00:00:84:4A:10,Unknown,-100,3,
23:03:10,Idoom 4G_DE8C3,5C:4D:BF:6D:E8:C3,Unknown,-100,0,
23:03:12,Idoom 4G_EA51A,00:00:00:84:4A:10,Unknown,-100,3,
23:03:12,Idoom 4G_DE8C3,5C:4D:BF:6D:E8:C3,Unknown,-100,0,
23:03:13,Idoom 4G_EA51A,00:00:00:84:4A:10,Unknown,-100,3,
23:03:13,Idoom 4G_DE8C3,5C:4D:BF:6D:E8:C3,Unknown,-100,0,
23:03:15,Idoom 4G_EA51A,00:00:00:84:4A:10,Unknown,-100,3,
23:03:15,Idoom 4G_DE8C3,5C:4D:BF:6D:E8:C3,Unknown,-100,0,
23:03:16,Idoom 4G_EA51A,00:00:00:84:4A:10,Unknown,-100,3,
23:03:16,Idoom 4G_DE8C3,5C:4D:BF:6D:E8:C3,Unknown,-100,0,
23:03:16,Idoom 4G_EA51A,54:1F:8D:8E:A5:1A,Unknown,-100,0,
23:03:18,Idoom 4G_EA51A,00:00:00:84:4A:10,Unknown,-100,3,
23:03:18,Idoom 4G_DE8C3,5C:4D:BF:6D:E8:C3,Unknown,-100,0,
23:03:18,Idoom 4G_EA51A,54:1F:8D:8E:A5:1A,Unknown,-100,3,
23:03:19,Idoom 4G_EA51A,00:00:00:84:4A:10,Unknown,-100,3,
23:03:19,Idoom 4G_DE8C3,5C:4D:BF:6D:E8:C3,Unknown,-100,0,
23:03:19,Idoom 4G_EA51A,54:1F:8D:8E:A5:1A,Unknown,-100,3,
23:03:21,Idoom 4G_EA51A,00:00:00:84:4A:10,Unknown,-100,3,
23:03:21,Idoom 4G_DE8C3,5C:4D:BF:6D:E8:C3,Unknown,-100,0,
23:03:21,Idoom 4G_EA51A,54:1F:8D:8E:A5:1A,Unknown,-100,3,
23:03:22,Idoom 4G_EA51A,00:00:00:84:4A:10,Unknown,-100,3,
23:03:22,Idoom 4G_DE8C3,5C:4D:BF:6D:E8:C3,Unknown,-100,0,
23:03:22,Idoom 4G_EA51A,54:1F:8D:8E:A5:1A,Unknown,-100,3,
23:03:24,Idoom 4G_EA51A,00:00:00:84:4A:10,Unknown,-100,3,
23:03:24,Idoom 4G_DE8C3,5C:4D:BF:6D:E8:C3,Unknown,-100,0,
23:03:24,Idoom 4G_EA51A,54:1F:8D:8E:A5:1A,Unknown,-100,3,
23:03:25,Idoom 4G_EA51A,00:00:00:84:4A:10,Unknown,-100,3,
23:03:25,Idoom 4G_DE8C3,5C:4D:BF:6D:E8:C3,Unknown,-100,0,
23:03:25,Idoom 4G_EA51A,54:1F:8D:8E:A5:1A,Unknown,-100,3,
23:03:27,Idoom 4G_EA51A,00:00:00:84:4A:10,Unknown,-100,3,
23:03:27,Idoom 4G_DE8C3,5C:4D:BF:6D:E8:C3,Unknown,-100,0,
23:03:27,Idoom 4G_EA51A,54:1F:8D:8E:A5:1A,Unknown,-100,3,
23:03:28,Idoom 4G_EA51A,00:00:00:84:4A:10,Unknown,-100,3,
23:03:28,Idoom 4G_DE8C3,5C:4D:BF:6D:E8:C3,Unknown,-100,0,
23:03:28,Idoom 4G_EA51A,54:1F:8D:8E:A5:1A,Unknown,-100,3,
23:03:30,Idoom 4G_EA51A,00:00:00:84:4A:10,Unknown,-100,3,
23:03:30,Idoom 4G_DE8C3,5C:4D:BF:6D:E8:C3,Unknown,-100,0,
23:03:30,Idoom 4G_EA51A,54:1F:8D:8E:A5:1A,Unknown,-100,3,
23:03:31,Idoom 4G_EA51A,00:00:00:84:4A:10,Unknown,-100,3,
23:03:31,Idoom 4G_DE8C3,5C:4D:BF:6D:E8:C3,Unknown,-100,0,
23:03:31,Idoom 4G_EA51A,54:1F:8D:8E:A5:1A,Unknown,-100,3,
23:03:33,Idoom 4G_EA51A,00:00:00:84:4A:10,Unknown,-100,3,
23:03:33,Idoom 4G_DE8C3,5C:4D:BF:6D:E8:C3,Unknown,-100,0,
23:03:33,Idoom 4G_EA51A,54:1F:8D:8E:A5:1A,Unknown,-100,3,
23:03:34,Idoom 4G_EA51A,00:00:00:84:4A:10,Unknown,-100,3,
23:03:34,Idoom 4G_DE8C3,5C:4D:BF:6D:E8:C3,Unknown,-100,0,
23:03:34,Idoom 4G_EA51A,54:1F:8D:8E:A5:1A,Unknown,-100,3,
23:03:36,Idoom 4G_EA51A,00:00:00:84:4A:10,Unknown,-100,3,
23:03:36,Idoom 4G_DE8C3,5C:4D:BF:6D:E8:C3,Unknown,-100,0,
23:03:36,Idoom 4G_EA51A,54:1F:8D:8E:A5:1A,Unknown,-100,3,
23:03:37,Idoom 4G_EA51A,00:00:00:84:4A:10,Unknown,-100,3,
23:03:37,Idoom 4G_DE8C3,5C:4D:BF:6D:E8:C3,Unknown,-100,0,
23:03:37,Idoom 4G_EA51A,54:1F:8D:8E:A5:1A,Unknown,-100,3,
23:03:39,Idoom 4G_EA51A,00:00:00:84:4A:10,Unknown,-100,3,
23:03:39,Idoom 4G_DE8C3,5C:4D:BF:6D:E8:C3,Unknown,-100,0,
23:03:39,Idoom 4G_EA51A,54:1F:8D:8E:A5:1A,Unknown,-100,3,
23:03:40,Idoom 4G_EA51A,00:00:00:84:4A:10,Unknown,-100,3,
23:03:40,Idoom 4G_DE8C3,5C:4D:BF:6D:E8:C3,Unknown,-100,0,
23:03:40,Idoom 4G_EA51A,54:1F:8D:8E:A5:1A,Unknown,-100,3,
23:03:42,Idoom 4G_EA51A,00:00:00:84:4A:10,Unknown,-100,3,
23:03:42,Idoom 4G_EA51A,54:1F:8D:8E:A5:1A,Unknown,-100,3,
23:03:43,Idoom 4G_EA51A,00:00:00:84:4A:10,Unknown,-100,3,
23:03:43,Idoom 4G_EA51A,54:1F:8D:8E:A5:1A,Unknown,-100,3,
23:03:45,Idoom 4G_EA51A,00:00:00:84:4A:10,Unknown,-100,3,
23:03:45,Idoom 4G_EA51A,54:1F:8D:8E:A5:1A,Unknown,-100,3,
23:03:45,Idoom 4G_1FCFA,54:1F:8D:F1:FC:FA,Unknown,-100,0,
23:03:46,Idoom 4G_EA51A,00:00:00:84:4A:10,Unknown,-100,3,
23:03:46,Idoom 4G_EA51A,54:1F:8D:8E:A5:1A,Unknown,-100,3,
23:03:46,Idoom 4G_1FCFA,54:1F:8D:F1:FC:FA,Unknown,-100,0,
23:03:48,Idoom 4G_EA51A,00:00:00:84:4A:10,Unknown,-100,3,
23:03:48,Idoom 4G_EA51A,54:1F:8D:8E:A5:1A,Unknown,-100,3,
23:03:48,Idoom 4G_1FCFA,54:1F:8D:F1:FC:FA,Unknown,-100,0,
23:03:49,Idoom 4G_EA51A,00:00:00:84:4A:10,Unknown,-100,3,
23:03:49,Idoom 4G_EA51A,54:1F:8D:8E:A5:1A,Unknown,-100,3,
23:03:49,Idoom 4G_1FCFA,54:1F:8D:F1:FC:FA,Unknown,-100,0,
23:03:51,Idoom 4G_EA51A,00:00:00:84:4A:10,Unknown,-100,3,
23:03:51,Idoom 4G_EA51A,54:1F:8D:8E:A5:1A,Unknown,-100,3,
23:03:51,Idoom 4G_1FCFA,54:1F:8D:F1:FC:FA,Unknown,-100,0,
23:03:52,Idoom 4G_EA51A,00:00:00:84:4A:10,Unknown,-100,3,
23:03:52,Idoom 4G_EA51A,54:1F:8D:8E:A5:1A,Unknown,-100,3,
23:03:52,Idoom 4G_1FCFA,54:1F:8D:F1:FC:FA,Unknown,-100,0,
23:03:54,Idoom 4G_EA51A,00:00:00:84:4A:10,Unknown,-100,3,
23:03:54,Idoom 4G_EA51A,54:1F:8D:8E:A5:1A,Unknown,-100,3,
23:03:54,Idoom 4G_1FCFA,54:1F:8D:F1:FC:FA,Unknown,-100,0,
23:03:55,Idoom 4G_EA51A,00:00:00:84:4A:10,Unknown,-100,3,
23:03:55,Idoom 4G_EA51A,54:1F:8D:8E:A5:1A,Unknown,-100,3,
23:03:55,Idoom 4G_1FCFA,54:1F:8D:F1:FC:FA,Unknown,-100,0,
23:03:57,Idoom 4G_EA51A,00:00:00:84:4A:10,Unknown,-100,3,
23:03:57,Idoom 4G_EA51A,54:1F:8D:8E:A5:1A,Unknown,-100,3,
23:03:57,Idoom 4G_1FCFA,54:1F:8D:F1:FC:FA,Unknown,-100,0,
23:03:58,Idoom 4G_EA51A,00:00:00:84:4A:10,Unknown,-100,3,
23:03:58,Idoom 4G_EA51A,54:1F:8D:8E:A5:1A,Unknown,-100,3,
23:03:58,Idoom 4G_1FCFA,54:1F:8D:F1:FC:FA,Unknown,-100,0,
23:04:00,Idoom 4G_EA51A,00:00:00:84:4A:10,Unknown,-100,3,
23:04:00,Idoom 4G_EA51A,54:1F:8D:8E:A5:1A,Unknown,-100,3,
23:04:00,Idoom 4G_1FCFA,54:1F:8D:F1:FC:FA,Unknown,-100,0,
23:04:01,Idoom 4G_EA51A,00:00:00:84:4A:10,Unknown,-100,3,
23:04:01,Idoom 4G_EA51A,54:1F:8D:8E:A5:1A,Unknown,-100,3,
23:04:01,Idoom 4G_1FCFA,54:1F:8D:F1:FC:FA,Unknown,-100,0,
23:04:03,Idoom 4G_EA51A,00:00:00:84:4A:10,Unknown,-100,3,
23:04:03,Idoom 4G_EA51A,54:1F:8D:8E:A5:1A,Unknown,-100,3,
23:04:03,Idoom 4G_1FCFA,54:1F:8D:F1:FC:FA,Unknown,-100,0,
23:04:03,Idoom 4G_DE8C3,5C:4D:BF:6D:E8:C3,Unknown,-100,0,
23:04:04,Idoom 4G_EA51A,00:00:00:84:4A:10,Unknown,-100,3,
23:04:04,Idoom 4G_EA51A,54:1F:8D:8E:A5:1A,Unknown,-100,3,
23:04:04,Idoom 4G_1FCFA,54:1F:8D:F1:FC:FA,Unknown,-100,0,
23:04:04,Idoom 4G_DE8C3,5C:4D:BF:6D:E8:C3,Unknown,-100,0,
23:04:06,Idoom 4G_EA51A,00:00:00:84:4A:10,Unknown,-100,3,
23:04:06,Idoom 4G_EA51A,54:1F:8D:8E:A5:1A,Unknown,-100,3,
23:04:06,Idoom 4G_1FCFA,54:1F:8D:F1:FC:FA,Unknown,-100,0,
23:04:06,Idoom 4G_DE8C3,5C:4D:BF:6D:E8:C3,Unknown,-100,0,
23:04:07,Idoom 4G_EA51A,00:00:00:84:4A:10,Unknown,-100,3,
23:04:07,Idoom 4G_EA51A,54:1F:8D:8E:A5:1A,Unknown,-100,3,
23:04:07,Idoom 4G_1FCFA,54:1F:8D:F1:FC:FA,Unknown,-100,0,
23:04:07,Idoom 4G_DE8C3,5C:4D:BF:6D:E8:C3,Unknown,-100,0,
23:04:09,Idoom 4G_EA51A,00:00:00:84:4A:10,Unknown,-100,3,
23:04:09,Idoom 4G_EA51A,54:1F:8D:8E:A5:1A,Unknown,-100,3,
23:04:09,Idoom 4G_1FCFA,54:1F:8D:F1:FC:FA,Unknown,-100,0,
23:04:09,Idoom 4G_DE8C3,5C:4D:BF:6D:E8:C3,Unknown,-100,0,
23:04:10,Idoom 4G_EA51A,00:00:00:84:4A:10,Unknown,-100,3,
23:04:10,Idoom 4G_EA51A,54:1F:8D:8E:A5:1A,Unknown,-100,3,
23:04:10,Idoom 4G_1FCFA,54:1F:8D:F1:FC:FA,Unknown,-100,0,
23:04:10,Idoom 4G_DE8C3,5C:4D:BF:6D:E8:C3,Unknown,-100,0,
23:04:12,Idoom 4G_EA51A,00:00:00:84:4A:10,Unknown,-100,3,
23:04:12,Idoom 4G_EA51A,54:1F:8D:8E:A5:1A,Unknown,-100,3,
23:04:12,Idoom 4G_1FCFA,54:1F:8D:F1:FC:FA,Unknown,-100,0,
23:04:12,Idoom 4G_DE8C3,5C:4D:BF:6D:E8:C3,Unknown,-100,0,
23:04:13,Idoom 4G_EA51A,00:00:00:84:4A:10,Unknown,-100,3,
23:04:13,Idoom 4G_EA51A,54:1F:8D:8E:A5:1A,Unknown,-100,3,
23:04:13,Idoom 4G_1FCFA,54:1F:8D:F1:FC:FA,Unknown,-100,0,
23:04:13,Idoom 4G_DE8C3,5C:4D:BF:6D:E8:C3,Unknown,-100,0,
23:04:15,Idoom 4G_EA51A,00:00:00:84:4A:10,Unknown,-100,3,
23:04:15,Idoom 4G_EA51A,54:1F:8D:8E:A5:1A,Unknown,-100,3,
23:04:15,Idoom 4G_1FCFA,54:1F:8D:F1:FC:FA,Unknown,-100,0,
23:04:15,Idoom 4G_DE8C3,5C:4D:BF:6D:E8:C3,Unknown,-100,0,
23:04:16,Idoom 4G_EA51A,00:00:00:84:4A:10,Unknown,-100,3,
23:04:16,Idoom 4G_EA51A,54:1F:8D:8E:A5:1A,Unknown,-100,3,
23:04:16,Idoom 4G_1FCFA,54:1F:8D:F1:FC:FA,Unknown,-100,0,
23:04:16,Idoom 4G_DE8C3,5C:4D:BF:6D:E8:C3,Unknown,-100,0,
23:04:18,Idoom 4G_EA51A,00:00:00:84:4A:10,Unknown,-100,3,
23:04:18,Idoom 4G_1FCFA,54:1F:8D:F1:FC:FA,Unknown,-100,0,
23:04:18,Idoom 4G_DE8C3,5C:4D:BF:6D:E8:C3,Unknown,-100,0,
23:04:19,Idoom 4G_EA51A,00:00:00:84:4A:10,Unknown,-100,3,
23:04:19,Idoom 4G_1FCFA,54:1F:8D:F1:FC:FA,Unknown,-100,0,
23:04:19,Idoom 4G_DE8C3,5C:4D:BF:6D:E8:C3,Unknown,-100,0,
23:04:21,Idoom 4G_EA51A,00:00:00:84:4A:10,Unknown,-100,3,
23:04:21,Idoom 4G_1FCFA,54:1F:8D:F1:FC:FA,Unknown,-100,0,
23:04:21,Idoom 4G_DE8C3,5C:4D:BF:6D:E8:C3,Unknown,-100,0,
23:04:22,Idoom 4G_EA51A,00:00:00:84:4A:10,Unknown,-100,3,
23:04:22,Idoom 4G_1FCFA,54:1F:8D:F1:FC:FA,Unknown,-100,0,
23:04:22,Idoom 4G_DE8C3,5C:4D:BF:6D:E8:C3,Unknown,-100,0,
23:04:24,Idoom 4G_EA51A,00:00:00:84:4A:10,Unknown,-100,3,
23:04:24,Idoom 4G_1FCFA,54:1F:8D:F1:FC:FA,Unknown,-100,0,
23:04:24,Idoom 4G_DE8C3,5C:4D:BF:6D:E8:C3,Unknown,-100,0,
23:04:25,Idoom 4G_EA51A,00:00:00:84:4A:10,Unknown,-100,3,
23:04:25,Idoom 4G_1FCFA,54:1F:8D:F1:FC:FA,Unknown,-100,0,
23:04:25,Idoom 4G_DE8C3,5C:4D:BF:6D:E8:C3,Unknown,-100,0,
23:04:27,Idoom 4G_EA51A,00:00:00:84:4A:10,Unknown,-100,3,
23:04:27,Idoom 4G_1FCFA,54:1F:8D:F1:FC:FA,Unknown,-100,0,
23:04:27,Idoom 4G_DE8C3,5C:4D:BF:6D:E8:C3,Unknown,-100,0,
23:04:28,Idoom 4G_EA51A,00:00:00:84:4A:10,Unknown,-100,3,
23:04:28,Idoom 4G_1FCFA,54:1F:8D:F1:FC:FA,Unknown,-100,0,
23:04:28,Idoom 4G_DE8C3,5C:4D:BF:6D:E8:C3,Unknown,-100,0,
23:04:30,Idoom 4G_EA51A,00:00:00:84:4A:10,Unknown,-100,3,
23:04:30,Idoom 4G_1FCFA,54:1F:8D:F1:FC:FA,Unknown,-100,0,
23:04:30,Idoom 4G_DE8C3,5C:4D:BF:6D:E8:C3,Unknown,-100,0,
23:04:31,Idoom 4G_EA51A,00:00:00:84:4A:10,Unknown,-100,3,
23:04:31,Idoom 4G_1FCFA,54:1F:8D:F1:FC:FA,Unknown,-100,0,
23:04:31,Idoom 4G_DE8C3,5C:4D:BF:6D:E8:C3,Unknown,-100,0,
23:04:33,Idoom 4G_EA51A,00:00:00:84:4A:10,Unknown,-100,3,
23:04:33,Idoom 4G_1FCFA,54:1F:8D:F1:FC:FA,Unknown,-100,0,
23:04:33,Idoom 4G_DE8C3,5C:4D:BF:6D:E8:C3,Unknown,-100,0,
23:04:34,Idoom 4G_EA51A,00:00:00:84:4A:10,Unknown,-100,3,
23:04:34,Idoom 4G_1FCFA,54:1F:8D:F1:FC:FA,Unknown,-100,0,
23:04:34,Idoom 4G_DE8C3,5C:4D:BF:6D:E8:C3,Unknown,-100,0,
23:04:36,Idoom 4G_EA51A,00:00:00:84:4A:10,Unknown,-100,3,
23:04:36,Idoom 4G_1FCFA,54:1F:8D:F1:FC:FA,Unknown,-100,0,
23:04:36,Idoom 4G_DE8C3,5C:4D:BF:6D:E8:C3,Unknown,-100,0,
23:04:37,Idoom 4G_EA51A,00:00:00:84:4A:10,Unknown,-100,3,
23:04:37,Idoom 4G_1FCFA,54:1F:8D:F1:FC:FA,Unknown,-100,0,
23:04:37,Idoom 4G_DE8C3,5C:4D:BF:6D:E8:C3,Unknown,-100,0,
23:04:39,Idoom 4G_EA51A,00:00:00:84:4A:10,Unknown,-100,3,
23:04:39,Idoom 4G_1FCFA,54:1F:8D:F1:FC:FA,Unknown,-100,0,
23:04:39,Idoom 4G_DE8C3,5C:4D:BF:6D:E8:C3,Unknown,-100,0,
23:04:40,Idoom 4G_EA51A,00:00:00:84:4A:10,Unknown,-100,3,
23:04:40,Idoom 4G_1FCFA,54:1F:8D:F1:FC:FA,Unknown,-100,0,
23:04:40,Idoom 4G_DE8C3,5C:4D:BF:6D:E8:C3,Unknown,-100,0,
23:04:42,Idoom 4G_EA51A,00:00:00:84:4A:10,Unknown,-100,3,
23:04:42,Idoom 4G_1FCFA,54:1F:8D:F1:FC:FA,Unknown,-100,0,
23:04:42,Idoom 4G_DE8C3,5C:4D:BF:6D:E8:C3,Unknown,-100,0,
23:04:43,Idoom 4G_EA51A,00:00:00:84:4A:10,Unknown,-100,3,
23:04:43,Idoom 4G_1FCFA,54:1F:8D:F1:FC:FA,Unknown,-100,0,
23:04:43,Idoom 4G_DE8C3,5C:4D:BF:6D:E8:C3,Unknown,-100,0,
23:04:45,Idoom 4G_EA51A,00:00:00:84:4A:10,Unknown,-100,3,
23:04:45,Idoom 4G_1FCFA,54:1F:8D:F1:FC:FA,Unknown,-100,0,
23:04:45,Idoom 4G_DE8C3,5C:4D:BF:6D:E8:C3,Unknown,-100,0,
23:04:46,Idoom 4G_EA51A,00:00:00:84:4A:10,Unknown,-100,3,
23:04:46,Idoom 4G_DE8C3,5C:4D:BF:6D:E8:C3,Unknown,-100,0,
23:04:48,Idoom 4G_EA51A,00:00:00:84:4A:10,Unknown,-100,3,
23:04:48,Idoom 4G_DE8C3,5C:4D:BF:6D:E8:C3,Unknown,-100,0,
23:04:49,Idoom 4G_EA51A,00:00:00:84:4A:10,Unknown,-100,3,
23:04:49,Idoom 4G_DE8C3,5C:4D:BF:6D:E8:C3,Unknown,-100,0,
23:04:51,Idoom 4G_EA51A,00:00:00:84:4A:10,Unknown,-100,3,
23:04:51,Idoom 4G_DE8C3,5C:4D:BF:6D:E8:C3,Unknown,-100,0,
23:04:52,Idoom 4G_EA51A,00:00:00:84:4A:10,Unknown,-100,3,
23:04:52,Idoom 4G_DE8C3,5C:4D:BF:6D:E8:C3,Unknown,-100,0,
23:04:54,Idoom 4G_EA51A,00:00:00:84:4A:10,Unknown,-100,3,
23:04:54,Idoom 4G_DE8C3,5C:4D:BF:6D:E8:C3,Unknown,-100,0,
23:04:55,Idoom 4G_EA51A,00:00:00:84:4A:10,Unknown,-100,3,
23:04:55,Idoom 4G_DE8C3,5C:4D:BF:6D:E8:C3,Unknown,-100,0,
23:04:57,Idoom 4G_EA51A,00:00:00:84:4A:10,Unknown,-100,3,
23:04:57,Idoom 4G_DE8C3,5C:4D:BF:6D:E8:C3,Unknown,-100,0,
23:04:58,Idoom 4G_EA51A,00:00:00:84:4A:10,Unknown,-100,3,
23:04:58,Idoom 4G_DE8C3,5C:4D:BF:6D:E8:C3,Unknown,-100,0,
23:05:00,Idoom 4G_EA51A,00:00:00:84:4A:10,Unknown,-100,3,
23:05:00,Idoom 4G_DE8C3,5C:4D:BF:6D:E8:C3,Unknown,-100,0,
23:05:01,Idoom 4G_EA51A,00:00:00:84:4A:10,Unknown,-100,3,
23:05:01,Idoom 4G_DE8C3,5C:4D:BF:6D:E8:C3,Unknown,-100,0,
23:05:03,Idoom 4G_EA51A,00:00:00:84:4A:10,Unknown,-100,3,
23:05:03,Idoom 4G_DE8C3,5C:4D:BF:6D:E8:C3,Unknown,-100,0,
23:05:04,Idoom 4G_EA51A,00:00:00:84:4A:10,Unknown,-100,3,
23:05:06,Idoom 4G_EA51A,00:00:00:84:4A:10,Unknown,-100,3,
23:05:07,Idoom 4G_EA51A,00:00:00:84:4A:10,Unknown,-100,3,
23:05:09,Idoom 4G_EA51A,00:00:00:84:4A:10,Unknown,-100,3,
23:05:10,Idoom 4G_EA51A,00:00:00:84:4A:10,Unknown,-100,3,
23:05:12,Idoom 4G_EA51A,00:00:00:84:4A:10,Unknown,-100,3,
23:05:13,Idoom 4G_EA51A,00:00:00:84:4A:10,Unknown,-100,3,
23:05:15,Idoom 4G_EA51A,00:00:00:84:4A:10,Unknown,-100,3,
23:05:16,Idoom 4G_EA51A,00:00:00:84:4A:10,Unknown,-100,3,
23:05:18,Idoom 4G_EA51A,00:00:00:84:4A:10,Unknown,-100,3,
23:05:19,Idoom 4G_EA51A,00:00:00:84:4A:10,Unknown,-100,3,
23:05:21,Idoom 4G_EA51A,00:00:00:84:4A:10,Unknown,-100,3,
23:05:22,Idoom 4G_EA51A,00:00:00:84:4A:10,Unknown,-100,3,
23:05:24,Idoom 4G_EA51A,00:00:00:84:4A:10,Unknown,-100,3,
23:05:25,Idoom 4G_EA51A,00:00:00:84:4A:10,Unknown,-100,3,
23:05:25,Idoom 4G_DE8C3,5C:4D:BF:6D:E8:C3,Unknown,-100,0,
23:05:27,Idoom 4G_EA51A,00:00:00:84:4A:10,Unknown,-100,3,
23:05:27,Idoom 4G_DE8C3,5C:4D:BF:6D:E8:C3,Unknown,-100,0,
23:05:28,Idoom 4G_EA51A,00:00:00:84:4A:10,Unknown,-100,3,
23:05:28,Idoom 4G_DE8C3,5C:4D:BF:6D:E8:C3,Unknown,-100,0,
23:05:30,Idoom 4G_EA51A,00:00:00:84:4A:10,Unknown,-100,3,
23:05:30,Idoom 4G_DE8C3,5C:4D:BF:6D:E8:C3,Unknown,-100,0,
23:05:31,Idoom 4G_EA51A,00:00:00:84:4A:10,Unknown,-100,3,
23:05:31,Idoom 4G_DE8C3,5C:4D:BF:6D:E8:C3,Unknown,-100,0,
23:05:33,Idoom 4G_EA51A,00:00:00:84:4A:10,Unknown,-100,3,
23:05:33,Idoom 4G_DE8C3,5C:4D:BF:6D:E8:C3,Unknown,-100,0,
23:05:34,Idoom 4G_EA51A,00:00:00:84:4A:10,Unknown,-100,3,
23:05:34,Idoom 4G_DE8C3,5C:4D:BF:6D:E8:C3,Unknown,-100,0,
23:05:36,Idoom 4G_EA51A,00:00:00:84:4A:10,Unknown,-100,3,
23:05:36,Idoom 4G_DE8C3,5C:4D:BF:6D:E8:C3,Unknown,-100,0,
23:05:36,Idoom 4G_EA51A,54:1F:8D:8E:A5:1A,Unknown,-100,0,
23:05:37,Idoom 4G_EA51A,00:00:00:84:4A:10,Unknown,-100,3,
23:05:37,Idoom 4G_DE8C3,5C:4D:BF:6D:E8:C3,Unknown,-100,0,
23:05:37,Idoom 4G_EA51A,54:1F:8D:8E:A5:1A,Unknown,-100,3,
23:05:39,Idoom 4G_EA51A,00:00:00:84:4A:10,Unknown,-100,3,
23:05:39,Idoom 4G_DE8C3,5C:4D:BF:6D:E8:C3,Unknown,-100,0,
23:05:39,Idoom 4G_EA51A,54:1F:8D:8E:A5:1A,Unknown,-100,3,
23:05:40,Idoom 4G_EA51A,00:00:00:84:4A:10,Unknown,-100,3,
23:05:40,Idoom 4G_DE8C3,5C:4D:BF:6D:E8:C3,Unknown,-100,0,
23:05:40,Idoom 4G_EA51A,54:1F:8D:8E:A5:1A,Unknown,-100,3,
23:05:42,Idoom 4G_EA51A,00:00:00:84:4A:10,Unknown,-100,3,
23:05:42,Idoom 4G_DE8C3,5C:4D:BF:6D:E8:C3,Unknown,-100,0,
23:05:42,Idoom 4G_EA51A,54:1F:8D:8E:A5:1A,Unknown,-100,3,
23:05:43,Idoom 4G_EA51A,00:00:00:84:4A:10,Unknown,-100,3,
23:05:43,Idoom 4G_DE8C3,5C:4D:BF:6D:E8:C3,Unknown,-100,0,
23:05:43,Idoom 4G_EA51A,54:1F:8D:8E:A5:1A,Unknown,-100,3,
23:05:45,Idoom 4G_EA51A,00:00:00:84:4A:10,Unknown,-100,3,
23:05:45,Idoom 4G_DE8C3,5C:4D:BF:6D:E8:C3,Unknown,-100,0,
23:05:45,Idoom 4G_EA51A,54:1F:8D:8E:A5:1A,Unknown,-100,3,
23:05:46,Idoom 4G_EA51A,00:00:00:84:4A:10,Unknown,-100,3,
23:05:46,Idoom 4G_DE8C3,5C:4D:BF:6D:E8:C3,Unknown,-100,0,
23:05:46,Idoom 4G_EA51A,54:1F:8D:8E:A5:1A,Unknown,-100,3,
23:05:48,Idoom 4G_EA51A,00:00:00:84:4A:10,Unknown,-100,3,
23:05:48,Idoom 4G_DE8C3,5C:4D:BF:6D:E8:C3,Unknown,-100,0,
23:05:48,Idoom 4G_EA51A,54:1F:8D:8E:A5:1A,Unknown,-100,3,
23:05:49,Idoom 4G_EA51A,00:00:00:84:4A:10,Unknown,-100,3,
23:05:49,Idoom 4G_DE8C3,5C:4D:BF:6D:E8:C3,Unknown,-100,0,
23:05:49,Idoom 4G_EA51A,54:1F:8D:8E:A5:1A,Unknown,-100,3,
23:05:51,Idoom 4G_EA51A,00:00:00:84:4A:10,Unknown,-100,3,
23:05:51,Idoom 4G_DE8C3,5C:4D:BF:6D:E8:C3,Unknown,-100,0,
23:05:51,Idoom 4G_EA51A,54:1F:8D:8E:A5:1A,Unknown,-100,3,
23:05:52,Idoom 4G_EA51A,00:00:00:84:4A:10,Unknown,-100,3,
23:05:52,Idoom 4G_DE8C3,5C:4D:BF:6D:E8:C3,Unknown,-100,0,
23:05:52,Idoom 4G_EA51A,54:1F:8D:8E:A5:1A,Unknown,-100,3,
23:05:54,Idoom 4G_EA51A,00:00:00:84:4A:10,Unknown,-100,3,
23:05:54,Idoom 4G_DE8C3,5C:4D:BF:6D:E8:C3,Unknown,-100,0,
23:05:54,Idoom 4G_EA51A,54:1F:8D:8E:A5:1A,Unknown,-100,3,
23:05:55,Idoom 4G_EA51A,00:00:00:84:4A:10,Unknown,-100,3,
23:05:55,Idoom 4G_DE8C3,5C:4D:BF:6D:E8:C3,Unknown,-100,0,
23:05:55,Idoom 4G_EA51A,54:1F:8D:8E:A5:1A,Unknown,-100,3,
23:05:57,Idoom 4G_EA51A,00:00:00:84:4A:10,Unknown,-100,3,
23:05:57,Idoom 4G_DE8C3,5C:4D:BF:6D:E8:C3,Unknown,-100,0,
23:05:57,Idoom 4G_EA51A,54:1F:8D:8E:A5:1A,Unknown,-100,3,
23:05:58,Idoom 4G_EA51A,00:00:00:84:4A:10,Unknown,-100,3,
23:05:58,Idoom 4G_DE8C3,5C:4D:BF:6D:E8:C3,Unknown,-100,0,
23:05:58,Idoom 4G_EA51A,54:1F:8D:8E:A5:1A,Unknown,-100,3,
23:06:00,Idoom 4G_EA51A,00:00:00:84:4A:10,Unknown,-100,3,
23:06:00,Idoom 4G_DE8C3,5C:4D:BF:6D:E8:C3,Unknown,-100,0,
23:06:00,Idoom 4G_EA51A,54:1F:8D:8E:A5:1A,Unknown,-100,3,
23:06:01,Idoom 4G_EA51A,00:00:00:84:4A:10,Unknown,-100,3,
23:06:01,Idoom 4G_DE8C3,5C:4D:BF:6D:E8:C3,Unknown,-100,0,
23:06:01,Idoom 4G_EA51A,54:1F:8D:8E:A5:1A,Unknown,-100,3,
23:06:03,Idoom 4G_EA51A,00:00:00:84:4A:10,Unknown,-100,3,
23:06:03,Idoom 4G_DE8C3,5C:4D:BF:6D:E8:C3,Unknown,-100,0,
23:06:03,Idoom 4G_EA51A,54:1F:8D:8E:A5:1A,Unknown,-100,3,
23:06:04,Idoom 4G_EA51A,00:00:00:84:4A:10,Unknown,-100,3,
23:06:04,Idoom 4G_DE8C3,5C:4D:BF:6D:E8:C3,Unknown,-100,0,
23:06:04,Idoom 4G_EA51A,54:1F:8D:8E:A5:1A,Unknown,-100,3,
23:06:06,Idoom 4G_EA51A,00:00:00:84:4A:10,Unknown,-100,3,
23:06:06,Idoom 4G_DE8C3,5C:4D:BF:6D:E8:C3,Unknown,-100,0,
23:06:06,Idoom 4G_EA51A,54:1F:8D:8E:A5:1A,Unknown,-100,3,
23:06:07,Idoom 4G_EA51A,00:00:00:84:4A:10,Unknown,-100,3,
23:06:07,Idoom 4G_DE8C3,5C:4D:BF:6D:E8:C3,Unknown,-100,0,
23:06:07,Idoom 4G_EA51A,54:1F:8D:8E:A5:1A,Unknown,-100,3,
23:06:09,Idoom 4G_EA51A,00:00:00:84:4A:10,Unknown,-100,3,
23:06:09,Idoom 4G_DE8C3,5C:4D:BF:6D:E8:C3,Unknown,-100,0,
23:06:09,Idoom 4G_EA51A,54:1F:8D:8E:A5:1A,Unknown,-100,3,
23:06:10,Idoom 4G_EA51A,00:00:00:84:4A:10,Unknown,-100,3,
23:06:10,Idoom 4G_DE8C3,5C:4D:BF:6D:E8:C3,Unknown,-100,0,
23:06:10,Idoom 4G_EA51A,54:1F:8D:8E:A5:1A,Unknown,-100,3,
23:06:12,Idoom 4G_EA51A,00:00:00:84:4A:10,Unknown,-100,3,
23:06:12,Idoom 4G_DE8C3,5C:4D:BF:6D:E8:C3,Unknown,-100,0,
23:06:12,Idoom 4G_EA51A,54:1F:8D:8E:A5:1A,Unknown,-100,3,
23:06:13,Idoom 4G_EA51A,00:00:00:84:4A:10,Unknown,-100,3,
23:06:13,Idoom 4G_DE8C3,5C:4D:BF:6D:E8:C3,Unknown,-100,0,
23:06:13,Idoom 4G_EA51A,54:1F:8D:8E:A5:1A,Unknown,-100,3,
23:06:15,Idoom 4G_EA51A,00:00:00:84:4A:10,Unknown,-100,3,
23:06:15,Idoom 4G_DE8C3,5C:4D:BF:6D:E8:C3,Unknown,-100,0,
23:06:15,Idoom 4G_EA51A,54:1F:8D:8E:A5:1A,Unknown,-100,3,
23:06:16,Idoom 4G_EA51A,00:00:00:84:4A:10,Unknown,-100,3,
23:06:16,Idoom 4G_DE8C3,5C:4D:BF:6D:E8:C3,Unknown,-100,0,
23:06:16,Idoom 4G_EA51A,54:1F:8D:8E:A5:1A,Unknown,-100,3,
23:06:16,Idoom 4G_1FCFA,54:1F:8D:F1:FC:FA,Unknown,-100,0,
23:06:18,Idoom 4G_EA51A,00:00:00:84:4A:10,Unknown,-100,3,
23:06:18,Idoom 4G_DE8C3,5C:4D:BF:6D:E8:C3,Unknown,-100,0,
23:06:18,Idoom 4G_EA51A,54:1F:8D:8E:A5:1A,Unknown,-100,3,
23:06:18,Idoom 4G_1FCFA,54:1F:8D:F1:FC:FA,Unknown,-100,0,
23:06:19,Idoom 4G_EA51A,00:00:00:84:4A:10,Unknown,-100,3,
23:06:19,Idoom 4G_DE8C3,5C:4D:BF:6D:E8:C3,Unknown,-100,0,
23:06:19,Idoom 4G_EA51A,54:1F:8D:8E:A5:1A,Unknown,-100,3,
23:06:19,Idoom 4G_1FCFA,54:1F:8D:F1:FC:FA,Unknown,-100,0,
23:06:21,Idoom 4G_EA51A,00:00:00:84:4A:10,Unknown,-100,3,
23:06:21,Idoom 4G_DE8C3,5C:4D:BF:6D:E8:C3,Unknown,-100,0,
23:06:21,Idoom 4G_EA51A,54:1F:8D:8E:A5:1A,Unknown,-100,3,
23:06:21,Idoom 4G_1FCFA,54:1F:8D:F1:FC:FA,Unknown,-100,0,
23:06:22,Idoom 4G_EA51A,00:00:00:84:4A:10,Unknown,-100,3,
23:06:22,Idoom 4G_DE8C3,5C:4D:BF:6D:E8:C3,Unknown,-100,0,
23:06:22,Idoom 4G_EA51A,54:1F:8D:8E:A5:1A,Unknown,-100,3,
23:06:22,Idoom 4G_1FCFA,54:1F:8D:F1:FC:FA,Unknown,-100,0,
23:06:22,Idoom 4G_EA51A,00:00:00:C8:E6:B4,Unknown,-100,0,
23:06:24,Idoom 4G_EA51A,00:00:00:84:4A:10,Unknown,-100,3,
23:06:24,Idoom 4G_DE8C3,5C:4D:BF:6D:E8:C3,Unknown,-100,0,
23:06:24,Idoom 4G_EA51A,54:1F:8D:8E:A5:1A,Unknown,-100,3,
23:06:24,Idoom 4G_1FCFA,54:1F:8D:F1:FC:FA,Unknown,-100,0,
23:06:24,Idoom 4G_EA51A,00:00:00:C8:E6:B4,Unknown,-100,3,
23:06:25,Idoom 4G_EA51A,00:00:00:84:4A:10,Unknown,-100,3,
23:06:25,Idoom 4G_DE8C3,5C:4D:BF:6D:E8:C3,Unknown,-100,0,
23:06:25,Idoom 4G_EA51A,54:1F:8D:8E:A5:1A,Unknown,-100,3,
23:06:25,Idoom 4G_1FCFA,54:1F:8D:F1:FC:FA,Unknown,-100,0,
23:06:25,Idoom 4G_EA51A,00:00:00:C8:E6:B4,Unknown,-100,3,
23:06:27,Idoom 4G_EA51A,00:00:00:84:4A:10,Unknown,-100,3,
23:06:27,Idoom 4G_DE8C3,5C:4D:BF:6D:E8:C3,Unknown,-100,0,
23:06:27,Idoom 4G_EA51A,54:1F:8D:8E:A5:1A,Unknown,-100,3,
23:06:27,Idoom 4G_1FCFA,54:1F:8D:F1:FC:FA,Unknown,-100,0,
23:06:27,Idoom 4G_EA51A,00:00:00:C8:E6:B4,Unknown,-100,3,
23:06:28,Idoom 4G_EA51A,00:00:00:84:4A:10,Unknown,-100,3,
23:06:28,Idoom 4G_DE8C3,5C:4D:BF:6D:E8:C3,Unknown,-100,0,
23:06:28,Idoom 4G_EA51A,54:1F:8D:8E:A5:1A,Unknown,-100,3,
23:06:28,Idoom 4G_1FCFA,54:1F:8D:F1:FC:FA,Unknown,-100,0,
23:06:28,Idoom 4G_EA51A,00:00:00:C8:E6:B4,Unknown,-100,3,
23:06:30,Idoom 4G_EA51A,00:00:00:84:4A:10,Unknown,-100,3,
23:06:30,Idoom 4G_DE8C3,5C:4D:BF:6D:E8:C3,Unknown,-100,0,
23:06:30,Idoom 4G_EA51A,54:1F:8D:8E:A5:1A,Unknown,-100,3,
23:06:30,Idoom 4G_1FCFA,54:1F:8D:F1:FC:FA,Unknown,-100,0,
23:06:30,Idoom 4G_EA51A,00:00:00:C8:E6:B4,Unknown,-100,3,
23:06:31,Idoom 4G_EA51A,00:00:00:84:4A:10,Unknown,-100,3,
23:06:31,Idoom 4G_DE8C3,5C:4D:BF:6D:E8:C3,Unknown,-100,0,
23:06:31,Idoom 4G_EA51A,54:1F:8D:8E:A5:1A,Unknown,-100,3,
23:06:31,Idoom 4G_1FCFA,54:1F:8D:F1:FC:FA,Unknown,-100,0,
23:06:31,Idoom 4G_EA51A,00:00:00:C8:E6:B4,Unknown,-100,3,
23:06:33,Idoom 4G_EA51A,00:00:00:84:4A:10,Unknown,-100,3,
23:06:33,Idoom 4G_DE8C3,5C:4D:BF:6D:E8:C3,Unknown,-100,0,
23:06:33,Idoom 4G_EA51A,54:1F:8D:8E:A5:1A,Unknown,-100,3,
23:06:33,Idoom 4G_1FCFA,54:1F:8D:F1:FC:FA,Unknown,-100,0,
23:06:33,Idoom 4G_EA51A,00:00:00:C8:E6:B4,Unknown,-100,3,
23:06:34,Idoom 4G_EA51A,00:00:00:84:4A:10,Unknown,-100,3,
23:06:34,Idoom 4G_DE8C3,5C:4D:BF:6D:E8:C3,Unknown,-100,0,
23:06:34,Idoom 4G_EA51A,54:1F:8D:8E:A5:1A,Unknown,-100,3,
23:06:34,Idoom 4G_1FCFA,54:1F:8D:F1:FC:FA,Unknown,-100,0,
23:06:34,Idoom 4G_EA51A,00:00:00:C8:E6:B4,Unknown,-100,3,
23:06:36,Idoom 4G_DE8C3,5C:4D:BF:6D:E8:C3,Unknown,-100,0,
23:06:36,Idoom 4G_EA51A,54:1F:8D:8E:A5:1A,Unknown,-100,3,
23:06:36,Idoom 4G_1FCFA,54:1F:8D:F1:FC:FA,Unknown,-100,0,
23:06:36,Idoom 4G_EA51A,00:00:00:C8:E6:B4,Unknown,-100,3,
23:06:37,Idoom 4G_DE8C3,5C:4D:BF:6D:E8:C3,Unknown,-100,0,
23:06:37,Idoom 4G_EA51A,54:1F:8D:8E:A5:1A,Unknown,-100,3,
23:06:37,Idoom 4G_1FCFA,54:1F:8D:F1:FC:FA,Unknown,-100,0,
23:06:37,Idoom 4G_EA51A,00:00:00:C8:E6:B4,Unknown,-100,3,
23:06:39,Idoom 4G_DE8C3,5C:4D:BF:6D:E8:C3,Unknown,-100,0,
23:06:39,Idoom 4G_EA51A,54:1F:8D:8E:A5:1A,Unknown,-100,3,
23:06:39,Idoom 4G_1FCFA,54:1F:8D:F1:FC:FA,Unknown,-100,0,
23:06:39,Idoom 4G_EA51A,00:00:00:C8:E6:B4,Unknown,-100,3,
23:06:40,Idoom 4G_DE8C3,5C:4D:BF:6D:E8:C3,Unknown,-100,0,
23:06:40,Idoom 4G_EA51A,54:1F:8D:8E:A5:1A,Unknown,-100,3,
23:06:40,Idoom 4G_1FCFA,54:1F:8D:F1:FC:FA,Unknown,-100,0,
23:06:40,Idoom 4G_EA51A,00:00:00:C8:E6:B4,Unknown,-100,3,
23:06:42,Idoom 4G_DE8C3,5C:4D:BF:6D:E8:C3,Unknown,-100,0,
23:06:42,Idoom 4G_EA51A,54:1F:8D:8E:A5:1A,Unknown,-100,3,
23:06:42,Idoom 4G_1FCFA,54:1F:8D:F1:FC:FA,Unknown,-100,0,
23:06:42,Idoom 4G_EA51A,00:00:00:C8:E6:B4,Unknown,-100,3,
23:06:43,Idoom 4G_DE8C3,5C:4D:BF:6D:E8:C3,Unknown,-100,0,
23:06:43,Idoom 4G_EA51A,54:1F:8D:8E:A5:1A,Unknown,-100,3,
23:06:43,Idoom 4G_1FCFA,54:1F:8D:F1:FC:FA,Unknown,-100,0,
23:06:43,Idoom 4G_EA51A,00:00:00:C8:E6:B4,Unknown,-100,3,
23:06:45,Idoom 4G_DE8C3,5C:4D:BF:6D:E8:C3,Unknown,-100,0,
23:06:45,Idoom 4G_EA51A,54:1F:8D:8E:A5:1A,Unknown,-100,3,
23:06:45,Idoom 4G_1FCFA,54:1F:8D:F1:FC:FA,Unknown,-100,0,
23:06:45,Idoom 4G_EA51A,00:00:00:C8:E6:B4,Unknown,-100,3,
23:06:46,Idoom 4G_DE8C3,5C:4D:BF:6D:E8:C3,Unknown,-100,0,
23:06:46,Idoom 4G_EA51A,54:1F:8D:8E:A5:1A,Unknown,-100,3,
23:06:46,Idoom 4G_1FCFA,54:1F:8D:F1:FC:FA,Unknown,-100,0,
23:06:46,Idoom 4G_EA51A,00:00:00:C8:E6:B4,Unknown,-100,3,
23:06:48,Idoom 4G_DE8C3,5C:4D:BF:6D:E8:C3,Unknown,-100,0,
23:06:48,Idoom 4G_EA51A,54:1F:8D:8E:A5:1A,Unknown,-100,3,
23:06:48,Idoom 4G_1FCFA,54:1F:8D:F1:FC:FA,Unknown,-100,0,
23:06:48,Idoom 4G_EA51A,00:00:00:C8:E6:B4,Unknown,-100,3,
23:06:49,Idoom 4G_DE8C3,5C:4D:BF:6D:E8:C3,Unknown,-100,0,
23:06:49,Idoom 4G_EA51A,54:1F:8D:8E:A5:1A,Unknown,-100,3,
23:06:49,Idoom 4G_1FCFA,54:1F:8D:F1:FC:FA,Unknown,-100,0,
23:06:49,Idoom 4G_EA51A,00:00:00:C8:E6:B4,Unknown,-100,3,
23:06:51,Idoom 4G_DE8C3,5C:4D:BF:6D:E8:C3,Unknown,-100,0,
23:06:51,Idoom 4G_EA51A,54:1F:8D:8E:A5:1A,Unknown,-100,3,
23:06:51,Idoom 4G_1FCFA,54:1F:8D:F1:FC:FA,Unknown,-100,0,
23:06:51,Idoom 4G_EA51A,00:00:00:C8:E6:B4,Unknown,-100,3,
23:06:52,Idoom 4G_DE8C3,5C:4D:BF:6D:E8:C3,Unknown,-100,0,
23:06:52,Idoom 4G_EA51A,54:1F:8D:8E:A5:1A,Unknown,-100,3,
23:06:52,Idoom 4G_1FCFA,54:1F:8D:F1:FC:FA,Unknown,-100,0,
23:06:52,Idoom 4G_EA51A,00:00:00:C8:E6:B4,Unknown,-100,3,
23:06:54,Idoom 4G_DE8C3,5C:4D:BF:6D:E8:C3,Unknown,-100,0,
23:06:54,Idoom 4G_EA51A,54:1F:8D:8E:A5:1A,Unknown,-100,3,
23:06:54,Idoom 4G_1FCFA,54:1F:8D:F1:FC:FA,Unknown,-100,0,
23:06:54,Idoom 4G_EA51A,00:00:00:C8:E6:B4,Unknown,-100,3,
23:06:55,Idoom 4G_DE8C3,5C:4D:BF:6D:E8:C3,Unknown,-100,0,
23:06:55,Idoom 4G_EA51A,54:1F:8D:8E:A5:1A,Unknown,-100,3,
23:06:55,Idoom 4G_1FCFA,54:1F:8D:F1:FC:FA,Unknown,-100,0,
23:06:55,Idoom 4G_EA51A,00:00:00:C8:E6:B4,Unknown,-100,3,
23:06:57,Idoom 4G_DE8C3,5C:4D:BF:6D:E8:C3,Unknown,-100,0,
23:06:57,Idoom 4G_EA51A,54:1F:8D:8E:A5:1A,Unknown,-100,3,
23:06:57,Idoom 4G_1FCFA,54:1F:8D:F1:FC:FA,Unknown,-100,0,
23:06:57,Idoom 4G_EA51A,00:00:00:C8:E6:B4,Unknown,-100,3,
23:06:58,Idoom 4G_DE8C3,5C:4D:BF:6D:E8:C3,Unknown,-100,0,
23:06:58,Idoom 4G_EA51A,54:1F:8D:8E:A5:1A,Unknown,-100,3,
23:06:58,Idoom 4G_1FCFA,54:1F:8D:F1:FC:FA,Unknown,-100,0,
23:06:58,Idoom 4G_EA51A,00:00:00:C8:E6:B4,Unknown,-100,3,
23:07:00,Idoom 4G_DE8C3,5C:4D:BF:6D:E8:C3,Unknown,-100,0,
23:07:00,Idoom 4G_EA51A,54:1F:8D:8E:A5:1A,Unknown,-100,3,
23:07:00,Idoom 4G_1FCFA,54:1F:8D:F1:FC:FA,Unknown,-100,0,
23:07:00,Idoom 4G_EA51A,00:00:00:C8:E6:B4,Unknown,-100,3,
23:07:01,Idoom 4G_DE8C3,5C:4D:BF:6D:E8:C3,Unknown,-100,0,
23:07:01,Idoom 4G_EA51A,54:1F:8D:8E:A5:1A,Unknown,-100,3,
23:07:01,Idoom 4G_1FCFA,54:1F:8D:F1:FC:FA,Unknown,-100,0,
23:07:01,Idoom 4G_EA51A,00:00:00:C8:E6:B4,Unknown,-100,3,
23:07:03,Idoom 4G_DE8C3,5C:4D:BF:6D:E8:C3,Unknown,-100,0,
23:07:03,Idoom 4G_EA51A,54:1F:8D:8E:A5:1A,Unknown,-100,3,
23:07:03,Idoom 4G_1FCFA,54:1F:8D:F1:FC:FA,Unknown,-100,0,
23:07:03,Idoom 4G_EA51A,00:00:00:C8:E6:B4,Unknown,-100,3,
23:07:04,Idoom 4G_DE8C3,5C:4D:BF:6D:E8:C3,Unknown,-100,0,
23:07:04,Idoom 4G_EA51A,54:1F:8D:8E:A5:1A,Unknown,-100,3,
23:07:04,Idoom 4G_1FCFA,54:1F:8D:F1:FC:FA,Unknown,-100,0,
23:07:04,Idoom 4G_EA51A,00:00:00:C8:E6:B4,Unknown,-100,3,
23:07:06,Idoom 4G_DE8C3,5C:4D:BF:6D:E8:C3,Unknown,-100,0,
23:07:06,Idoom 4G_EA51A,54:1F:8D:8E:A5:1A,Unknown,-100,3,
23:07:06,Idoom 4G_1FCFA,54:1F:8D:F1:FC:FA,Unknown,-100,0,
23:07:06,Idoom 4G_EA51A,00:00:00:C8:E6:B4,Unknown,-100,3,
23:07:07,Idoom 4G_DE8C3,5C:4D:BF:6D:E8:C3,Unknown,-100,0,
23:07:07,Idoom 4G_EA51A,54:1F:8D:8E:A5:1A,Unknown,-100,3,
23:07:07,Idoom 4G_1FCFA,54:1F:8D:F1:FC:FA,Unknown,-100,0,
23:07:07,Idoom 4G_EA51A,00:00:00:C8:E6:B4,Unknown,-100,3,
23:07:09,Idoom 4G_DE8C3,5C:4D:BF:6D:E8:C3,Unknown,-100,0,
23:07:09,Idoom 4G_EA51A,54:1F:8D:8E:A5:1A,Unknown,-100,3,
23:07:09,Idoom 4G_1FCFA,54:1F:8D:F1:FC:FA,Unknown,-100,0,
23:07:09,Idoom 4G_EA51A,00:00:00:C8:E6:B4,Unknown,-100,3,
23:07:10,Idoom 4G_DE8C3,5C:4D:BF:6D:E8:C3,Unknown,-100,0,
23:07:10,Idoom 4G_EA51A,54:1F:8D:8E:A5:1A,Unknown,-100,3,
23:07:10,Idoom 4G_1FCFA,54:1F:8D:F1:FC:FA,Unknown,-100,0,
23:07:10,Idoom 4G_EA51A,00:00:00:C8:E6:B4,Unknown,-100,3,
23:07:12,Idoom 4G_DE8C3,5C:4D:BF:6D:E8:C3,Unknown,-100,0,
23:07:12,Idoom 4G_EA51A,54:1F:8D:8E:A5:1A,Unknown,-100,3,
23:07:12,Idoom 4G_1FCFA,54:1F:8D:F1:FC:FA,Unknown,-100,0,
23:07:12,Idoom 4G_EA51A,00:00:00:C8:E6:B4,Unknown,-100,3,
23:07:13,Idoom 4G_DE8C3,5C:4D:BF:6D:E8:C3,Unknown,-100,0,
23:07:13,Idoom 4G_EA51A,54:1F:8D:8E:A5:1A,Unknown,-100,3,
23:07:13,Idoom 4G_1FCFA,54:1F:8D:F1:FC:FA,Unknown,-100,0,
23:07:13,Idoom 4G_EA51A,00:00:00:C8:E6:B4,Unknown,-100,3,
23:07:15,Idoom 4G_DE8C3,5C:4D:BF:6D:E8:C3,Unknown,-100,0,
23:07:15,Idoom 4G_EA51A,54:1F:8D:8E:A5:1A,Unknown,-100,3,
23:07:15,Idoom 4G_1FCFA,54:1F:8D:F1:FC:FA,Unknown,-100,0,
23:07:15,Idoom 4G_EA51A,00:00:00:C8:E6:B4,Unknown,-100,3,
23:07:16,Idoom 4G_DE8C3,5C:4D:BF:6D:E8:C3,Unknown,-100,0,
23:07:16,Idoom 4G_EA51A,54:1F:8D:8E:A5:1A,Unknown,-100,3,
23:07:16,Idoom 4G_1FCFA,54:1F:8D:F1:FC:FA,Unknown,-100,0,
23:07:16,Idoom 4G_EA51A,00:00:00:C8:E6:B4,Unknown,-100,3,
23:07:18,Idoom 4G_DE8C3,5C:4D:BF:6D:E8:C3,Unknown,-100,0,
23:07:18,Idoom 4G_EA51A,54:1F:8D:8E:A5:1A,Unknown,-100,3,
23:07:18,Idoom 4G_1FCFA,54:1F:8D:F1:FC:FA,Unknown,-100,0,
23:07:18,Idoom 4G_EA51A,00:00:00:C8:E6:B4,Unknown,-100,3,
23:07:19,Idoom 4G_DE8C3,5C:4D:BF:6D:E8:C3,Unknown,-100,0,
23:07:19,Idoom 4G_EA51A,54:1F:8D:8E:A5:1A,Unknown,-100,3,
23:07:19,Idoom 4G_1FCFA,54:1F:8D:F1:FC:FA,Unknown,-100,0,
23:07:19,Idoom 4G_EA51A,00:00:00:C8:E6:B4,Unknown,-100,3,
23:07:21,Idoom 4G_DE8C3,5C:4D:BF:6D:E8:C3,Unknown,-100,0,
23:07:21,Idoom 4G_EA51A,54:1F:8D:8E:A5:1A,Unknown,-100,3,
23:07:21,Idoom 4G_1FCFA,54:1F:8D:F1:FC:FA,Unknown,-100,0,
23:07:21,Idoom 4G_EA51A,00:00:00:C8:E6:B4,Unknown,-100,3,
23:07:22,Idoom 4G_DE8C3,5C:4D:BF:6D:E8:C3,Unknown,-100,0,
23:07:22,Idoom 4G_EA51A,54:1F:8D:8E:A5:1A,Unknown,-100,3,
23:07:22,Idoom 4G_1FCFA,54:1F:8D:F1:FC:FA,Unknown,-100,0,
23:07:22,Idoom 4G_EA51A,00:00:00:C8:E6:B4,Unknown,-100,3,
23:07:24,Idoom 4G_DE8C3,5C:4D:BF:6D:E8:C3,Unknown,-100,0,
23:07:24,Idoom 4G_EA51A,54:1F:8D:8E:A5:1A,Unknown,-100,3,
23:07:24,Idoom 4G_1FCFA,54:1F:8D:F1:FC:FA,Unknown,-100,0,
23:07:24,Idoom 4G_EA51A,00:00:00:C8:E6:B4,Unknown,-100,3,
23:07:25,Idoom 4G_DE8C3,5C:4D:BF:6D:E8:C3,Unknown,-100,0,
23:07:25,Idoom 4G_EA51A,54:1F:8D:8E:A5:1A,Unknown,-100,3,
23:07:25,Idoom 4G_1FCFA,54:1F:8D:F1:FC:FA,Unknown,-100,0,
23:07:25,Idoom 4G_EA51A,00:00:00:C8:E6:B4,Unknown,-100,3,
23:07:27,Idoom 4G_DE8C3,5C:4D:BF:6D:E8:C3,Unknown,-100,0,
23:07:27,Idoom 4G_EA51A,54:1F:8D:8E:A5:1A,Unknown,-100,3,
23:07:27,Idoom 4G_1FCFA,54:1F:8D:F1:FC:FA,Unknown,-100,0,
23:07:27,Idoom 4G_EA51A,00:00:00:C8:E6:B4,Unknown,-100,3,
23:07:28,Idoom 4G_DE8C3,5C:4D:BF:6D:E8:C3,Unknown,-100,0,
23:07:28,Idoom 4G_EA51A,54:1F:8D:8E:A5:1A,Unknown,-100,3,
23:07:28,Idoom 4G_1FCFA,54:1F:8D:F1:FC:FA,Unknown,-100,0,
23:07:28,Idoom 4G_EA51A,00:00:00:C8:E6:B4,Unknown,-100,3,
23:07:30,Idoom 4G_DE8C3,5C:4D:BF:6D:E8:C3,Unknown,-100,0,
23:07:30,Idoom 4G_EA51A,54:1F:8D:8E:A5:1A,Unknown,-100,3,
23:07:30,Idoom 4G_1FCFA,54:1F:8D:F1:FC:FA,Unknown,-100,0,
23:07:30,Idoom 4G_EA51A,00:00:00:C8:E6:B4,Unknown,-100,3,
23:07:31,Idoom 4G_EA51A,54:1F:8D:8E:A5:1A,Unknown,-100,3,
23:07:31,Idoom 4G_1FCFA,54:1F:8D:F1:FC:FA,Unknown,-100,0,
23:07:31,Idoom 4G_EA51A,00:00:00:C8:E6:B4,Unknown,-100,3,
23:07:31,Idoom 4G_DE8C3,5C:4D:BF:6D:E8:C3,Unknown,-100,0,
23:07:33,Idoom 4G_EA51A,54:1F:8D:8E:A5:1A,Unknown,-100,3,
23:07:33,Idoom 4G_1FCFA,54:1F:8D:F1:FC:FA,Unknown,-100,0,
23:07:33,Idoom 4G_EA51A,00:00:00:C8:E6:B4,Unknown,-100,3,
23:07:33,Idoom 4G_DE8C3,5C:4D:BF:6D:E8:C3,Unknown,-100,0,
23:07:34,Idoom 4G_EA51A,54:1F:8D:8E:A5:1A,Unknown,-100,3,
23:07:34,Idoom 4G_1FCFA,54:1F:8D:F1:FC:FA,Unknown,-100,0,
23:07:34,Idoom 4G_EA51A,00:00:00:C8:E6:B4,Unknown,-100,3,
23:07:34,Idoom 4G_DE8C3,5C:4D:BF:6D:E8:C3,Unknown,-100,0,
23:07:36,Idoom 4G_EA51A,54:1F:8D:8E:A5:1A,Unknown,-100,3,
23:07:36,Idoom 4G_1FCFA,54:1F:8D:F1:FC:FA,Unknown,-100,0,
23:07:36,Idoom 4G_EA51A,00:00:00:C8:E6:B4,Unknown,-100,3,
23:07:36,Idoom 4G_DE8C3,5C:4D:BF:6D:E8:C3,Unknown,-100,0,
23:07:37,Idoom 4G_EA51A,54:1F:8D:8E:A5:1A,Unknown,-100,3,
23:07:37,Idoom 4G_1FCFA,54:1F:8D:F1:FC:FA,Unknown,-100,0,
23:07:37,Idoom 4G_EA51A,00:00:00:C8:E6:B4,Unknown,-100,3,
23:07:37,Idoom 4G_DE8C3,5C:4D:BF:6D:E8:C3,Unknown,-100,0,
23:07:39,Idoom 4G_EA51A,54:1F:8D:8E:A5:1A,Unknown,-100,3,
23:07:39,Idoom 4G_1FCFA,54:1F:8D:F1:FC:FA,Unknown,-100,0,
23:07:39,Idoom 4G_EA51A,00:00:00:C8:E6:B4,Unknown,-100,3,
23:07:39,Idoom 4G_DE8C3,5C:4D:BF:6D:E8:C3,Unknown,-100,0,
23:07:40,Idoom 4G_EA51A,54:1F:8D:8E:A5:1A,Unknown,-100,3,
23:07:40,Idoom 4G_1FCFA,54:1F:8D:F1:FC:FA,Unknown,-100,0,
23:07:40,Idoom 4G_EA51A,00:00:00:C8:E6:B4,Unknown,-100,3,
23:07:40,Idoom 4G_DE8C3,5C:4D:BF:6D:E8:C3,Unknown,-100,0,
23:07:42,Idoom 4G_EA51A,54:1F:8D:8E:A5:1A,Unknown,-100,3,
23:07:42,Idoom 4G_1FCFA,54:1F:8D:F1:FC:FA,Unknown,-100,0,
23:07:42,Idoom 4G_EA51A,00:00:00:C8:E6:B4,Unknown,-100,3,
23:07:42,Idoom 4G_DE8C3,5C:4D:BF:6D:E8:C3,Unknown,-100,0,
23:07:43,Idoom 4G_EA51A,54:1F:8D:8E:A5:1A,Unknown,-100,3,
23:07:43,Idoom 4G_1FCFA,54:1F:8D:F1:FC:FA,Unknown,-100,0,
23:07:43,Idoom 4G_EA51A,00:00:00:C8:E6:B4,Unknown,-100,3,
23:07:43,Idoom 4G_DE8C3,5C:4D:BF:6D:E8:C3,Unknown,-100,0,
23:07:45,Idoom 4G_EA51A,54:1F:8D:8E:A5:1A,Unknown,-100,3,
23:07:45,Idoom 4G_1FCFA,54:1F:8D:F1:FC:FA,Unknown,-100,0,
23:07:45,Idoom 4G_EA51A,00:00:00:C8:E6:B4,Unknown,-100,3,
23:07:45,Idoom 4G_DE8C3,5C:4D:BF:6D:E8:C3,Unknown,-100,0,
23:07:46,Idoom 4G_EA51A,54:1F:8D:8E:A5:1A,Unknown,-100,3,
23:07:46,Idoom 4G_1FCFA,54:1F:8D:F1:FC:FA,Unknown,-100,0,
23:07:46,Idoom 4G_EA51A,00:00:00:C8:E6:B4,Unknown,-100,3,
23:07:46,Idoom 4G_DE8C3,5C:4D:BF:6D:E8:C3,Unknown,-100,0,
23:07:48,Idoom 4G_EA51A,54:1F:8D:8E:A5:1A,Unknown,-100,3,
23:07:48,Idoom 4G_1FCFA,54:1F:8D:F1:FC:FA,Unknown,-100,0,
23:07:48,Idoom 4G_EA51A,00:00:00:C8:E6:B4,Unknown,-100,3,
23:07:48,Idoom 4G_DE8C3,5C:4D:BF:6D:E8:C3,Unknown,-100,0,
23:07:49,Idoom 4G_EA51A,54:1F:8D:8E:A5:1A,Unknown,-100,3,
23:07:49,Idoom 4G_1FCFA,54:1F:8D:F1:FC:FA,Unknown,-100,0,
23:07:49,Idoom 4G_EA51A,00:00:00:C8:E6:B4,Unknown,-100,3,
23:07:49,Idoom 4G_DE8C3,5C:4D:BF:6D:E8:C3,Unknown,-100,0,
23:07:51,Idoom 4G_EA51A,54:1F:8D:8E:A5:1A,Unknown,-100,3,
23:07:51,Idoom 4G_1FCFA,54:1F:8D:F1:FC:FA,Unknown,-100,0,
23:07:51,Idoom 4G_EA51A,00:00:00:C8:E6:B4,Unknown,-100,3,
23:07:51,Idoom 4G_DE8C3,5C:4D:BF:6D:E8:C3,Unknown,-100,0,
23:07:52,Idoom 4G_EA51A,54:1F:8D:8E:A5:1A,Unknown,-100,3,
23:07:52,Idoom 4G_1FCFA,54:1F:8D:F1:FC:FA,Unknown,-100,0,
23:07:52,Idoom 4G_EA51A,00:00:00:C8:E6:B4,Unknown,-100,3,
23:07:52,Idoom 4G_DE8C3,5C:4D:BF:6D:E8:C3,Unknown,-100,0,
23:07:54,Idoom 4G_EA51A,54:1F:8D:8E:A5:1A,Unknown,-100,3,
23:07:54,Idoom 4G_1FCFA,54:1F:8D:F1:FC:FA,Unknown,-100,0,
23:07:54,Idoom 4G_EA51A,00:00:00:C8:E6:B4,Unknown,-100,3,
23:07:54,Idoom 4G_DE8C3,5C:4D:BF:6D:E8:C3,Unknown,-100,0,
23:07:55,Idoom 4G_EA51A,54:1F:8D:8E:A5:1A,Unknown,-100,3,
23:07:55,Idoom 4G_1FCFA,54:1F:8D:F1:FC:FA,Unknown,-100,0,
23:07:55,Idoom 4G_EA51A,00:00:00:C8:E6:B4,Unknown,-100,3,
23:07:55,Idoom 4G_DE8C3,5C:4D:BF:6D:E8:C3,Unknown,-100,0,
23:07:57,Idoom 4G_EA51A,54:1F:8D:8E:A5:1A,Unknown,-100,3,
23:07:57,Idoom 4G_1FCFA,54:1F:8D:F1:FC:FA,Unknown,-100,0,
23:07:57,Idoom 4G_EA51A,00:00:00:C8:E6:B4,Unknown,-100,3,
23:07:57,Idoom 4G_DE8C3,5C:4D:BF:6D:E8:C3,Unknown,-100,0,
23:07:58,Idoom 4G_EA51A,54:1F:8D:8E:A5:1A,Unknown,-100,3,
23:07:58,Idoom 4G_1FCFA,54:1F:8D:F1:FC:FA,Unknown,-100,0,
23:07:58,Idoom 4G_EA51A,00:00:00:C8:E6:B4,Unknown,-100,3,
23:07:58,Idoom 4G_DE8C3,5C:4D:BF:6D:E8:C3,Unknown,-100,0,
23:08:00,Idoom 4G_EA51A,54:1F:8D:8E:A5:1A,Unknown,-100,3,
23:08:00,Idoom 4G_1FCFA,54:1F:8D:F1:FC:FA,Unknown,-100,0,
23:08:00,Idoom 4G_EA51A,00:00:00:C8:E6:B4,Unknown,-100,3,
23:08:00,Idoom 4G_DE8C3,5C:4D:BF:6D:E8:C3,Unknown,-100,0,
23:08:01,Idoom 4G_EA51A,54:1F:8D:8E:A5:1A,Unknown,-100,3,
23:08:01,Idoom 4G_1FCFA,54:1F:8D:F1:FC:FA,Unknown,-100,0,
23:08:01,Idoom 4G_EA51A,00:00:00:C8:E6:B4,Unknown,-100,3,
23:08:01,Idoom 4G_DE8C3,5C:4D:BF:6D:E8:C3,Unknown,-100,0,
23:08:03,Idoom 4G_EA51A,54:1F:8D:8E:A5:1A,Unknown,-100,3,
23:08:03,Idoom 4G_1FCFA,54:1F:8D:F1:FC:FA,Unknown,-100,0,
23:08:03,Idoom 4G_EA51A,00:00:00:C8:E6:B4,Unknown,-100,3,
23:08:03,Idoom 4G_DE8C3,5C:4D:BF:6D:E8:C3,Unknown,-100,0,
23:08:04,Idoom 4G_EA51A,54:1F:8D:8E:A5:1A,Unknown,-100,3,
23:08:04,Idoom 4G_1FCFA,54:1F:8D:F1:FC:FA,Unknown,-100,0,
23:08:04,Idoom 4G_EA51A,00:00:00:C8:E6:B4,Unknown,-100,3,
23:08:04,Idoom 4G_DE8C3,5C:4D:BF:6D:E8:C3,Unknown,-100,0,
23:08:06,Idoom 4G_EA51A,54:1F:8D:8E:A5:1A,Unknown,-100,3,
23:08:06,Idoom 4G_1FCFA,54:1F:8D:F1:FC:FA,Unknown,-100,0,
23:08:06,Idoom 4G_EA51A,00:00:00:C8:E6:B4,Unknown,-100,3,
23:08:06,Idoom 4G_DE8C3,5C:4D:BF:6D:E8:C3,Unknown,-100,0,
23:08:07,Idoom 4G_EA51A,54:1F:8D:8E:A5:1A,Unknown,-100,3,
23:08:07,Idoom 4G_1FCFA,54:1F:8D:F1:FC:FA,Unknown,-100,0,
23:08:07,Idoom 4G_EA51A,00:00:00:C8:E6:B4,Unknown,-100,3,
23:08:07,Idoom 4G_DE8C3,5C:4D:BF:6D:E8:C3,Unknown,-100,0,
23:08:09,Idoom 4G_EA51A,54:1F:8D:8E:A5:1A,Unknown,-100,3,
23:08:09,Idoom 4G_1FCFA,54:1F:8D:F1:FC:FA,Unknown,-100,0,
23:08:09,Idoom 4G_EA51A,00:00:00:C8:E6:B4,Unknown,-100,3,
23:08:09,Idoom 4G_DE8C3,5C:4D:BF:6D:E8:C3,Unknown,-100,0,
23:08:10,Idoom 4G_EA51A,54:1F:8D:8E:A5:1A,Unknown,-100,3,
23:08:10,Idoom 4G_1FCFA,54:1F:8D:F1:FC:FA,Unknown,-100,0,
23:08:10,Idoom 4G_EA51A,00:00:00:C8:E6:B4,Unknown,-100,3,
23:08:10,Idoom 4G_DE8C3,5C:4D:BF:6D:E8:C3,Unknown,-100,0,
23:08:12,Idoom 4G_EA51A,54:1F:8D:8E:A5:1A,Unknown,-100,3,
23:08:12,Idoom 4G_1FCFA,54:1F:8D:F1:FC:FA,Unknown,-100,0,
23:08:12,Idoom 4G_EA51A,00:00:00:C8:E6:B4,Unknown,-100,3,
23:08:12,Idoom 4G_DE8C3,5C:4D:BF:6D:E8:C3,Unknown,-100,0,
23:08:13,Idoom 4G_EA51A,54:1F:8D:8E:A5:1A,Unknown,-100,3,
23:08:13,Idoom 4G_1FCFA,54:1F:8D:F1:FC:FA,Unknown,-100,0,
23:08:13,Idoom 4G_EA51A,00:00:00:C8:E6:B4,Unknown,-100,3,
23:08:13,Idoom 4G_DE8C3,5C:4D:BF:6D:E8:C3,Unknown,-100,0,
23:08:15,Idoom 4G_EA51A,54:1F:8D:8E:A5:1A,Unknown,-100,3,
23:08:15,Idoom 4G_1FCFA,54:1F:8D:F1:FC:FA,Unknown,-100,0,
23:08:15,Idoom 4G_EA51A,00:00:00:C8:E6:B4,Unknown,-100,3,
23:08:15,Idoom 4G_DE8C3,5C:4D:BF:6D:E8:C3,Unknown,-100,0,
23:08:16,Idoom 4G_EA51A,54:1F:8D:8E:A5:1A,Unknown,-100,3,
23:08:16,Idoom 4G_1FCFA,54:1F:8D:F1:FC:FA,Unknown,-100,0,
23:08:16,Idoom 4G_EA51A,00:00:00:C8:E6:B4,Unknown,-100,3,
23:08:16,Idoom 4G_DE8C3,5C:4D:BF:6D:E8:C3,Unknown,-100,0,
23:08:18,Idoom 4G_EA51A,54:1F:8D:8E:A5:1A,Unknown,-100,3,
23:08:18,Idoom 4G_1FCFA,54:1F:8D:F1:FC:FA,Unknown,-100,0,
23:08:18,Idoom 4G_EA51A,00:00:00:C8:E6:B4,Unknown,-100,3,
23:08:18,Idoom 4G_DE8C3,5C:4D:BF:6D:E8:C3,Unknown,-100,0,
23:08:19,Idoom 4G_EA51A,54:1F:8D:8E:A5:1A,Unknown,-100,3,
23:08:19,Idoom 4G_1FCFA,54:1F:8D:F1:FC:FA,Unknown,-100,0,
23:08:19,Idoom 4G_EA51A,00:00:00:C8:E6:B4,Unknown,-100,3,
23:08:19,Idoom 4G_DE8C3,5C:4D:BF:6D:E8:C3,Unknown,-100,0,
23:08:21,Idoom 4G_EA51A,54:1F:8D:8E:A5:1A,Unknown,-100,3,
23:08:21,Idoom 4G_1FCFA,54:1F:8D:F1:FC:FA,Unknown,-100,0,
23:08:21,Idoom 4G_EA51A,00:00:00:C8:E6:B4,Unknown,-100,3,
23:08:21,Idoom 4G_DE8C3,5C:4D:BF:6D:E8:C3,Unknown,-100,0,
23:08:22,Idoom 4G_EA51A,54:1F:8D:8E:A5:1A,Unknown,-100,3,
23:08:22,Idoom 4G_1FCFA,54:1F:8D:F1:FC:FA,Unknown,-100,0,
23:08:22,Idoom 4G_EA51A,00:00:00:C8:E6:B4,Unknown,-100,3,
23:08:22,Idoom 4G_DE8C3,5C:4D:BF:6D:E8:C3,Unknown,-100,0,
23:08:24,Idoom 4G_EA51A,54:1F:8D:8E:A5:1A,Unknown,-100,3,
23:08:24,Idoom 4G_1FCFA,54:1F:8D:F1:FC:FA,Unknown,-100,0,
23:08:24,Idoom 4G_EA51A,00:00:00:C8:E6:B4,Unknown,-100,3,
23:08:24,Idoom 4G_DE8C3,5C:4D:BF:6D:E8:C3,Unknown,-100,0,
23:08:25,Idoom 4G_EA51A,54:1F:8D:8E:A5:1A,Unknown,-100,3,
23:08:25,Idoom 4G_1FCFA,54:1F:8D:F1:FC:FA,Unknown,-100,0,
23:08:25,Idoom 4G_EA51A,00:00:00:C8:E6:B4,Unknown,-100,3,
23:08:25,Idoom 4G_DE8C3,5C:4D:BF:6D:E8:C3,Unknown,-100,0,
23:08:27,Idoom 4G_EA51A,54:1F:8D:8E:A5:1A,Unknown,-100,3,
23:08:27,Idoom 4G_1FCFA,54:1F:8D:F1:FC:FA,Unknown,-100,0,
23:08:27,Idoom 4G_EA51A,00:00:00:C8:E6:B4,Unknown,-100,3,
23:08:27,Idoom 4G_DE8C3,5C:4D:BF:6D:E8:C3,Unknown,-100,0,
23:08:28,Idoom 4G_EA51A,54:1F:8D:8E:A5:1A,Unknown,-100,3,
23:08:28,Idoom 4G_1FCFA,54:1F:8D:F1:FC:FA,Unknown,-100,0,
23:08:28,Idoom 4G_EA51A,00:00:00:C8:E6:B4,Unknown,-100,3,
23:08:28,Idoom 4G_DE8C3,5C:4D:BF:6D:E8:C3,Unknown,-100,0,
23:08:30,Idoom 4G_EA51A,54:1F:8D:8E:A5:1A,Unknown,-100,3,
23:08:30,Idoom 4G_1FCFA,54:1F:8D:F1:FC:FA,Unknown,-100,0,
23:08:30,Idoom 4G_EA51A,00:00:00:C8:E6:B4,Unknown,-100,3,
23:08:30,Idoom 4G_DE8C3,5C:4D:BF:6D:E8:C3,Unknown,-100,0,
23:08:31,Idoom 4G_EA51A,54:1F:8D:8E:A5:1A,Unknown,-100,3,
23:08:31,Idoom 4G_1FCFA,54:1F:8D:F1:FC:FA,Unknown,-100,0,
23:08:31,Idoom 4G_EA51A,00:00:00:C8:E6:B4,Unknown,-100,3,
23:08:31,Idoom 4G_DE8C3,5C:4D:BF:6D:E8:C3,Unknown,-100,0,
23:08:33,Idoom 4G_EA51A,54:1F:8D:8E:A5:1A,Unknown,-100,3,
23:08:33,Idoom 4G_1FCFA,54:1F:8D:F1:FC:FA,Unknown,-100,0,
23:08:33,Idoom 4G_EA51A,00:00:00:C8:E6:B4,Unknown,-100,3,
23:08:33,Idoom 4G_DE8C3,5C:4D:BF:6D:E8:C3,Unknown,-100,0,
23:08:34,Idoom 4G_EA51A,54:1F:8D:8E:A5:1A,Unknown,-100,3,
23:08:34,Idoom 4G_1FCFA,54:1F:8D:F1:FC:FA,Unknown,-100,0,
23:08:34,Idoom 4G_EA51A,00:00:00:C8:E6:B4,Unknown,-100,3,
23:08:34,Idoom 4G_DE8C3,5C:4D:BF:6D:E8:C3,Unknown,-100,0,
23:08:36,Idoom 4G_EA51A,54:1F:8D:8E:A5:1A,Unknown,-100,3,
23:08:36,Idoom 4G_1FCFA,54:1F:8D:F1:FC:FA,Unknown,-100,0,
23:08:36,Idoom 4G_EA51A,00:00:00:C8:E6:B4,Unknown,-100,3,
23:08:36,Idoom 4G_DE8C3,5C:4D:BF:6D:E8:C3,Unknown,-100,0,
23:08:37,Idoom 4G_EA51A,54:1F:8D:8E:A5:1A,Unknown,-100,3,
23:08:37,Idoom 4G_1FCFA,54:1F:8D:F1:FC:FA,Unknown,-100,0,
23:08:37,Idoom 4G_EA51A,00:00:00:C8:E6:B4,Unknown,-100,3,
23:08:37,Idoom 4G_DE8C3,5C:4D:BF:6D:E8:C3,Unknown,-100,0,
23:08:39,Idoom 4G_EA51A,54:1F:8D:8E:A5:1A,Unknown,-100,3,
23:08:39,Idoom 4G_1FCFA,54:1F:8D:F1:FC:FA,Unknown,-100,0,
23:08:39,Idoom 4G_EA51A,00:00:00:C8:E6:B4,Unknown,-100,3,
23:08:39,Idoom 4G_DE8C3,5C:4D:BF:6D:E8:C3,Unknown,-100,0,
23:08:40,Idoom 4G_EA51A,54:1F:8D:8E:A5:1A,Unknown,-100,3,
23:08:40,Idoom 4G_1FCFA,54:1F:8D:F1:FC:FA,Unknown,-100,0,
23:08:40,Idoom 4G_EA51A,00:00:00:C8:E6:B4,Unknown,-100,3,
23:08:40,Idoom 4G_DE8C3,5C:4D:BF:6D:E8:C3,Unknown,-100,0,
23:08:42,Idoom 4G_EA51A,54:1F:8D:8E:A5:1A,Unknown,-100,3,
23:08:42,Idoom 4G_1FCFA,54:1F:8D:F1:FC:FA,Unknown,-100,0,
23:08:42,Idoom 4G_EA51A,00:00:00:C8:E6:B4,Unknown,-100,3,
23:08:42,Idoom 4G_DE8C3,5C:4D:BF:6D:E8:C3,Unknown,-100,0,
23:08:43,Idoom 4G_EA51A,54:1F:8D:8E:A5:1A,Unknown,-100,3,
23:08:43,Idoom 4G_1FCFA,54:1F:8D:F1:FC:FA,Unknown,-100,0,
23:08:43,Idoom 4G_EA51A,00:00:00:C8:E6:B4,Unknown,-100,3,
23:08:43,Idoom 4G_DE8C3,5C:4D:BF:6D:E8:C3,Unknown,-100,0,
23:08:45,Idoom 4G_EA51A,54:1F:8D:8E:A5:1A,Unknown,-100,3,
23:08:45,Idoom 4G_1FCFA,54:1F:8D:F1:FC:FA,Unknown,-100,0,
23:08:45,Idoom 4G_EA51A,00:00:00:C8:E6:B4,Unknown,-100,3,
23:08:45,Idoom 4G_DE8C3,5C:4D:BF:6D:E8:C3,Unknown,-100,0,
23:08:46,Idoom 4G_EA51A,54:1F:8D:8E:A5:1A,Unknown,-100,3,
23:08:46,Idoom 4G_1FCFA,54:1F:8D:F1:FC:FA,Unknown,-100,0,
23:08:46,Idoom 4G_EA51A,00:00:00:C8:E6:B4,Unknown,-100,3,
23:08:46,Idoom 4G_DE8C3,5C:4D:BF:6D:E8:C3,Unknown,-100,0,
23:08:48,Idoom 4G_EA51A,54:1F:8D:8E:A5:1A,Unknown,-100,3,
23:08:48,Idoom 4G_1FCFA,54:1F:8D:F1:FC:FA,Unknown,-100,0,
23:08:48,Idoom 4G_EA51A,00:00:00:C8:E6:B4,Unknown,-100,3,
23:08:48,Idoom 4G_DE8C3,5C:4D:BF:6D:E8:C3,Unknown,-100,0,
23:08:49,Idoom 4G_EA51A,54:1F:8D:8E:A5:1A,Unknown,-100,3,
23:08:49,Idoom 4G_1FCFA,54:1F:8D:F1:FC:FA,Unknown,-100,0,
23:08:49,Idoom 4G_EA51A,00:00:00:C8:E6:B4,Unknown,-100,3,
23:08:49,Idoom 4G_DE8C3,5C:4D:BF:6D:E8:C3,Unknown,-100,0,
23:08:51,Idoom 4G_EA51A,54:1F:8D:8E:A5:1A,Unknown,-100,3,
23:08:51,Idoom 4G_1FCFA,54:1F:8D:F1:FC:FA,Unknown,-100,0,
23:08:51,Idoom 4G_EA51A,00:00:00:C8:E6:B4,Unknown,-100,3,
23:08:51,Idoom 4G_DE8C3,5C:4D:BF:6D:E8:C3,Unknown,-100,0,
23:08:52,Idoom 4G_EA51A,54:1F:8D:8E:A5:1A,Unknown,-100,3,
23:08:52,Idoom 4G_1FCFA,54:1F:8D:F1:FC:FA,Unknown,-100,0,
23:08:52,Idoom 4G_EA51A,00:00:00:C8:E6:B4,Unknown,-100,3,
23:08:52,Idoom 4G_DE8C3,5C:4D:BF:6D:E8:C3,Unknown,-100,0,
23:08:54,Idoom 4G_EA51A,54:1F:8D:8E:A5:1A,Unknown,-100,3,
23:08:54,Idoom 4G_1FCFA,54:1F:8D:F1:FC:FA,Unknown,-100,0,
23:08:54,Idoom 4G_EA51A,00:00:00:C8:E6:B4,Unknown,-100,3,
23:08:54,Idoom 4G_DE8C3,5C:4D:BF:6D:E8:C3,Unknown,-100,0,
23:08:55,Idoom 4G_EA51A,54:1F:8D:8E:A5:1A,Unknown,-100,3,
23:08:55,Idoom 4G_1FCFA,54:1F:8D:F1:FC:FA,Unknown,-100,0,
23:08:55,Idoom 4G_EA51A,00:00:00:C8:E6:B4,Unknown,-100,3,
23:08:55,Idoom 4G_DE8C3,5C:4D:BF:6D:E8:C3,Unknown,-100,0,
23:08:57,Idoom 4G_EA51A,54:1F:8D:8E:A5:1A,Unknown,-100,3,
23:08:57,Idoom 4G_1FCFA,54:1F:8D:F1:FC:FA,Unknown,-100,0,
23:08:57,Idoom 4G_EA51A,00:00:00:C8:E6:B4,Unknown,-100,3,
23:08:57,Idoom 4G_DE8C3,5C:4D:BF:6D:E8:C3,Unknown,-100,0,
23:08:58,Idoom 4G_EA51A,54:1F:8D:8E:A5:1A,Unknown,-100,3,
23:08:58,Idoom 4G_1FCFA,54:1F:8D:F1:FC:FA,Unknown,-100,0,
23:08:58,Idoom 4G_EA51A,00:00:00:C8:E6:B4,Unknown,-100,3,
23:08:58,Idoom 4G_DE8C3,5C:4D:BF:6D:E8:C3,Unknown,-100,0,
23:09:00,Idoom 4G_EA51A,54:1F:8D:8E:A5:1A,Unknown,-100,3,
23:09:00,Idoom 4G_1FCFA,54:1F:8D:F1:FC:FA,Unknown,-100,0,
23:09:00,Idoom 4G_EA51A,00:00:00:C8:E6:B4,Unknown,-100,3,
23:09:00,Idoom 4G_DE8C3,5C:4D:BF:6D:E8:C3,Unknown,-100,0,
23:09:01,Idoom 4G_EA51A,54:1F:8D:8E:A5:1A,Unknown,-100,3,
23:09:01,Idoom 4G_1FCFA,54:1F:8D:F1:FC:FA,Unknown,-100,0,
23:09:01,Idoom 4G_EA51A,00:00:00:C8:E6:B4,Unknown,-100,3,
23:09:01,Idoom 4G_DE8C3,5C:4D:BF:6D:E8:C3,Unknown,-100,0,
23:09:03,Idoom 4G_EA51A,54:1F:8D:8E:A5:1A,Unknown,-100,3,
23:09:03,Idoom 4G_1FCFA,54:1F:8D:F1:FC:FA,Unknown,-100,0,
23:09:03,Idoom 4G_EA51A,00:00:00:C8:E6:B4,Unknown,-100,3,
23:09:03,Idoom 4G_DE8C3,5C:4D:BF:6D:E8:C3,Unknown,-100,0,
23:09:04,Idoom 4G_EA51A,54:1F:8D:8E:A5:1A,Unknown,-100,3,
23:09:04,Idoom 4G_1FCFA,54:1F:8D:F1:FC:FA,Unknown,-100,0,
23:09:04,Idoom 4G_EA51A,00:00:00:C8:E6:B4,Unknown,-100,3,
23:09:04,Idoom 4G_DE8C3,5C:4D:BF:6D:E8:C3,Unknown,-100,0,
23:09:06,Idoom 4G_EA51A,54:1F:8D:8E:A5:1A,Unknown,-100,3,
23:09:06,Idoom 4G_1FCFA,54:1F:8D:F1:FC:FA,Unknown,-100,0,
23:09:06,Idoom 4G_EA51A,00:00:00:C8:E6:B4,Unknown,-100,3,
23:09:06,Idoom 4G_DE8C3,5C:4D:BF:6D:E8:C3,Unknown,-100,0,
23:09:07,Idoom 4G_EA51A,54:1F:8D:8E:A5:1A,Unknown,-100,3,
23:09:07,Idoom 4G_1FCFA,54:1F:8D:F1:FC:FA,Unknown,-100,0,
23:09:07,Idoom 4G_EA51A,00:00:00:C8:E6:B4,Unknown,-100,3,
23:09:07,Idoom 4G_DE8C3,5C:4D:BF:6D:E8:C3,Unknown,-100,0,
23:09:09,Idoom 4G_EA51A,54:1F:8D:8E:A5:1A,Unknown,-100,3,
23:09:09,Idoom 4G_1FCFA,54:1F:8D:F1:FC:FA,Unknown,-100,0,
23:09:09,Idoom 4G_EA51A,00:00:00:C8:E6:B4,Unknown,-100,3,
23:09:09,Idoom 4G_DE8C3,5C:4D:BF:6D:E8:C3,Unknown,-100,0,
23:09:10,Idoom 4G_EA51A,54:1F:8D:8E:A5:1A,Unknown,-100,3,
23:09:10,Idoom 4G_EA51A,00:00:00:C8:E6:B4,Unknown,-100,3,
23:09:10,Idoom 4G_DE8C3,5C:4D:BF:6D:E8:C3,Unknown,-100,0,
23:09:12,Idoom 4G_EA51A,54:1F:8D:8E:A5:1A,Unknown,-100,3,
23:09:12,Idoom 4G_EA51A,00:00:00:C8:E6:B4,Unknown,-100,3,
23:09:13,Idoom 4G_EA51A,54:1F:8D:8E:A5:1A,Unknown,-100,3,
23:09:13,Idoom 4G_EA51A,00:00:00:C8:E6:B4,Unknown,-100,3,
23:09:15,Idoom 4G_EA51A,54:1F:8D:8E:A5:1A,Unknown,-100,3,
23:09:15,Idoom 4G_EA51A,00:00:00:C8:E6:B4,Unknown,-100,3,
23:09:16,Idoom 4G_EA51A,54:1F:8D:8E:A5:1A,Unknown,-100,3,
23:09:16,Idoom 4G_EA51A,00:00:00:C8:E6:B4,Unknown,-100,3,
23:09:18,Idoom 4G_EA51A,54:1F:8D:8E:A5:1A,Unknown,-100,3,
23:09:18,Idoom 4G_EA51A,00:00:00:C8:E6:B4,Unknown,-100,3,
23:09:19,Idoom 4G_EA51A,54:1F:8D:8E:A5:1A,Unknown,-100,3,
23:09:19,Idoom 4G_EA51A,00:00:00:C8:E6:B4,Unknown,-100,3,
23:09:21,Idoom 4G_EA51A,54:1F:8D:8E:A5:1A,Unknown,-100,3,
23:09:21,Idoom 4G_EA51A,00:00:00:C8:E6:B4,Unknown,-100,3,
23:09:22,Idoom 4G_EA51A,54:1F:8D:8E:A5:1A,Unknown,-100,3,
23:09:24,Idoom 4G_EA51A,54:1F:8D:8E:A5:1A,Unknown,-100,3,
23:09:25,Idoom 4G_EA51A,54:1F:8D:8E:A5:1A,Unknown,-100,3,
23:09:27,Idoom 4G_EA51A,54:1F:8D:8E:A5:1A,Unknown,-100,3,
23:09:28,Idoom 4G_EA51A,54:1F:8D:8E:A5:1A,Unknown,-100,3,
23:09:30,Idoom 4G_EA51A,54:1F:8D:8E:A5:1A,Unknown,-100,3,
23:09:31,Idoom 4G_EA51A,54:1F:8D:8E:A5:1A,Unknown,-100,3,
23:09:33,Idoom 4G_EA51A,54:1F:8D:8E:A5:1A,Unknown,-100,3,
23:09:34,Idoom 4G_EA51A,54:1F:8D:8E:A5:1A,Unknown,-100,3,
23:09:36,Idoom 4G_EA51A,54:1F:8D:8E:A5:1A,Unknown,-100,3,
23:09:37,Idoom 4G_EA51A,54:1F:8D:8E:A5:1A,Unknown,-100,3,
23:09:39,Idoom 4G_EA51A,54:1F:8D:8E:A5:1A,Unknown,-100,3,
23:09:40,Idoom 4G_EA51A,54:1F:8D:8E:A5:1A,Unknown,-100,3,
23:09:42,Idoom 4G_EA51A,54:1F:8D:8E:A5:1A,Unknown,-100,3,
23:09:43,Idoom 4G_EA51A,54:1F:8D:8E:A5:1A,Unknown,-100,3,
23:09:45,Idoom 4G_EA51A,54:1F:8D:8E:A5:1A,Unknown,-100,3,
23:09:46,Idoom 4G_EA51A,54:1F:8D:8E:A5:1A,Unknown,-100,3,
23:09:48,Idoom 4G_EA51A,54:1F:8D:8E:A5:1A,Unknown,-100,3,
23:09:49,Idoom 4G_EA51A,54:1F:8D:8E:A5:1A,Unknown,-100,3,
23:09:51,Idoom 4G_EA51A,54:1F:8D:8E:A5:1A,Unknown,-100,3,
23:09:52,Idoom 4G_EA51A,54:1F:8D:8E:A5:1A,Unknown,-100,3,
23:09:54,Idoom 4G_EA51A,54:1F:8D:8E:A5:1A,Unknown,-100,3,
23:09:55,Idoom 4G_EA51A,54:1F:8D:8E:A5:1A,Unknown,-100,3,
23:09:57,Idoom 4G_EA51A,54:1F:8D:8E:A5:1A,Unknown,-100,3,
23:09:58,Idoom 4G_EA51A,54:1F:8D:8E:A5:1A,Unknown,-100,3,
23:10:00,Idoom 4G_EA51A,54:1F:8D:8E:A5:1A,Unknown,-100,3,
23:10:00,Idoom 4G_DE8C3,5C:4D:BF:6D:E8:C3,Unknown,-100,0,
23:10:01,Idoom 4G_EA51A,54:1F:8D:8E:A5:1A,Unknown,-100,3,
23:10:01,Idoom 4G_DE8C3,5C:4D:BF:6D:E8:C3,Unknown,-100,0,
23:10:03,Idoom 4G_EA51A,54:1F:8D:8E:A5:1A,Unknown,-100,3,
23:10:03,Idoom 4G_DE8C3,5C:4D:BF:6D:E8:C3,Unknown,-100,0,
23:10:04,Idoom 4G_EA51A,54:1F:8D:8E:A5:1A,Unknown,-100,3,
23:10:04,Idoom 4G_DE8C3,5C:4D:BF:6D:E8:C3,Unknown,-100,0,
23:10:06,Idoom 4G_EA51A,54:1F:8D:8E:A5:1A,Unknown,-100,3,
23:10:06,Idoom 4G_DE8C3,5C:4D:BF:6D:E8:C3,Unknown,-100,0,
23:10:07,Idoom 4G_EA51A,54:1F:8D:8E:A5:1A,Unknown,-100,3,
23:10:07,Idoom 4G_DE8C3,5C:4D:BF:6D:E8:C3,Unknown,-100,0,
23:10:09,Idoom 4G_EA51A,54:1F:8D:8E:A5:1A,Unknown,-100,3,
23:10:09,Idoom 4G_DE8C3,5C:4D:BF:6D:E8:C3,Unknown,-100,0,
23:10:10,Idoom 4G_EA51A,54:1F:8D:8E:A5:1A,Unknown,-100,3,
23:10:10,Idoom 4G_DE8C3,5C:4D:BF:6D:E8:C3,Unknown,-100,0,
23:10:12,Idoom 4G_EA51A,54:1F:8D:8E:A5:1A,Unknown,-100,3,
23:10:12,Idoom 4G_DE8C3,5C:4D:BF:6D:E8:C3,Unknown,-100,0,
23:10:13,Idoom 4G_EA51A,54:1F:8D:8E:A5:1A,Unknown,-100,3,
23:10:13,Idoom 4G_DE8C3,5C:4D:BF:6D:E8:C3,Unknown,-100,0,
23:10:15,Idoom 4G_EA51A,54:1F:8D:8E:A5:1A,Unknown,-100,3,
23:10:15,Idoom 4G_DE8C3,5C:4D:BF:6D:E8:C3,Unknown,-100,0,
23:10:16,Idoom 4G_EA51A,54:1F:8D:8E:A5:1A,Unknown,-100,3,
23:10:16,Idoom 4G_DE8C3,5C:4D:BF:6D:E8:C3,Unknown,-100,0,
23:10:18,Idoom 4G_EA51A,54:1F:8D:8E:A5:1A,Unknown,-100,3,
23:10:18,Idoom 4G_DE8C3,5C:4D:BF:6D:E8:C3,Unknown,-100,0,
23:10:19,Idoom 4G_EA51A,54:1F:8D:8E:A5:1A,Unknown,-100,3,
23:10:19,Idoom 4G_DE8C3,5C:4D:BF:6D:E8:C3,Unknown,-100,0,
23:10:21,Idoom 4G_EA51A,54:1F:8D:8E:A5:1A,Unknown,-100,3,
23:10:21,Idoom 4G_DE8C3,5C:4D:BF:6D:E8:C3,Unknown,-100,0,
23:10:21,Idoom 4G_1FCFA,54:1F:8D:F1:FC:FA,Unknown,-100,0,
23:10:22,Idoom 4G_EA51A,54:1F:8D:8E:A5:1A,Unknown,-100,3,
23:10:22,Idoom 4G_DE8C3,5C:4D:BF:6D:E8:C3,Unknown,-100,0,
23:10:22,Idoom 4G_1FCFA,54:1F:8D:F1:FC:FA,Unknown,-100,0,
23:10:24,Idoom 4G_EA51A,54:1F:8D:8E:A5:1A,Unknown,-100,3,
23:10:24,Idoom 4G_DE8C3,5C:4D:BF:6D:E8:C3,Unknown,-100,0,
23:10:24,Idoom 4G_1FCFA,54:1F:8D:F1:FC:FA,Unknown,-100,0,
23:10:25,Idoom 4G_EA51A,54:1F:8D:8E:A5:1A,Unknown,-100,3,
23:10:25,Idoom 4G_DE8C3,5C:4D:BF:6D:E8:C3,Unknown,-100,0,
23:10:25,Idoom 4G_1FCFA,54:1F:8D:F1:FC:FA,Unknown,-100,0,
23:10:27,Idoom 4G_EA51A,54:1F:8D:8E:A5:1A,Unknown,-100,3,
23:10:27,Idoom 4G_DE8C3,5C:4D:BF:6D:E8:C3,Unknown,-100,0,
23:10:27,Idoom 4G_1FCFA,54:1F:8D:F1:FC:FA,Unknown,-100,0,
23:10:28,Idoom 4G_EA51A,54:1F:8D:8E:A5:1A,Unknown,-100,3,
23:10:28,Idoom 4G_DE8C3,5C:4D:BF:6D:E8:C3,Unknown,-100,0,
23:10:28,Idoom 4G_1FCFA,54:1F:8D:F1:FC:FA,Unknown,-100,0,
23:10:30,Idoom 4G_EA51A,54:1F:8D:8E:A5:1A,Unknown,-100,3,
23:10:30,Idoom 4G_DE8C3,5C:4D:BF:6D:E8:C3,Unknown,-100,0,
23:10:30,Idoom 4G_1FCFA,54:1F:8D:F1:FC:FA,Unknown,-100,0,
23:10:31,Idoom 4G_EA51A,54:1F:8D:8E:A5:1A,Unknown,-100,3,
23:10:31,Idoom 4G_DE8C3,5C:4D:BF:6D:E8:C3,Unknown,-100,0,
23:10:31,Idoom 4G_1FCFA,54:1F:8D:F1:FC:FA,Unknown,-100,0,
23:10:33,Idoom 4G_EA51A,54:1F:8D:8E:A5:1A,Unknown,-100,3,
23:10:33,Idoom 4G_DE8C3,5C:4D:BF:6D:E8:C3,Unknown,-100,0,
23:10:33,Idoom 4G_1FCFA,54:1F:8D:F1:FC:FA,Unknown,-100,0,
23:10:34,Idoom 4G_EA51A,54:1F:8D:8E:A5:1A,Unknown,-100,3,
23:10:34,Idoom 4G_DE8C3,5C:4D:BF:6D:E8:C3,Unknown,-100,0,
23:10:34,Idoom 4G_1FCFA,54:1F:8D:F1:FC:FA,Unknown,-100,0,
23:10:36,Idoom 4G_EA51A,54:1F:8D:8E:A5:1A,Unknown,-100,3,
23:10:36,Idoom 4G_DE8C3,5C:4D:BF:6D:E8:C3,Unknown,-100,0,
23:10:36,Idoom 4G_1FCFA,54:1F:8D:F1:FC:FA,Unknown,-100,0,
23:10:37,Idoom 4G_EA51A,54:1F:8D:8E:A5:1A,Unknown,-100,3,
23:10:37,Idoom 4G_DE8C3,5C:4D:BF:6D:E8:C3,Unknown,-100,0,
23:10:37,Idoom 4G_1FCFA,54:1F:8D:F1:FC:FA,Unknown,-100,0,
23:10:39,Idoom 4G_EA51A,54:1F:8D:8E:A5:1A,Unknown,-100,3,
23:10:39,Idoom 4G_DE8C3,5C:4D:BF:6D:E8:C3,Unknown,-100,0,
23:10:39,Idoom 4G_1FCFA,54:1F:8D:F1:FC:FA,Unknown,-100,0,
23:10:40,Idoom 4G_EA51A,54:1F:8D:8E:A5:1A,Unknown,-100,3,
23:10:40,Idoom 4G_DE8C3,5C:4D:BF:6D:E8:C3,Unknown,-100,0,
23:10:40,Idoom 4G_1FCFA,54:1F:8D:F1:FC:FA,Unknown,-100,0,
23:10:42,Idoom 4G_EA51A,54:1F:8D:8E:A5:1A,Unknown,-100,3,
23:10:42,Idoom 4G_DE8C3,5C:4D:BF:6D:E8:C3,Unknown,-100,0,
23:10:42,Idoom 4G_1FCFA,54:1F:8D:F1:FC:FA,Unknown,-100,0,
23:10:44,Idoom 4G_EA51A,54:1F:8D:8E:A5:1A,Unknown,-100,3,
23:10:44,Idoom 4G_DE8C3,5C:4D:BF:6D:E8:C3,Unknown,-100,0,
23:10:44,Idoom 4G_1FCFA,54:1F:8D:F1:FC:FA,Unknown,-100,0,
23:10:45,Idoom 4G_EA51A,54:1F:8D:8E:A5:1A,Unknown,-100,3,
23:10:45,Idoom 4G_DE8C3,5C:4D:BF:6D:E8:C3,Unknown,-100,0,
23:10:45,Idoom 4G_1FCFA,54:1F:8D:F1:FC:FA,Unknown,-100,0,
23:10:47,Idoom 4G_EA51A,54:1F:8D:8E:A5:1A,Unknown,-100,3,
23:10:47,Idoom 4G_DE8C3,5C:4D:BF:6D:E8:C3,Unknown,-100,0,
23:10:47,Idoom 4G_1FCFA,54:1F:8D:F1:FC:FA,Unknown,-100,0,
23:10:48,Idoom 4G_EA51A,54:1F:8D:8E:A5:1A,Unknown,-100,3,
23:10:48,Idoom 4G_DE8C3,5C:4D:BF:6D:E8:C3,Unknown,-100,0,
23:10:48,Idoom 4G_1FCFA,54:1F:8D:F1:FC:FA,Unknown,-100,0,
23:10:50,Idoom 4G_EA51A,54:1F:8D:8E:A5:1A,Unknown,-100,3,
23:10:50,Idoom 4G_DE8C3,5C:4D:BF:6D:E8:C3,Unknown,-100,0,
23:10:50,Idoom 4G_1FCFA,54:1F:8D:F1:FC:FA,Unknown,-100,0,
23:10:51,Idoom 4G_EA51A,54:1F:8D:8E:A5:1A,Unknown,-100,3,
23:10:51,Idoom 4G_DE8C3,5C:4D:BF:6D:E8:C3,Unknown,-100,0,
23:10:51,Idoom 4G_1FCFA,54:1F:8D:F1:FC:FA,Unknown,-100,0,
23:10:53,Idoom 4G_EA51A,54:1F:8D:8E:A5:1A,Unknown,-100,3,
23:10:53,Idoom 4G_DE8C3,5C:4D:BF:6D:E8:C3,Unknown,-100,0,
23:10:53,Idoom 4G_1FCFA,54:1F:8D:F1:FC:FA,Unknown,-100,0,
23:10:54,Idoom 4G_EA51A,54:1F:8D:8E:A5:1A,Unknown,-100,3,
23:10:54,Idoom 4G_DE8C3,5C:4D:BF:6D:E8:C3,Unknown,-100,0,
23:10:54,Idoom 4G_1FCFA,54:1F:8D:F1:FC:FA,Unknown,-100,0,
23:10:56,Idoom 4G_EA51A,54:1F:8D:8E:A5:1A,Unknown,-100,3,
23:10:56,Idoom 4G_DE8C3,5C:4D:BF:6D:E8:C3,Unknown,-100,0,
23:10:56,Idoom 4G_1FCFA,54:1F:8D:F1:FC:FA,Unknown,-100,0,
23:10:57,Idoom 4G_EA51A,54:1F:8D:8E:A5:1A,Unknown,-100,3,
23:10:57,Idoom 4G_DE8C3,5C:4D:BF:6D:E8:C3,Unknown,-100,0,
23:10:57,Idoom 4G_1FCFA,54:1F:8D:F1:FC:FA,Unknown,-100,0,
23:10:59,Idoom 4G_EA51A,54:1F:8D:8E:A5:1A,Unknown,-100,3,
23:10:59,Idoom 4G_DE8C3,5C:4D:BF:6D:E8:C3,Unknown,-100,0,
23:10:59,Idoom 4G_1FCFA,54:1F:8D:F1:FC:FA,Unknown,-100,0,
23:11:00,Idoom 4G_EA51A,54:1F:8D:8E:A5:1A,Unknown,-100,3,
23:11:00,Idoom 4G_DE8C3,5C:4D:BF:6D:E8:C3,Unknown,-100,0,
23:11:00,Idoom 4G_1FCFA,54:1F:8D:F1:FC:FA,Unknown,-100,0,
23:11:02,Idoom 4G_EA51A,54:1F:8D:8E:A5:1A,Unknown,-100,3,
23:11:02,Idoom 4G_DE8C3,5C:4D:BF:6D:E8:C3,Unknown,-100,0,
23:11:02,Idoom 4G_1FCFA,54:1F:8D:F1:FC:FA,Unknown,-100,0,
23:11:03,Idoom 4G_EA51A,54:1F:8D:8E:A5:1A,Unknown,-100,3,
23:11:03,Idoom 4G_DE8C3,5C:4D:BF:6D:E8:C3,Unknown,-100,0,
23:11:03,Idoom 4G_1FCFA,54:1F:8D:F1:FC:FA,Unknown,-100,0,
23:11:05,Idoom 4G_EA51A,54:1F:8D:8E:A5:1A,Unknown,-100,3,
23:11:05,Idoom 4G_DE8C3,5C:4D:BF:6D:E8:C3,Unknown,-100,0,
23:11:05,Idoom 4G_1FCFA,54:1F:8D:F1:FC:FA,Unknown,-100,0,
23:11:06,Idoom 4G_EA51A,54:1F:8D:8E:A5:1A,Unknown,-100,3,
23:11:06,Idoom 4G_DE8C3,5C:4D:BF:6D:E8:C3,Unknown,-100,0,
23:11:06,Idoom 4G_1FCFA,54:1F:8D:F1:FC:FA,Unknown,-100,0,
23:11:08,Idoom 4G_EA51A,54:1F:8D:8E:A5:1A,Unknown,-100,3,
23:11:08,Idoom 4G_DE8C3,5C:4D:BF:6D:E8:C3,Unknown,-100,0,
23:11:08,Idoom 4G_1FCFA,54:1F:8D:F1:FC:FA,Unknown,-100,0,
23:11:09,Idoom 4G_EA51A,54:1F:8D:8E:A5:1A,Unknown,-100,3,
23:11:09,Idoom 4G_DE8C3,5C:4D:BF:6D:E8:C3,Unknown,-100,0,
23:11:09,Idoom 4G_1FCFA,54:1F:8D:F1:FC:FA,Unknown,-100,0,
23:11:11,Idoom 4G_EA51A,54:1F:8D:8E:A5:1A,Unknown,-100,3,
23:11:11,Idoom 4G_DE8C3,5C:4D:BF:6D:E8:C3,Unknown,-100,0,
23:11:11,Idoom 4G_1FCFA,54:1F:8D:F1:FC:FA,Unknown,-100,0,
23:11:12,Idoom 4G_EA51A,54:1F:8D:8E:A5:1A,Unknown,-100,3,
23:11:12,Idoom 4G_DE8C3,5C:4D:BF:6D:E8:C3,Unknown,-100,0,
23:11:12,Idoom 4G_1FCFA,54:1F:8D:F1:FC:FA,Unknown,-100,0,
23:11:14,Idoom 4G_EA51A,54:1F:8D:8E:A5:1A,Unknown,-100,3,
23:11:14,Idoom 4G_DE8C3,5C:4D:BF:6D:E8:C3,Unknown,-100,0,
23:11:14,Idoom 4G_1FCFA,54:1F:8D:F1:FC:FA,Unknown,-100,0,
23:11:15,Idoom 4G_EA51A,54:1F:8D:8E:A5:1A,Unknown,-100,3,
23:11:15,Idoom 4G_DE8C3,5C:4D:BF:6D:E8:C3,Unknown,-100,0,
23:11:15,Idoom 4G_1FCFA,54:1F:8D:F1:FC:FA,Unknown,-100,0,
23:11:17,Idoom 4G_EA51A,54:1F:8D:8E:A5:1A,Unknown,-100,3,
23:11:17,Idoom 4G_DE8C3,5C:4D:BF:6D:E8:C3,Unknown,-100,0,
23:11:17,Idoom 4G_1FCFA,54:1F:8D:F1:FC:FA,Unknown,-100,0,
23:11:18,Idoom 4G_EA51A,54:1F:8D:8E:A5:1A,Unknown,-100,3,
23:11:18,Idoom 4G_DE8C3,5C:4D:BF:6D:E8:C3,Unknown,-100,0,
23:11:18,Idoom 4G_1FCFA,54:1F:8D:F1:FC:FA,Unknown,-100,0,
23:11:20,Idoom 4G_EA51A,54:1F:8D:8E:A5:1A,Unknown,-100,3,
23:11:20,Idoom 4G_DE8C3,5C:4D:BF:6D:E8:C3,Unknown,-100,0,
23:11:20,Idoom 4G_1FCFA,54:1F:8D:F1:FC:FA,Unknown,-100,0,
23:11:21,Idoom 4G_EA51A,54:1F:8D:8E:A5:1A,Unknown,-100,3,
23:11:21,Idoom 4G_DE8C3,5C:4D:BF:6D:E8:C3,Unknown,-100,0,
23:11:21,Idoom 4G_1FCFA,54:1F:8D:F1:FC:FA,Unknown,-100,0,
23:11:23,Idoom 4G_EA51A,54:1F:8D:8E:A5:1A,Unknown,-100,3,
23:11:23,Idoom 4G_DE8C3,5C:4D:BF:6D:E8:C3,Unknown,-100,0,
23:11:24,Idoom 4G_EA51A,54:1F:8D:8E:A5:1A,Unknown,-100,3,
23:11:24,Idoom 4G_DE8C3,5C:4D:BF:6D:E8:C3,Unknown,-100,0,
23:11:26,Idoom 4G_EA51A,54:1F:8D:8E:A5:1A,Unknown,-100,3,
23:11:26,Idoom 4G_DE8C3,5C:4D:BF:6D:E8:C3,Unknown,-100,0,
23:11:27,Idoom 4G_EA51A,54:1F:8D:8E:A5:1A,Unknown,-100,3,
23:11:27,Idoom 4G_DE8C3,5C:4D:BF:6D:E8:C3,Unknown,-100,0,
23:11:29,Idoom 4G_EA51A,54:1F:8D:8E:A5:1A,Unknown,-100,3,
23:11:29,Idoom 4G_DE8C3,5C:4D:BF:6D:E8:C3,Unknown,-100,0,
23:11:30,Idoom 4G_EA51A,54:1F:8D:8E:A5:1A,Unknown,-100,3,
23:11:30,Idoom 4G_DE8C3,5C:4D:BF:6D:E8:C3,Unknown,-100,0,
23:11:32,Idoom 4G_EA51A,54:1F:8D:8E:A5:1A,Unknown,-100,3,
23:11:32,Idoom 4G_DE8C3,5C:4D:BF:6D:E8:C3,Unknown,-100,0,
23:11:33,Idoom 4G_EA51A,54:1F:8D:8E:A5:1A,Unknown,-100,3,
23:11:33,Idoom 4G_DE8C3,5C:4D:BF:6D:E8:C3,Unknown,-100,0,
23:11:35,Idoom 4G_EA51A,54:1F:8D:8E:A5:1A,Unknown,-100,3,
23:11:35,Idoom 4G_DE8C3,5C:4D:BF:6D:E8:C3,Unknown,-100,0,
23:11:36,Idoom 4G_EA51A,54:1F:8D:8E:A5:1A,Unknown,-100,3,
23:11:36,Idoom 4G_DE8C3,5C:4D:BF:6D:E8:C3,Unknown,-100,0,
23:11:38,Idoom 4G_EA51A,54:1F:8D:8E:A5:1A,Unknown,-100,3,
23:11:38,Idoom 4G_DE8C3,5C:4D:BF:6D:E8:C3,Unknown,-100,0,
23:11:39,Idoom 4G_EA51A,54:1F:8D:8E:A5:1A,Unknown,-100,3,
23:11:39,Idoom 4G_DE8C3,5C:4D:BF:6D:E8:C3,Unknown,-100,0,
23:11:41,Idoom 4G_EA51A,54:1F:8D:8E:A5:1A,Unknown,-100,3,
23:11:41,Idoom 4G_DE8C3,5C:4D:BF:6D:E8:C3,Unknown,-100,0,
23:11:42,Idoom 4G_EA51A,54:1F:8D:8E:A5:1A,Unknown,-100,3,
23:11:42,Idoom 4G_DE8C3,5C:4D:BF:6D:E8:C3,Unknown,-100,0,
23:11:44,Idoom 4G_EA51A,54:1F:8D:8E:A5:1A,Unknown,-100,3,
23:11:44,Idoom 4G_DE8C3,5C:4D:BF:6D:E8:C3,Unknown,-100,0,
23:11:45,Idoom 4G_EA51A,54:1F:8D:8E:A5:1A,Unknown,-100,3,
23:11:45,Idoom 4G_DE8C3,5C:4D:BF:6D:E8:C3,Unknown,-100,0,
23:11:47,Idoom 4G_EA51A,54:1F:8D:8E:A5:1A,Unknown,-100,3,
23:11:47,Idoom 4G_DE8C3,5C:4D:BF:6D:E8:C3,Unknown,-100,0,
23:11:48,Idoom 4G_EA51A,54:1F:8D:8E:A5:1A,Unknown,-100,3,
23:11:48,Idoom 4G_DE8C3,5C:4D:BF:6D:E8:C3,Unknown,-100,0,
23:11:50,Idoom 4G_EA51A,54:1F:8D:8E:A5:1A,Unknown,-100,3,
23:11:50,Idoom 4G_DE8C3,5C:4D:BF:6D:E8:C3,Unknown,-100,0,
23:11:51,Idoom 4G_EA51A,54:1F:8D:8E:A5:1A,Unknown,-100,3,
23:11:51,Idoom 4G_DE8C3,5C:4D:BF:6D:E8:C3,Unknown,-100,0,
23:11:51,Idoom 4G_1FCFA,54:1F:8D:F1:FC:FA,Unknown,-100,0,
23:11:53,Idoom 4G_EA51A,54:1F:8D:8E:A5:1A,Unknown,-100,3,
23:11:53,Idoom 4G_DE8C3,5C:4D:BF:6D:E8:C3,Unknown,-100,0,
23:11:53,Idoom 4G_1FCFA,54:1F:8D:F1:FC:FA,Unknown,-100,0,
23:11:54,Idoom 4G_EA51A,54:1F:8D:8E:A5:1A,Unknown,-100,3,
23:11:54,Idoom 4G_DE8C3,5C:4D:BF:6D:E8:C3,Unknown,-100,0,
23:11:54,Idoom 4G_1FCFA,54:1F:8D:F1:FC:FA,Unknown,-100,0,
23:11:56,Idoom 4G_EA51A,54:1F:8D:8E:A5:1A,Unknown,-100,3,
23:11:56,Idoom 4G_DE8C3,5C:4D:BF:6D:E8:C3,Unknown,-100,0,
23:11:56,Idoom 4G_1FCFA,54:1F:8D:F1:FC:FA,Unknown,-100,0,
23:11:57,Idoom 4G_EA51A,54:1F:8D:8E:A5:1A,Unknown,-100,3,
23:11:57,Idoom 4G_DE8C3,5C:4D:BF:6D:E8:C3,Unknown,-100,0,
23:11:57,Idoom 4G_1FCFA,54:1F:8D:F1:FC:FA,Unknown,-100,0,
23:11:59,Idoom 4G_EA51A,54:1F:8D:8E:A5:1A,Unknown,-100,3,
23:11:59,Idoom 4G_DE8C3,5C:4D:BF:6D:E8:C3,Unknown,-100,0,
23:11:59,Idoom 4G_1FCFA,54:1F:8D:F1:FC:FA,Unknown,-100,0,
23:12:00,Idoom 4G_EA51A,54:1F:8D:8E:A5:1A,Unknown,-100,3,
23:12:00,Idoom 4G_DE8C3,5C:4D:BF:6D:E8:C3,Unknown,-100,0,
23:12:00,Idoom 4G_1FCFA,54:1F:8D:F1:FC:FA,Unknown,-100,0,
23:12:02,Idoom 4G_EA51A,54:1F:8D:8E:A5:1A,Unknown,-100,3,
23:12:02,Idoom 4G_DE8C3,5C:4D:BF:6D:E8:C3,Unknown,-100,0,
23:12:02,Idoom 4G_1FCFA,54:1F:8D:F1:FC:FA,Unknown,-100,0,
23:12:03,Idoom 4G_EA51A,54:1F:8D:8E:A5:1A,Unknown,-100,3,
23:12:03,Idoom 4G_DE8C3,5C:4D:BF:6D:E8:C3,Unknown,-100,0,
23:12:03,Idoom 4G_1FCFA,54:1F:8D:F1:FC:FA,Unknown,-100,0,
23:12:05,Idoom 4G_EA51A,54:1F:8D:8E:A5:1A,Unknown,-100,3,
23:12:05,Idoom 4G_DE8C3,5C:4D:BF:6D:E8:C3,Unknown,-100,0,
23:12:05,Idoom 4G_1FCFA,54:1F:8D:F1:FC:FA,Unknown,-100,0,
23:12:06,Idoom 4G_EA51A,54:1F:8D:8E:A5:1A,Unknown,-100,3,
23:12:06,Idoom 4G_DE8C3,5C:4D:BF:6D:E8:C3,Unknown,-100,0,
23:12:06,Idoom 4G_1FCFA,54:1F:8D:F1:FC:FA,Unknown,-100,0,
23:12:08,Idoom 4G_EA51A,54:1F:8D:8E:A5:1A,Unknown,-100,3,
23:12:08,Idoom 4G_DE8C3,5C:4D:BF:6D:E8:C3,Unknown,-100,0,
23:12:08,Idoom 4G_1FCFA,54:1F:8D:F1:FC:FA,Unknown,-100,0,
23:12:09,Idoom 4G_EA51A,54:1F:8D:8E:A5:1A,Unknown,-100,3,
23:12:09,Idoom 4G_DE8C3,5C:4D:BF:6D:E8:C3,Unknown,-100,0,
23:12:09,Idoom 4G_1FCFA,54:1F:8D:F1:FC:FA,Unknown,-100,0,
23:12:11,Idoom 4G_EA51A,54:1F:8D:8E:A5:1A,Unknown,-100,3,
23:12:11,Idoom 4G_DE8C3,5C:4D:BF:6D:E8:C3,Unknown,-100,0,
23:12:11,Idoom 4G_1FCFA,54:1F:8D:F1:FC:FA,Unknown,-100,0,
23:12:12,Idoom 4G_EA51A,54:1F:8D:8E:A5:1A,Unknown,-100,3,
23:12:12,Idoom 4G_DE8C3,5C:4D:BF:6D:E8:C3,Unknown,-100,0,
23:12:12,Idoom 4G_1FCFA,54:1F:8D:F1:FC:FA,Unknown,-100,0,
23:12:14,Idoom 4G_EA51A,54:1F:8D:8E:A5:1A,Unknown,-100,3,
23:12:14,Idoom 4G_DE8C3,5C:4D:BF:6D:E8:C3,Unknown,-100,0,
23:12:14,Idoom 4G_1FCFA,54:1F:8D:F1:FC:FA,Unknown,-100,0,
23:12:15,Idoom 4G_EA51A,54:1F:8D:8E:A5:1A,Unknown,-100,3,
23:12:15,Idoom 4G_DE8C3,5C:4D:BF:6D:E8:C3,Unknown,-100,0,
23:12:15,Idoom 4G_1FCFA,54:1F:8D:F1:FC:FA,Unknown,-100,0,
23:12:17,Idoom 4G_EA51A,54:1F:8D:8E:A5:1A,Unknown,-100,3,
23:12:17,Idoom 4G_DE8C3,5C:4D:BF:6D:E8:C3,Unknown,-100,0,
23:12:17,Idoom 4G_1FCFA,54:1F:8D:F1:FC:FA,Unknown,-100,0,
23:12:18,Idoom 4G_EA51A,54:1F:8D:8E:A5:1A,Unknown,-100,3,
23:12:18,Idoom 4G_DE8C3,5C:4D:BF:6D:E8:C3,Unknown,-100,0,
23:12:18,Idoom 4G_1FCFA,54:1F:8D:F1:FC:FA,Unknown,-100,0,
23:12:20,Idoom 4G_EA51A,54:1F:8D:8E:A5:1A,Unknown,-100,3,
23:12:20,Idoom 4G_DE8C3,5C:4D:BF:6D:E8:C3,Unknown,-100,0,
23:12:20,Idoom 4G_1FCFA,54:1F:8D:F1:FC:FA,Unknown,-100,0,
23:12:21,Idoom 4G_EA51A,54:1F:8D:8E:A5:1A,Unknown,-100,3,
23:12:21,Idoom 4G_DE8C3,5C:4D:BF:6D:E8:C3,Unknown,-100,0,
23:12:21,Idoom 4G_1FCFA,54:1F:8D:F1:FC:FA,Unknown,-100,0,
23:12:23,Idoom 4G_EA51A,54:1F:8D:8E:A5:1A,Unknown,-100,3,
23:12:23,Idoom 4G_DE8C3,5C:4D:BF:6D:E8:C3,Unknown,-100,0,
23:12:23,Idoom 4G_1FCFA,54:1F:8D:F1:FC:FA,Unknown,-100,0,
23:12:24,Idoom 4G_EA51A,54:1F:8D:8E:A5:1A,Unknown,-100,3,
23:12:24,Idoom 4G_DE8C3,5C:4D:BF:6D:E8:C3,Unknown,-100,0,
23:12:24,Idoom 4G_1FCFA,54:1F:8D:F1:FC:FA,Unknown,-100,0,
23:12:26,Idoom 4G_EA51A,54:1F:8D:8E:A5:1A,Unknown,-100,3,
23:12:26,Idoom 4G_DE8C3,5C:4D:BF:6D:E8:C3,Unknown,-100,0,
23:12:26,Idoom 4G_1FCFA,54:1F:8D:F1:FC:FA,Unknown,-100,0,
23:12:27,Idoom 4G_EA51A,54:1F:8D:8E:A5:1A,Unknown,-100,3,
23:12:27,Idoom 4G_DE8C3,5C:4D:BF:6D:E8:C3,Unknown,-100,0,
23:12:27,Idoom 4G_1FCFA,54:1F:8D:F1:FC:FA,Unknown,-100,0,
23:12:29,Idoom 4G_EA51A,54:1F:8D:8E:A5:1A,Unknown,-100,3,
23:12:29,Idoom 4G_DE8C3,5C:4D:BF:6D:E8:C3,Unknown,-100,0,
23:12:29,Idoom 4G_1FCFA,54:1F:8D:F1:FC:FA,Unknown,-100,0,
23:12:30,Idoom 4G_EA51A,54:1F:8D:8E:A5:1A,Unknown,-100,3,
23:12:30,Idoom 4G_DE8C3,5C:4D:BF:6D:E8:C3,Unknown,-100,0,
23:12:30,Idoom 4G_1FCFA,54:1F:8D:F1:FC:FA,Unknown,-100,0,
23:12:32,Idoom 4G_EA51A,54:1F:8D:8E:A5:1A,Unknown,-100,3,
23:12:32,Idoom 4G_DE8C3,5C:4D:BF:6D:E8:C3,Unknown,-100,0,
23:12:32,Idoom 4G_1FCFA,54:1F:8D:F1:FC:FA,Unknown,-100,0,
23:12:33,Idoom 4G_EA51A,54:1F:8D:8E:A5:1A,Unknown,-100,3,
23:12:33,Idoom 4G_DE8C3,5C:4D:BF:6D:E8:C3,Unknown,-100,0,
23:12:33,Idoom 4G_1FCFA,54:1F:8D:F1:FC:FA,Unknown,-100,0,
23:12:35,Idoom 4G_EA51A,54:1F:8D:8E:A5:1A,Unknown,-100,3,
23:12:35,Idoom 4G_DE8C3,5C:4D:BF:6D:E8:C3,Unknown,-100,0,
23:12:35,Idoom 4G_1FCFA,54:1F:8D:F1:FC:FA,Unknown,-100,0,
23:12:36,Idoom 4G_EA51A,54:1F:8D:8E:A5:1A,Unknown,-100,3,
23:12:36,Idoom 4G_DE8C3,5C:4D:BF:6D:E8:C3,Unknown,-100,0,
23:12:36,Idoom 4G_1FCFA,54:1F:8D:F1:FC:FA,Unknown,-100,0,
23:12:38,Idoom 4G_EA51A,54:1F:8D:8E:A5:1A,Unknown,-100,3,
23:12:38,Idoom 4G_DE8C3,5C:4D:BF:6D:E8:C3,Unknown,-100,0,
23:12:38,Idoom 4G_1FCFA,54:1F:8D:F1:FC:FA,Unknown,-100,0,
23:12:39,Idoom 4G_EA51A,54:1F:8D:8E:A5:1A,Unknown,-100,3,
23:12:39,Idoom 4G_DE8C3,5C:4D:BF:6D:E8:C3,Unknown,-100,0,
23:12:39,Idoom 4G_1FCFA,54:1F:8D:F1:FC:FA,Unknown,-100,0,
23:12:41,Idoom 4G_EA51A,54:1F:8D:8E:A5:1A,Unknown,-100,3,
23:12:41,Idoom 4G_DE8C3,5C:4D:BF:6D:E8:C3,Unknown,-100,0,
23:12:41,Idoom 4G_1FCFA,54:1F:8D:F1:FC:FA,Unknown,-100,0,
23:12:42,Idoom 4G_EA51A,54:1F:8D:8E:A5:1A,Unknown,-100,3,
23:12:42,Idoom 4G_DE8C3,5C:4D:BF:6D:E8:C3,Unknown,-100,0,
23:12:42,Idoom 4G_1FCFA,54:1F:8D:F1:FC:FA,Unknown,-100,0,
23:12:44,Idoom 4G_EA51A,54:1F:8D:8E:A5:1A,Unknown,-100,3,
23:12:44,Idoom 4G_DE8C3,5C:4D:BF:6D:E8:C3,Unknown,-100,0,
23:12:44,Idoom 4G_1FCFA,54:1F:8D:F1:FC:FA,Unknown,-100,0,
23:12:45,Idoom 4G_EA51A,54:1F:8D:8E:A5:1A,Unknown,-100,3,
23:12:45,Idoom 4G_DE8C3,5C:4D:BF:6D:E8:C3,Unknown,-100,0,
23:12:45,Idoom 4G_1FCFA,54:1F:8D:F1:FC:FA,Unknown,-100,0,
23:12:47,Idoom 4G_EA51A,54:1F:8D:8E:A5:1A,Unknown,-100,3,
23:12:47,Idoom 4G_DE8C3,5C:4D:BF:6D:E8:C3,Unknown,-100,0,
23:12:47,Idoom 4G_1FCFA,54:1F:8D:F1:FC:FA,Unknown,-100,0,
23:12:48,Idoom 4G_EA51A,54:1F:8D:8E:A5:1A,Unknown,-100,3,
23:12:48,Idoom 4G_DE8C3,5C:4D:BF:6D:E8:C3,Unknown,-100,0,
23:12:48,Idoom 4G_1FCFA,54:1F:8D:F1:FC:FA,Unknown,-100,0,
23:12:50,Idoom 4G_EA51A,54:1F:8D:8E:A5:1A,Unknown,-100,3,
23:12:50,Idoom 4G_DE8C3,5C:4D:BF:6D:E8:C3,Unknown,-100,0,
23:12:50,Idoom 4G_1FCFA,54:1F:8D:F1:FC:FA,Unknown,-100,0,
23:12:51,Idoom 4G_EA51A,54:1F:8D:8E:A5:1A,Unknown,-100,3,
23:12:51,Idoom 4G_DE8C3,5C:4D:BF:6D:E8:C3,Unknown,-100,0,
23:12:51,Idoom 4G_1FCFA,54:1F:8D:F1:FC:FA,Unknown,-100,0,
23:12:53,Idoom 4G_EA51A,54:1F:8D:8E:A5:1A,Unknown,-100,3,
23:12:53,Idoom 4G_DE8C3,5C:4D:BF:6D:E8:C3,Unknown,-100,0,
23:12:53,Idoom 4G_1FCFA,54:1F:8D:F1:FC:FA,Unknown,-100,0,
23:12:54,Idoom 4G_EA51A,54:1F:8D:8E:A5:1A,Unknown,-100,3,
23:12:54,Idoom 4G_DE8C3,5C:4D:BF:6D:E8:C3,Unknown,-100,0,
23:12:54,Idoom 4G_1FCFA,54:1F:8D:F1:FC:FA,Unknown,-100,0,
23:12:56,Idoom 4G_EA51A,54:1F:8D:8E:A5:1A,Unknown,-100,3,
23:12:56,Idoom 4G_DE8C3,5C:4D:BF:6D:E8:C3,Unknown,-100,0,
23:12:56,Idoom 4G_1FCFA,54:1F:8D:F1:FC:FA,Unknown,-100,0,
23:12:57,Idoom 4G_EA51A,54:1F:8D:8E:A5:1A,Unknown,-100,3,
23:12:57,Idoom 4G_DE8C3,5C:4D:BF:6D:E8:C3,Unknown,-100,0,
23:12:59,Idoom 4G_EA51A,54:1F:8D:8E:A5:1A,Unknown,-100,3,
23:12:59,Idoom 4G_DE8C3,5C:4D:BF:6D:E8:C3,Unknown,-100,0,
23:13:00,Idoom 4G_EA51A,54:1F:8D:8E:A5:1A,Unknown,-100,3,
23:13:00,Idoom 4G_DE8C3,5C:4D:BF:6D:E8:C3,Unknown,-100,0,
23:13:00,Idoom 4G_1FCFA,54:1F:8D:F1:FC:FA,Unknown,-100,0,
23:13:02,Idoom 4G_EA51A,54:1F:8D:8E:A5:1A,Unknown,-100,3,
23:13:02,Idoom 4G_DE8C3,5C:4D:BF:6D:E8:C3,Unknown,-100,0,
23:13:02,Idoom 4G_1FCFA,54:1F:8D:F1:FC:FA,Unknown,-100,0,
23:13:03,Idoom 4G_EA51A,54:1F:8D:8E:A5:1A,Unknown,-100,3,
23:13:03,Idoom 4G_1FCFA,54:1F:8D:F1:FC:FA,Unknown,-100,0,
23:13:05,Idoom 4G_EA51A,54:1F:8D:8E:A5:1A,Unknown,-100,3,
23:13:05,Idoom 4G_1FCFA,54:1F:8D:F1:FC:FA,Unknown,-100,0,
23:13:06,Idoom 4G_EA51A,54:1F:8D:8E:A5:1A,Unknown,-100,3,
23:13:06,Idoom 4G_1FCFA,54:1F:8D:F1:FC:FA,Unknown,-100,0,
23:13:08,Idoom 4G_EA51A,54:1F:8D:8E:A5:1A,Unknown,-100,3,
23:13:08,Idoom 4G_1FCFA,54:1F:8D:F1:FC:FA,Unknown,-100,0,
23:13:08,Idoom 4G_DE8C3,5C:4D:BF:6D:E8:C3,Unknown,-100,0,
23:13:09,Idoom 4G_EA51A,54:1F:8D:8E:A5:1A,Unknown,-100,3,
23:13:09,Idoom 4G_1FCFA,54:1F:8D:F1:FC:FA,Unknown,-100,0,
23:13:09,Idoom 4G_DE8C3,5C:4D:BF:6D:E8:C3,Unknown,-100,0,
23:13:11,Idoom 4G_EA51A,54:1F:8D:8E:A5:1A,Unknown,-100,3,
23:13:11,Idoom 4G_1FCFA,54:1F:8D:F1:FC:FA,Unknown,-100,0,
23:13:11,Idoom 4G_DE8C3,5C:4D:BF:6D:E8:C3,Unknown,-100,0,
23:13:12,Idoom 4G_EA51A,54:1F:8D:8E:A5:1A,Unknown,-100,3,
23:13:12,Idoom 4G_1FCFA,54:1F:8D:F1:FC:FA,Unknown,-100,0,
23:13:12,Idoom 4G_DE8C3,5C:4D:BF:6D:E8:C3,Unknown,-100,0,
23:13:14,Idoom 4G_EA51A,54:1F:8D:8E:A5:1A,Unknown,-100,3,
23:13:14,Idoom 4G_1FCFA,54:1F:8D:F1:FC:FA,Unknown,-100,0,
23:13:14,Idoom 4G_DE8C3,5C:4D:BF:6D:E8:C3,Unknown,-100,0,
23:13:15,Idoom 4G_EA51A,54:1F:8D:8E:A5:1A,Unknown,-100,3,
23:13:15,Idoom 4G_1FCFA,54:1F:8D:F1:FC:FA,Unknown,-100,0,
23:13:15,Idoom 4G_DE8C3,5C:4D:BF:6D:E8:C3,Unknown,-100,0,
23:13:17,Idoom 4G_EA51A,54:1F:8D:8E:A5:1A,Unknown,-100,3,
23:13:17,Idoom 4G_1FCFA,54:1F:8D:F1:FC:FA,Unknown,-100,0,
23:13:17,Idoom 4G_DE8C3,5C:4D:BF:6D:E8:C3,Unknown,-100,0,
23:13:18,Idoom 4G_EA51A,54:1F:8D:8E:A5:1A,Unknown,-100,3,
23:13:18,Idoom 4G_1FCFA,54:1F:8D:F1:FC:FA,Unknown,-100,0,
23:13:18,Idoom 4G_DE8C3,5C:4D:BF:6D:E8:C3,Unknown,-100,0,
23:13:20,Idoom 4G_EA51A,54:1F:8D:8E:A5:1A,Unknown,-100,3,
23:13:20,Idoom 4G_1FCFA,54:1F:8D:F1:FC:FA,Unknown,-100,0,
23:13:20,Idoom 4G_DE8C3,5C:4D:BF:6D:E8:C3,Unknown,-100,0,
23:13:21,Idoom 4G_EA51A,54:1F:8D:8E:A5:1A,Unknown,-100,3,
23:13:21,Idoom 4G_1FCFA,54:1F:8D:F1:FC:FA,Unknown,-100,0,
23:13:21,Idoom 4G_DE8C3,5C:4D:BF:6D:E8:C3,Unknown,-100,0,
23:13:23,Idoom 4G_EA51A,54:1F:8D:8E:A5:1A,Unknown,-100,3,
23:13:23,Idoom 4G_1FCFA,54:1F:8D:F1:FC:FA,Unknown,-100,0,
23:13:23,Idoom 4G_DE8C3,5C:4D:BF:6D:E8:C3,Unknown,-100,0,
23:13:24,Idoom 4G_EA51A,54:1F:8D:8E:A5:1A,Unknown,-100,3,
23:13:24,Idoom 4G_1FCFA,54:1F:8D:F1:FC:FA,Unknown,-100,0,
23:13:24,Idoom 4G_DE8C3,5C:4D:BF:6D:E8:C3,Unknown,-100,0,
23:13:26,Idoom 4G_EA51A,54:1F:8D:8E:A5:1A,Unknown,-100,3,
23:13:26,Idoom 4G_1FCFA,54:1F:8D:F1:FC:FA,Unknown,-100,0,
23:13:26,Idoom 4G_DE8C3,5C:4D:BF:6D:E8:C3,Unknown,-100,0,
23:13:27,Idoom 4G_EA51A,54:1F:8D:8E:A5:1A,Unknown,-100,3,
23:13:27,Idoom 4G_1FCFA,54:1F:8D:F1:FC:FA,Unknown,-100,0,
23:13:27,Idoom 4G_DE8C3,5C:4D:BF:6D:E8:C3,Unknown,-100,0,
23:13:29,Idoom 4G_EA51A,54:1F:8D:8E:A5:1A,Unknown,-100,3,
23:13:29,Idoom 4G_1FCFA,54:1F:8D:F1:FC:FA,Unknown,-100,0,
23:13:29,Idoom 4G_DE8C3,5C:4D:BF:6D:E8:C3,Unknown,-100,0,
23:13:30,Idoom 4G_EA51A,54:1F:8D:8E:A5:1A,Unknown,-100,3,
23:13:30,Idoom 4G_1FCFA,54:1F:8D:F1:FC:FA,Unknown,-100,0,
23:13:30,Idoom 4G_DE8C3,5C:4D:BF:6D:E8:C3,Unknown,-100,0,
23:13:32,Idoom 4G_EA51A,54:1F:8D:8E:A5:1A,Unknown,-100,3,
23:13:32,Idoom 4G_1FCFA,54:1F:8D:F1:FC:FA,Unknown,-100,0,
23:13:32,Idoom 4G_DE8C3,5C:4D:BF:6D:E8:C3,Unknown,-100,0,
23:13:33,Idoom 4G_EA51A,54:1F:8D:8E:A5:1A,Unknown,-100,3,
23:13:33,Idoom 4G_1FCFA,54:1F:8D:F1:FC:FA,Unknown,-100,0,
23:13:33,Idoom 4G_DE8C3,5C:4D:BF:6D:E8:C3,Unknown,-100,0,
23:13:35,Idoom 4G_EA51A,54:1F:8D:8E:A5:1A,Unknown,-100,3,
23:13:35,Idoom 4G_1FCFA,54:1F:8D:F1:FC:FA,Unknown,-100,0,
23:13:35,Idoom 4G_DE8C3,5C:4D:BF:6D:E8:C3,Unknown,-100,0,
23:13:36,Idoom 4G_EA51A,54:1F:8D:8E:A5:1A,Unknown,-100,3,
23:13:36,Idoom 4G_1FCFA,54:1F:8D:F1:FC:FA,Unknown,-100,0,
23:13:36,Idoom 4G_DE8C3,5C:4D:BF:6D:E8:C3,Unknown,-100,0,
23:13:38,Idoom 4G_EA51A,54:1F:8D:8E:A5:1A,Unknown,-100,3,
23:13:38,Idoom 4G_1FCFA,54:1F:8D:F1:FC:FA,Unknown,-100,0,
23:13:38,Idoom 4G_DE8C3,5C:4D:BF:6D:E8:C3,Unknown,-100,0,
23:13:39,Idoom 4G_EA51A,54:1F:8D:8E:A5:1A,Unknown,-100,3,
23:13:39,Idoom 4G_1FCFA,54:1F:8D:F1:FC:FA,Unknown,-100,0,
23:13:39,Idoom 4G_DE8C3,5C:4D:BF:6D:E8:C3,Unknown,-100,0,
23:13:41,Idoom 4G_EA51A,54:1F:8D:8E:A5:1A,Unknown,-100,3,
23:13:41,Idoom 4G_1FCFA,54:1F:8D:F1:FC:FA,Unknown,-100,0,
23:13:41,Idoom 4G_DE8C3,5C:4D:BF:6D:E8:C3,Unknown,-100,0,
23:13:42,Idoom 4G_EA51A,54:1F:8D:8E:A5:1A,Unknown,-100,3,
23:13:42,Idoom 4G_1FCFA,54:1F:8D:F1:FC:FA,Unknown,-100,0,
23:13:42,Idoom 4G_DE8C3,5C:4D:BF:6D:E8:C3,Unknown,-100,0,
23:13:44,Idoom 4G_EA51A,54:1F:8D:8E:A5:1A,Unknown,-100,3,
23:13:44,Idoom 4G_1FCFA,54:1F:8D:F1:FC:FA,Unknown,-100,0,
23:13:44,Idoom 4G_DE8C3,5C:4D:BF:6D:E8:C3,Unknown,-100,0,
23:13:45,Idoom 4G_EA51A,54:1F:8D:8E:A5:1A,Unknown,-100,3,
23:13:45,Idoom 4G_1FCFA,54:1F:8D:F1:FC:FA,Unknown,-100,0,
23:13:45,Idoom 4G_DE8C3,5C:4D:BF:6D:E8:C3,Unknown,-100,0,
23:13:47,Idoom 4G_EA51A,54:1F:8D:8E:A5:1A,Unknown,-100,3,
23:13:47,Idoom 4G_1FCFA,54:1F:8D:F1:FC:FA,Unknown,-100,0,
23:13:47,Idoom 4G_DE8C3,5C:4D:BF:6D:E8:C3,Unknown,-100,0,
23:13:48,Idoom 4G_EA51A,54:1F:8D:8E:A5:1A,Unknown,-100,3,
23:13:48,Idoom 4G_1FCFA,54:1F:8D:F1:FC:FA,Unknown,-100,0,
23:13:48,Idoom 4G_DE8C3,5C:4D:BF:6D:E8:C3,Unknown,-100,0,
23:13:50,Idoom 4G_EA51A,54:1F:8D:8E:A5:1A,Unknown,-100,3,
23:13:50,Idoom 4G_1FCFA,54:1F:8D:F1:FC:FA,Unknown,-100,0,
23:13:50,Idoom 4G_DE8C3,5C:4D:BF:6D:E8:C3,Unknown,-100,0,
23:13:51,Idoom 4G_EA51A,54:1F:8D:8E:A5:1A,Unknown,-100,3,
23:13:51,Idoom 4G_1FCFA,54:1F:8D:F1:FC:FA,Unknown,-100,0,
23:13:51,Idoom 4G_DE8C3,5C:4D:BF:6D:E8:C3,Unknown,-100,0,
23:13:53,Idoom 4G_EA51A,54:1F:8D:8E:A5:1A,Unknown,-100,3,
23:13:53,Idoom 4G_1FCFA,54:1F:8D:F1:FC:FA,Unknown,-100,0,
23:13:53,Idoom 4G_DE8C3,5C:4D:BF:6D:E8:C3,Unknown,-100,0,
23:13:54,Idoom 4G_EA51A,54:1F:8D:8E:A5:1A,Unknown,-100,3,
23:13:54,Idoom 4G_1FCFA,54:1F:8D:F1:FC:FA,Unknown,-100,0,
23:13:54,Idoom 4G_DE8C3,5C:4D:BF:6D:E8:C3,Unknown,-100,0,
23:13:56,Idoom 4G_EA51A,54:1F:8D:8E:A5:1A,Unknown,-100,3,
23:13:56,Idoom 4G_1FCFA,54:1F:8D:F1:FC:FA,Unknown,-100,0,
23:13:56,Idoom 4G_DE8C3,5C:4D:BF:6D:E8:C3,Unknown,-100,0,
23:13:57,Idoom 4G_EA51A,54:1F:8D:8E:A5:1A,Unknown,-100,3,
23:13:57,Idoom 4G_1FCFA,54:1F:8D:F1:FC:FA,Unknown,-100,0,
23:13:57,Idoom 4G_DE8C3,5C:4D:BF:6D:E8:C3,Unknown,-100,0,
23:13:59,Idoom 4G_EA51A,54:1F:8D:8E:A5:1A,Unknown,-100,3,
23:13:59,Idoom 4G_1FCFA,54:1F:8D:F1:FC:FA,Unknown,-100,0,
23:13:59,Idoom 4G_DE8C3,5C:4D:BF:6D:E8:C3,Unknown,-100,0,
23:14:00,Idoom 4G_EA51A,54:1F:8D:8E:A5:1A,Unknown,-100,3,
23:14:00,Idoom 4G_1FCFA,54:1F:8D:F1:FC:FA,Unknown,-100,0,
23:14:00,Idoom 4G_DE8C3,5C:4D:BF:6D:E8:C3,Unknown,-100,0,
23:14:02,Idoom 4G_EA51A,54:1F:8D:8E:A5:1A,Unknown,-100,3,
23:14:02,Idoom 4G_1FCFA,54:1F:8D:F1:FC:FA,Unknown,-100,0,
23:14:02,Idoom 4G_DE8C3,5C:4D:BF:6D:E8:C3,Unknown,-100,0,
23:14:03,Idoom 4G_EA51A,54:1F:8D:8E:A5:1A,Unknown,-100,3,
23:14:03,Idoom 4G_1FCFA,54:1F:8D:F1:FC:FA,Unknown,-100,0,
23:14:03,Idoom 4G_DE8C3,5C:4D:BF:6D:E8:C3,Unknown,-100,0,
23:14:05,Idoom 4G_EA51A,54:1F:8D:8E:A5:1A,Unknown,-100,3,
23:14:05,Idoom 4G_1FCFA,54:1F:8D:F1:FC:FA,Unknown,-100,0,
23:14:05,Idoom 4G_DE8C3,5C:4D:BF:6D:E8:C3,Unknown,-100,0,
23:14:06,Idoom 4G_EA51A,54:1F:8D:8E:A5:1A,Unknown,-100,3,
23:14:06,Idoom 4G_1FCFA,54:1F:8D:F1:FC:FA,Unknown,-100,0,
23:14:06,Idoom 4G_DE8C3,5C:4D:BF:6D:E8:C3,Unknown,-100,0,
23:14:08,Idoom 4G_EA51A,54:1F:8D:8E:A5:1A,Unknown,-100,3,
23:14:08,Idoom 4G_1FCFA,54:1F:8D:F1:FC:FA,Unknown,-100,0,
23:14:08,Idoom 4G_DE8C3,5C:4D:BF:6D:E8:C3,Unknown,-100,0,
23:14:09,Idoom 4G_EA51A,54:1F:8D:8E:A5:1A,Unknown,-100,3,
23:14:09,Idoom 4G_1FCFA,54:1F:8D:F1:FC:FA,Unknown,-100,0,
23:14:09,Idoom 4G_DE8C3,5C:4D:BF:6D:E8:C3,Unknown,-100,0,
23:14:11,Idoom 4G_EA51A,54:1F:8D:8E:A5:1A,Unknown,-100,3,
23:14:11,Idoom 4G_1FCFA,54:1F:8D:F1:FC:FA,Unknown,-100,0,
23:14:11,Idoom 4G_DE8C3,5C:4D:BF:6D:E8:C3,Unknown,-100,0,
23:14:12,Idoom 4G_EA51A,54:1F:8D:8E:A5:1A,Unknown,-100,3,
23:14:12,Idoom 4G_1FCFA,54:1F:8D:F1:FC:FA,Unknown,-100,0,
23:14:12,Idoom 4G_DE8C3,5C:4D:BF:6D:E8:C3,Unknown,-100,0,
23:14:14,Idoom 4G_EA51A,54:1F:8D:8E:A5:1A,Unknown,-100,3,
23:14:14,Idoom 4G_1FCFA,54:1F:8D:F1:FC:FA,Unknown,-100,0,
23:14:14,Idoom 4G_DE8C3,5C:4D:BF:6D:E8:C3,Unknown,-100,0,
23:14:15,Idoom 4G_EA51A,54:1F:8D:8E:A5:1A,Unknown,-100,3,
23:14:15,Idoom 4G_1FCFA,54:1F:8D:F1:FC:FA,Unknown,-100,0,
23:14:15,Idoom 4G_DE8C3,5C:4D:BF:6D:E8:C3,Unknown,-100,0,
23:14:17,Idoom 4G_EA51A,54:1F:8D:8E:A5:1A,Unknown,-100,3,
23:14:17,Idoom 4G_1FCFA,54:1F:8D:F1:FC:FA,Unknown,-100,0,
23:14:17,Idoom 4G_DE8C3,5C:4D:BF:6D:E8:C3,Unknown,-100,0,
23:14:18,Idoom 4G_EA51A,54:1F:8D:8E:A5:1A,Unknown,-100,3,
23:14:18,Idoom 4G_1FCFA,54:1F:8D:F1:FC:FA,Unknown,-100,0,
23:14:18,Idoom 4G_DE8C3,5C:4D:BF:6D:E8:C3,Unknown,-100,0,
23:14:20,Idoom 4G_EA51A,54:1F:8D:8E:A5:1A,Unknown,-100,3,
23:14:20,Idoom 4G_1FCFA,54:1F:8D:F1:FC:FA,Unknown,-100,0,
23:14:20,Idoom 4G_DE8C3,5C:4D:BF:6D:E8:C3,Unknown,-100,0,
23:14:21,Idoom 4G_EA51A,54:1F:8D:8E:A5:1A,Unknown,-100,3,
23:14:21,Idoom 4G_1FCFA,54:1F:8D:F1:FC:FA,Unknown,-100,0,
23:14:21,Idoom 4G_DE8C3,5C:4D:BF:6D:E8:C3,Unknown,-100,0,
23:14:23,Idoom 4G_EA51A,54:1F:8D:8E:A5:1A,Unknown,-100,3,
23:14:23,Idoom 4G_1FCFA,54:1F:8D:F1:FC:FA,Unknown,-100,0,
23:14:23,Idoom 4G_DE8C3,5C:4D:BF:6D:E8:C3,Unknown,-100,0,
23:14:24,Idoom 4G_EA51A,54:1F:8D:8E:A5:1A,Unknown,-100,3,
23:14:24,Idoom 4G_1FCFA,54:1F:8D:F1:FC:FA,Unknown,-100,0,
23:14:24,Idoom 4G_DE8C3,5C:4D:BF:6D:E8:C3,Unknown,-100,0,
23:14:26,Idoom 4G_EA51A,54:1F:8D:8E:A5:1A,Unknown,-100,3,
23:14:26,Idoom 4G_1FCFA,54:1F:8D:F1:FC:FA,Unknown,-100,0,
23:14:26,Idoom 4G_DE8C3,5C:4D:BF:6D:E8:C3,Unknown,-100,0,
23:14:27,Idoom 4G_EA51A,54:1F:8D:8E:A5:1A,Unknown,-100,3,
23:14:27,Idoom 4G_1FCFA,54:1F:8D:F1:FC:FA,Unknown,-100,0,
23:14:27,Idoom 4G_DE8C3,5C:4D:BF:6D:E8:C3,Unknown,-100,0,
23:14:29,Idoom 4G_EA51A,54:1F:8D:8E:A5:1A,Unknown,-100,3,
23:14:29,Idoom 4G_1FCFA,54:1F:8D:F1:FC:FA,Unknown,-100,0,
23:14:29,Idoom 4G_DE8C3,5C:4D:BF:6D:E8:C3,Unknown,-100,0,
23:14:30,Idoom 4G_EA51A,54:1F:8D:8E:A5:1A,Unknown,-100,3,
23:14:30,Idoom 4G_1FCFA,54:1F:8D:F1:FC:FA,Unknown,-100,0,
23:14:30,Idoom 4G_DE8C3,5C:4D:BF:6D:E8:C3,Unknown,-100,0,
23:14:32,Idoom 4G_EA51A,54:1F:8D:8E:A5:1A,Unknown,-100,3,
23:14:32,Idoom 4G_1FCFA,54:1F:8D:F1:FC:FA,Unknown,-100,0,
23:14:32,Idoom 4G_DE8C3,5C:4D:BF:6D:E8:C3,Unknown,-100,0,
23:14:33,Idoom 4G_EA51A,54:1F:8D:8E:A5:1A,Unknown,-100,3,
23:14:33,Idoom 4G_1FCFA,54:1F:8D:F1:FC:FA,Unknown,-100,0,
23:14:33,Idoom 4G_DE8C3,5C:4D:BF:6D:E8:C3,Unknown,-100,0,
23:14:35,Idoom 4G_EA51A,54:1F:8D:8E:A5:1A,Unknown,-100,3,
23:14:35,Idoom 4G_1FCFA,54:1F:8D:F1:FC:FA,Unknown,-100,0,
23:14:35,Idoom 4G_DE8C3,5C:4D:BF:6D:E8:C3,Unknown,-100,0,
23:14:36,Idoom 4G_EA51A,54:1F:8D:8E:A5:1A,Unknown,-100,3,
23:14:36,Idoom 4G_1FCFA,54:1F:8D:F1:FC:FA,Unknown,-100,0,
23:14:36,Idoom 4G_DE8C3,5C:4D:BF:6D:E8:C3,Unknown,-100,0,
23:14:38,Idoom 4G_EA51A,54:1F:8D:8E:A5:1A,Unknown,-100,3,
23:14:38,Idoom 4G_DE8C3,5C:4D:BF:6D:E8:C3,Unknown,-100,0,
23:14:39,Idoom 4G_EA51A,54:1F:8D:8E:A5:1A,Unknown,-100,3,
23:14:39,Idoom 4G_DE8C3,5C:4D:BF:6D:E8:C3,Unknown,-100,0,
23:14:41,Idoom 4G_EA51A,54:1F:8D:8E:A5:1A,Unknown,-100,3,
23:14:41,Idoom 4G_DE8C3,5C:4D:BF:6D:E8:C3,Unknown,-100,0,
23:14:42,Idoom 4G_EA51A,54:1F:8D:8E:A5:1A,Unknown,-100,3,
23:14:42,Idoom 4G_DE8C3,5C:4D:BF:6D:E8:C3,Unknown,-100,0,
23:14:44,Idoom 4G_EA51A,54:1F:8D:8E:A5:1A,Unknown,-100,3,
23:14:44,Idoom 4G_DE8C3,5C:4D:BF:6D:E8:C3,Unknown,-100,0,
23:14:45,Idoom 4G_EA51A,54:1F:8D:8E:A5:1A,Unknown,-100,3,
23:14:45,Idoom 4G_DE8C3,5C:4D:BF:6D:E8:C3,Unknown,-100,0,
23:14:47,Idoom 4G_EA51A,54:1F:8D:8E:A5:1A,Unknown,-100,3,
23:14:47,Idoom 4G_DE8C3,5C:4D:BF:6D:E8:C3,Unknown,-100,0,
23:14:48,Idoom 4G_EA51A,54:1F:8D:8E:A5:1A,Unknown,-100,3,
23:14:48,Idoom 4G_DE8C3,5C:4D:BF:6D:E8:C3,Unknown,-100,0,
23:14:50,Idoom 4G_EA51A,54:1F:8D:8E:A5:1A,Unknown,-100,3,
23:14:50,Idoom 4G_DE8C3,5C:4D:BF:6D:E8:C3,Unknown,-100,0,
23:14:51,Idoom 4G_EA51A,54:1F:8D:8E:A5:1A,Unknown,-100,3,
23:14:51,Idoom 4G_DE8C3,5C:4D:BF:6D:E8:C3,Unknown,-100,0,
23:14:53,Idoom 4G_EA51A,54:1F:8D:8E:A5:1A,Unknown,-100,3,
23:14:53,Idoom 4G_DE8C3,5C:4D:BF:6D:E8:C3,Unknown,-100,0,
23:14:54,Idoom 4G_EA51A,54:1F:8D:8E:A5:1A,Unknown,-100,3,
23:14:54,Idoom 4G_DE8C3,5C:4D:BF:6D:E8:C3,Unknown,-100,0,
23:14:56,Idoom 4G_EA51A,54:1F:8D:8E:A5:1A,Unknown,-100,3,
23:14:56,Idoom 4G_DE8C3,5C:4D:BF:6D:E8:C3,Unknown,-100,0,
23:14:57,Idoom 4G_EA51A,54:1F:8D:8E:A5:1A,Unknown,-100,3,
23:14:57,Idoom 4G_DE8C3,5C:4D:BF:6D:E8:C3,Unknown,-100,0,
23:14:59,Idoom 4G_EA51A,54:1F:8D:8E:A5:1A,Unknown,-100,3,
23:14:59,Idoom 4G_DE8C3,5C:4D:BF:6D:E8:C3,Unknown,-100,0,
23:15:00,Idoom 4G_EA51A,54:1F:8D:8E:A5:1A,Unknown,-100,3,
23:15:00,Idoom 4G_DE8C3,5C:4D:BF:6D:E8:C3,Unknown,-100,0,
23:15:02,Idoom 4G_EA51A,54:1F:8D:8E:A5:1A,Unknown,-100,3,
23:15:02,Idoom 4G_DE8C3,5C:4D:BF:6D:E8:C3,Unknown,-100,0,
23:15:03,Idoom 4G_EA51A,54:1F:8D:8E:A5:1A,Unknown,-100,3,
23:15:03,Idoom 4G_DE8C3,5C:4D:BF:6D:E8:C3,Unknown,-100,0,
23:15:05,Idoom 4G_EA51A,54:1F:8D:8E:A5:1A,Unknown,-100,3,
23:15:05,Idoom 4G_DE8C3,5C:4D:BF:6D:E8:C3,Unknown,-100,0,
23:15:06,Idoom 4G_EA51A,54:1F:8D:8E:A5:1A,Unknown,-100,3,
23:15:06,Idoom 4G_DE8C3,5C:4D:BF:6D:E8:C3,Unknown,-100,0,
23:15:08,Idoom 4G_EA51A,54:1F:8D:8E:A5:1A,Unknown,-100,3,
23:15:08,Idoom 4G_DE8C3,5C:4D:BF:6D:E8:C3,Unknown,-100,0,
23:15:09,Idoom 4G_EA51A,54:1F:8D:8E:A5:1A,Unknown,-100,3,
23:15:09,Idoom 4G_DE8C3,5C:4D:BF:6D:E8:C3,Unknown,-100,0,
23:15:11,Idoom 4G_EA51A,54:1F:8D:8E:A5:1A,Unknown,-100,3,
23:15:11,Idoom 4G_DE8C3,5C:4D:BF:6D:E8:C3,Unknown,-100,0,
23:15:12,Idoom 4G_EA51A,54:1F:8D:8E:A5:1A,Unknown,-100,3,
23:15:12,Idoom 4G_DE8C3,5C:4D:BF:6D:E8:C3,Unknown,-100,0,
23:15:14,Idoom 4G_EA51A,54:1F:8D:8E:A5:1A,Unknown,-100,3,
23:15:14,Idoom 4G_DE8C3,5C:4D:BF:6D:E8:C3,Unknown,-100,0,
23:15:15,Idoom 4G_EA51A,54:1F:8D:8E:A5:1A,Unknown,-100,3,
23:15:15,Idoom 4G_DE8C3,5C:4D:BF:6D:E8:C3,Unknown,-100,0,
23:15:17,Idoom 4G_EA51A,54:1F:8D:8E:A5:1A,Unknown,-100,3,
23:15:17,Idoom 4G_DE8C3,5C:4D:BF:6D:E8:C3,Unknown,-100,0,
23:15:18,Idoom 4G_EA51A,54:1F:8D:8E:A5:1A,Unknown,-100,3,
23:15:18,Idoom 4G_DE8C3,5C:4D:BF:6D:E8:C3,Unknown,-100,0,
23:15:20,Idoom 4G_EA51A,54:1F:8D:8E:A5:1A,Unknown,-100,3,
23:15:20,Idoom 4G_DE8C3,5C:4D:BF:6D:E8:C3,Unknown,-100,0,
23:15:21,Idoom 4G_EA51A,54:1F:8D:8E:A5:1A,Unknown,-100,3,
23:15:21,Idoom 4G_DE8C3,5C:4D:BF:6D:E8:C3,Unknown,-100,0,
23:15:23,Idoom 4G_EA51A,54:1F:8D:8E:A5:1A,Unknown,-100,3,
23:15:23,Idoom 4G_DE8C3,5C:4D:BF:6D:E8:C3,Unknown,-100,0,
23:15:24,Idoom 4G_EA51A,54:1F:8D:8E:A5:1A,Unknown,-100,3,
23:15:24,Idoom 4G_DE8C3,5C:4D:BF:6D:E8:C3,Unknown,-100,0,
23:15:26,Idoom 4G_EA51A,54:1F:8D:8E:A5:1A,Unknown,-100,3,
23:15:26,Idoom 4G_DE8C3,5C:4D:BF:6D:E8:C3,Unknown,-100,0,
23:15:27,Idoom 4G_EA51A,54:1F:8D:8E:A5:1A,Unknown,-100,3,
23:15:27,Idoom 4G_DE8C3,5C:4D:BF:6D:E8:C3,Unknown,-100,0,
23:15:29,Idoom 4G_EA51A,54:1F:8D:8E:A5:1A,Unknown,-100,3,
23:15:29,Idoom 4G_DE8C3,5C:4D:BF:6D:E8:C3,Unknown,-100,0,
23:15:30,Idoom 4G_EA51A,54:1F:8D:8E:A5:1A,Unknown,-100,3,
23:15:30,Idoom 4G_DE8C3,5C:4D:BF:6D:E8:C3,Unknown,-100,0,
23:15:32,Idoom 4G_EA51A,54:1F:8D:8E:A5:1A,Unknown,-100,3,
23:15:32,Idoom 4G_DE8C3,5C:4D:BF:6D:E8:C3,Unknown,-100,0,
23:15:33,Idoom 4G_EA51A,54:1F:8D:8E:A5:1A,Unknown,-100,3,
23:15:33,Idoom 4G_DE8C3,5C:4D:BF:6D:E8:C3,Unknown,-100,0,
23:15:35,Idoom 4G_EA51A,54:1F:8D:8E:A5:1A,Unknown,-100,3,
23:15:35,Idoom 4G_DE8C3,5C:4D:BF:6D:E8:C3,Unknown,-100,0,
23:15:36,Idoom 4G_EA51A,54:1F:8D:8E:A5:1A,Unknown,-100,3,
23:15:36,Idoom 4G_DE8C3,5C:4D:BF:6D:E8:C3,Unknown,-100,0,
23:15:38,Idoom 4G_EA51A,54:1F:8D:8E:A5:1A,Unknown,-100,3,
23:15:39,Idoom 4G_EA51A,54:1F:8D:8E:A5:1A,Unknown,-100,3,
23:15:41,Idoom 4G_EA51A,54:1F:8D:8E:A5:1A,Unknown,-100,3,
23:15:42,Idoom 4G_EA51A,54:1F:8D:8E:A5:1A,Unknown,-100,3,
23:15:44,Idoom 4G_EA51A,54:1F:8D:8E:A5:1A,Unknown,-100,3,
23:15:45,Idoom 4G_EA51A,54:1F:8D:8E:A5:1A,Unknown,-100,3,
23:15:47,Idoom 4G_EA51A,54:1F:8D:8E:A5:1A,Unknown,-100,3,
23:15:48,Idoom 4G_EA51A,54:1F:8D:8E:A5:1A,Unknown,-100,3,
23:15:50,Idoom 4G_EA51A,54:1F:8D:8E:A5:1A,Unknown,-100,3,
23:15:51,Idoom 4G_EA51A,54:1F:8D:8E:A5:1A,Unknown,-100,3,
23:15:53,Idoom 4G_EA51A,54:1F:8D:8E:A5:1A,Unknown,-100,3,
23:15:54,Idoom 4G_EA51A,54:1F:8D:8E:A5:1A,Unknown,-100,3,
23:15:54,Idoom 4G_DE8C3,5C:4D:BF:6D:E8:C3,Unknown,-100,0,
23:15:56,Idoom 4G_EA51A,54:1F:8D:8E:A5:1A,Unknown,-100,3,
23:15:56,Idoom 4G_DE8C3,5C:4D:BF:6D:E8:C3,Unknown,-100,0,
23:15:57,Idoom 4G_EA51A,54:1F:8D:8E:A5:1A,Unknown,-100,3,
23:15:57,Idoom 4G_DE8C3,5C:4D:BF:6D:E8:C3,Unknown,-100,0,
23:15:59,Idoom 4G_EA51A,54:1F:8D:8E:A5:1A,Unknown,-100,3,
23:15:59,Idoom 4G_DE8C3,5C:4D:BF:6D:E8:C3,Unknown,-100,0,
23:16:00,Idoom 4G_EA51A,54:1F:8D:8E:A5:1A,Unknown,-100,3,
23:16:00,Idoom 4G_DE8C3,5C:4D:BF:6D:E8:C3,Unknown,-100,0,
23:16:02,Idoom 4G_EA51A,54:1F:8D:8E:A5:1A,Unknown,-100,3,
23:16:02,Idoom 4G_DE8C3,5C:4D:BF:6D:E8:C3,Unknown,-100,0,
23:16:03,Idoom 4G_EA51A,54:1F:8D:8E:A5:1A,Unknown,-100,3,
23:16:03,Idoom 4G_DE8C3,5C:4D:BF:6D:E8:C3,Unknown,-100,0,
23:16:05,Idoom 4G_EA51A,54:1F:8D:8E:A5:1A,Unknown,-100,3,
23:16:05,Idoom 4G_DE8C3,5C:4D:BF:6D:E8:C3,Unknown,-100,0,
23:16:06,Idoom 4G_EA51A,54:1F:8D:8E:A5:1A,Unknown,-100,3,
23:16:06,Idoom 4G_DE8C3,5C:4D:BF:6D:E8:C3,Unknown,-100,0,
23:16:08,Idoom 4G_EA51A,54:1F:8D:8E:A5:1A,Unknown,-100,3,
23:16:08,Idoom 4G_DE8C3,5C:4D:BF:6D:E8:C3,Unknown,-100,0,
23:16:09,Idoom 4G_EA51A,54:1F:8D:8E:A5:1A,Unknown,-100,3,
23:16:09,Idoom 4G_DE8C3,5C:4D:BF:6D:E8:C3,Unknown,-100,0,
23:16:11,Idoom 4G_EA51A,54:1F:8D:8E:A5:1A,Unknown,-100,3,
23:16:11,Idoom 4G_DE8C3,5C:4D:BF:6D:E8:C3,Unknown,-100,0,
23:16:12,Idoom 4G_EA51A,54:1F:8D:8E:A5:1A,Unknown,-100,3,
23:16:12,Idoom 4G_DE8C3,5C:4D:BF:6D:E8:C3,Unknown,-100,0,
23:16:14,Idoom 4G_EA51A,54:1F:8D:8E:A5:1A,Unknown,-100,3,
23:16:14,Idoom 4G_DE8C3,5C:4D:BF:6D:E8:C3,Unknown,-100,0,
23:16:15,Idoom 4G_EA51A,54:1F:8D:8E:A5:1A,Unknown,-100,3,
23:16:15,Idoom 4G_DE8C3,5C:4D:BF:6D:E8:C3,Unknown,-100,0,
23:16:17,Idoom 4G_EA51A,54:1F:8D:8E:A5:1A,Unknown,-100,3,
23:16:17,Idoom 4G_DE8C3,5C:4D:BF:6D:E8:C3,Unknown,-100,0,
23:16:18,Idoom 4G_EA51A,54:1F:8D:8E:A5:1A,Unknown,-100,3,
23:16:18,Idoom 4G_DE8C3,5C:4D:BF:6D:E8:C3,Unknown,-100,0,
23:16:20,Idoom 4G_EA51A,54:1F:8D:8E:A5:1A,Unknown,-100,3,
23:16:20,Idoom 4G_DE8C3,5C:4D:BF:6D:E8:C3,Unknown,-100,0,
23:16:21,Idoom 4G_EA51A,54:1F:8D:8E:A5:1A,Unknown,-100,3,
23:16:21,Idoom 4G_DE8C3,5C:4D:BF:6D:E8:C3,Unknown,-100,0,
23:16:23,Idoom 4G_EA51A,54:1F:8D:8E:A5:1A,Unknown,-100,3,
23:16:23,Idoom 4G_DE8C3,5C:4D:BF:6D:E8:C3,Unknown,-100,0,
23:16:24,Idoom 4G_EA51A,54:1F:8D:8E:A5:1A,Unknown,-100,3,
23:16:24,Idoom 4G_DE8C3,5C:4D:BF:6D:E8:C3,Unknown,-100,0,
23:16:26,Idoom 4G_EA51A,54:1F:8D:8E:A5:1A,Unknown,-100,3,
23:16:26,Idoom 4G_DE8C3,5C:4D:BF:6D:E8:C3,Unknown,-100,0,
23:16:27,Idoom 4G_EA51A,54:1F:8D:8E:A5:1A,Unknown,-100,3,
23:16:27,Idoom 4G_DE8C3,5C:4D:BF:6D:E8:C3,Unknown,-100,0,
23:16:29,Idoom 4G_EA51A,54:1F:8D:8E:A5:1A,Unknown,-100,3,
23:16:29,Idoom 4G_DE8C3,5C:4D:BF:6D:E8:C3,Unknown,-100,0,
23:16:30,Idoom 4G_EA51A,54:1F:8D:8E:A5:1A,Unknown,-100,3,
23:16:30,Idoom 4G_DE8C3,5C:4D:BF:6D:E8:C3,Unknown,-100,0,
23:16:32,Idoom 4G_EA51A,54:1F:8D:8E:A5:1A,Unknown,-100,3,
23:16:32,Idoom 4G_DE8C3,5C:4D:BF:6D:E8:C3,Unknown,-100,0,
23:16:33,Idoom 4G_EA51A,54:1F:8D:8E:A5:1A,Unknown,-100,3,
23:16:33,Idoom 4G_DE8C3,5C:4D:BF:6D:E8:C3,Unknown,-100,0,
23:16:35,Idoom 4G_EA51A,54:1F:8D:8E:A5:1A,Unknown,-100,3,
23:16:35,Idoom 4G_DE8C3,5C:4D:BF:6D:E8:C3,Unknown,-100,0,
23:16:36,Idoom 4G_EA51A,54:1F:8D:8E:A5:1A,Unknown,-100,3,
23:16:36,Idoom 4G_DE8C3,5C:4D:BF:6D:E8:C3,Unknown,-100,0,
23:16:38,Idoom 4G_EA51A,54:1F:8D:8E:A5:1A,Unknown,-100,3,
23:16:38,Idoom 4G_DE8C3,5C:4D:BF:6D:E8:C3,Unknown,-100,0,
23:16:39,Idoom 4G_EA51A,54:1F:8D:8E:A5:1A,Unknown,-100,3,
23:16:39,Idoom 4G_DE8C3,5C:4D:BF:6D:E8:C3,Unknown,-100,0,
23:16:41,Idoom 4G_EA51A,54:1F:8D:8E:A5:1A,Unknown,-100,3,
23:16:41,Idoom 4G_DE8C3,5C:4D:BF:6D:E8:C3,Unknown,-100,0,
23:16:42,Idoom 4G_EA51A,54:1F:8D:8E:A5:1A,Unknown,-100,3,
23:16:42,Idoom 4G_DE8C3,5C:4D:BF:6D:E8:C3,Unknown,-100,0,
23:16:44,Idoom 4G_EA51A,54:1F:8D:8E:A5:1A,Unknown,-100,3,
23:16:44,Idoom 4G_DE8C3,5C:4D:BF:6D:E8:C3,Unknown,-100,0,
23:16:45,Idoom 4G_EA51A,54:1F:8D:8E:A5:1A,Unknown,-100,3,
23:16:45,Idoom 4G_DE8C3,5C:4D:BF:6D:E8:C3,Unknown,-100,0,
23:16:47,Idoom 4G_EA51A,54:1F:8D:8E:A5:1A,Unknown,-100,3,
23:16:47,Idoom 4G_DE8C3,5C:4D:BF:6D:E8:C3,Unknown,-100,0,
23:16:48,Idoom 4G_EA51A,54:1F:8D:8E:A5:1A,Unknown,-100,3,
23:16:48,Idoom 4G_DE8C3,5C:4D:BF:6D:E8:C3,Unknown,-100,0,
23:16:50,Idoom 4G_EA51A,54:1F:8D:8E:A5:1A,Unknown,-100,3,
23:16:50,Idoom 4G_DE8C3,5C:4D:BF:6D:E8:C3,Unknown,-100,0,
23:16:51,Idoom 4G_EA51A,54:1F:8D:8E:A5:1A,Unknown,-100,3,
23:16:51,Idoom 4G_DE8C3,5C:4D:BF:6D:E8:C3,Unknown,-100,0,
23:16:53,Idoom 4G_EA51A,54:1F:8D:8E:A5:1A,Unknown,-100,3,
23:16:53,Idoom 4G_DE8C3,5C:4D:BF:6D:E8:C3,Unknown,-100,0,
23:16:54,Idoom 4G_EA51A,54:1F:8D:8E:A5:1A,Unknown,-100,3,
23:16:54,Idoom 4G_DE8C3,5C:4D:BF:6D:E8:C3,Unknown,-100,0,
23:16:56,Idoom 4G_EA51A,54:1F:8D:8E:A5:1A,Unknown,-100,3,
23:16:57,Idoom 4G_EA51A,54:1F:8D:8E:A5:1A,Unknown,-100,3,
23:16:59,Idoom 4G_EA51A,54:1F:8D:8E:A5:1A,Unknown,-100,3,
23:17:00,Idoom 4G_EA51A,54:1F:8D:8E:A5:1A,Unknown,-100,3,
23:17:02,Idoom 4G_EA51A,54:1F:8D:8E:A5:1A,Unknown,-100,3,
23:17:03,Idoom 4G_EA51A,54:1F:8D:8E:A5:1A,Unknown,-100,3,
23:17:05,Idoom 4G_EA51A,54:1F:8D:8E:A5:1A,Unknown,-100,3,
23:17:06,Idoom 4G_EA51A,54:1F:8D:8E:A5:1A,Unknown,-100,3,
23:17:08,Idoom 4G_EA51A,54:1F:8D:8E:A5:1A,Unknown,-100,3,
23:17:09,Idoom 4G_EA51A,54:1F:8D:8E:A5:1A,Unknown,-100,3,
23:17:11,Idoom 4G_EA51A,54:1F:8D:8E:A5:1A,Unknown,-100,3,
23:17:12,Idoom 4G_EA51A,54:1F:8D:8E:A5:1A,Unknown,-100,3,
23:17:14,Idoom 4G_EA51A,54:1F:8D:8E:A5:1A,Unknown,-100,3,
23:17:15,Idoom 4G_EA51A,54:1F:8D:8E:A5:1A,Unknown,-100,3,
23:17:17,Idoom 4G_EA51A,54:1F:8D:8E:A5:1A,Unknown,-100,3,
23:17:18,Idoom 4G_EA51A,54:1F:8D:8E:A5:1A,Unknown,-100,3,
23:17:20,Idoom 4G_EA51A,54:1F:8D:8E:A5:1A,Unknown,-100,3,
23:17:21,Idoom 4G_EA51A,54:1F:8D:8E:A5:1A,Unknown,-100,3,
23:17:23,Idoom 4G_EA51A,54:1F:8D:8E:A5:1A,Unknown,-100,3,
23:17:24,Idoom 4G_EA51A,54:1F:8D:8E:A5:1A,Unknown,-100,3,
23:17:26,Idoom 4G_EA51A,54:1F:8D:8E:A5:1A,Unknown,-100,3,
23:17:27,Idoom 4G_EA51A,54:1F:8D:8E:A5:1A,Unknown,-100,3,
23:17:29,Idoom 4G_EA51A,54:1F:8D:8E:A5:1A,Unknown,-100,3,
23:17:30,Idoom 4G_EA51A,54:1F:8D:8E:A5:1A,Unknown,-100,3,
23:17:32,Idoom 4G_EA51A,54:1F:8D:8E:A5:1A,Unknown,-100,3,
23:17:33,Idoom 4G_EA51A,54:1F:8D:8E:A5:1A,Unknown,-100,3,
23:17:35,Idoom 4G_EA51A,54:1F:8D:8E:A5:1A,Unknown,-100,3,
23:17:36,Idoom 4G_EA51A,54:1F:8D:8E:A5:1A,Unknown,-100,3,
23:17:38,Idoom 4G_EA51A,54:1F:8D:8E:A5:1A,Unknown,-100,3,
23:17:39,Idoom 4G_EA51A,54:1F:8D:8E:A5:1A,Unknown,-100,3,
23:17:41,Idoom 4G_EA51A,54:1F:8D:8E:A5:1A,Unknown,-100,3,
23:17:42,Idoom 4G_EA51A,54:1F:8D:8E:A5:1A,Unknown,-100,3,
23:17:44,Idoom 4G_EA51A,54:1F:8D:8E:A5:1A,Unknown,-100,3,
23:17:45,Idoom 4G_EA51A,54:1F:8D:8E:A5:1A,Unknown,-100,3,
23:17:47,Idoom 4G_EA51A,54:1F:8D:8E:A5:1A,Unknown,-100,3,
23:17:48,Idoom 4G_EA51A,54:1F:8D:8E:A5:1A,Unknown,-100,3,
23:17:50,Idoom 4G_EA51A,54:1F:8D:8E:A5:1A,Unknown,-100,3,
23:17:51,Idoom 4G_EA51A,54:1F:8D:8E:A5:1A,Unknown,-100,3,
23:17:53,Idoom 4G_EA51A,54:1F:8D:8E:A5:1A,Unknown,-100,3,
23:17:54,Idoom 4G_EA51A,54:1F:8D:8E:A5:1A,Unknown,-100,3,
23:17:56,Idoom 4G_EA51A,54:1F:8D:8E:A5:1A,Unknown,-100,3,
23:17:57,Idoom 4G_EA51A,54:1F:8D:8E:A5:1A,Unknown,-100,3,
23:17:59,Idoom 4G_EA51A,54:1F:8D:8E:A5:1A,Unknown,-100,3,
23:18:00,Idoom 4G_EA51A,54:1F:8D:8E:A5:1A,Unknown,-100,3,
23:18:02,Idoom 4G_EA51A,54:1F:8D:8E:A5:1A,Unknown,-100,3,
23:18:03,Idoom 4G_EA51A,54:1F:8D:8E:A5:1A,Unknown,-100,3,
23:18:05,Idoom 4G_EA51A,54:1F:8D:8E:A5:1A,Unknown,-100,3,
23:18:06,Idoom 4G_EA51A,54:1F:8D:8E:A5:1A,Unknown,-100,3,
23:18:08,Idoom 4G_EA51A,54:1F:8D:8E:A5:1A,Unknown,-100,3,
23:18:09,Idoom 4G_EA51A,54:1F:8D:8E:A5:1A,Unknown,-100,3,
23:18:11,Idoom 4G_EA51A,54:1F:8D:8E:A5:1A,Unknown,-100,3,
23:18:12,Idoom 4G_EA51A,54:1F:8D:8E:A5:1A,Unknown,-100,3,
23:18:14,Idoom 4G_EA51A,54:1F:8D:8E:A5:1A,Unknown,-100,3,
23:18:15,Idoom 4G_EA51A,54:1F:8D:8E:A5:1A,Unknown,-100,3,
23:18:17,Idoom 4G_EA51A,54:1F:8D:8E:A5:1A,Unknown,-100,3,
23:18:18,Idoom 4G_EA51A,54:1F:8D:8E:A5:1A,Unknown,-100,3,
23:18:20,Idoom 4G_EA51A,54:1F:8D:8E:A5:1A,Unknown,-100,3,
23:18:21,Idoom 4G_EA51A,54:1F:8D:8E:A5:1A,Unknown,-100,3,
23:18:23,Idoom 4G_EA51A,54:1F:8D:8E:A5:1A,Unknown,-100,3,
23:18:24,Idoom 4G_EA51A,54:1F:8D:8E:A5:1A,Unknown,-100,3,
23:18:24,Idoom 4G_1FCFA,54:1F:8D:F1:FC:FA,Unknown,-100,0,
23:18:26,Idoom 4G_EA51A,54:1F:8D:8E:A5:1A,Unknown,-100,3,
23:18:26,Idoom 4G_1FCFA,54:1F:8D:F1:FC:FA,Unknown,-100,0,
23:18:27,Idoom 4G_EA51A,54:1F:8D:8E:A5:1A,Unknown,-100,3,
23:18:27,Idoom 4G_1FCFA,54:1F:8D:F1:FC:FA,Unknown,-100,0,
23:18:29,Idoom 4G_EA51A,54:1F:8D:8E:A5:1A,Unknown,-100,3,
23:18:29,Idoom 4G_1FCFA,54:1F:8D:F1:FC:FA,Unknown,-100,0,
23:18:30,Idoom 4G_EA51A,54:1F:8D:8E:A5:1A,Unknown,-100,3,
23:18:30,Idoom 4G_1FCFA,54:1F:8D:F1:FC:FA,Unknown,-100,0,
23:18:32,Idoom 4G_EA51A,54:1F:8D:8E:A5:1A,Unknown,-100,3,
23:18:32,Idoom 4G_1FCFA,54:1F:8D:F1:FC:FA,Unknown,-100,0,
23:18:33,Idoom 4G_EA51A,54:1F:8D:8E:A5:1A,Unknown,-100,3,
23:18:33,Idoom 4G_1FCFA,54:1F:8D:F1:FC:FA,Unknown,-100,0,
23:18:35,Idoom 4G_EA51A,54:1F:8D:8E:A5:1A,Unknown,-100,3,
23:18:35,Idoom 4G_1FCFA,54:1F:8D:F1:FC:FA,Unknown,-100,0,
23:18:36,Idoom 4G_EA51A,54:1F:8D:8E:A5:1A,Unknown,-100,3,
23:18:36,Idoom 4G_1FCFA,54:1F:8D:F1:FC:FA,Unknown,-100,0,
23:18:38,Idoom 4G_EA51A,54:1F:8D:8E:A5:1A,Unknown,-100,3,
23:18:38,Idoom 4G_1FCFA,54:1F:8D:F1:FC:FA,Unknown,-100,0,
23:18:39,Idoom 4G_EA51A,54:1F:8D:8E:A5:1A,Unknown,-100,3,
23:18:39,Idoom 4G_1FCFA,54:1F:8D:F1:FC:FA,Unknown,-100,0,
23:18:41,Idoom 4G_EA51A,54:1F:8D:8E:A5:1A,Unknown,-100,3,
23:18:41,Idoom 4G_1FCFA,54:1F:8D:F1:FC:FA,Unknown,-100,0,
23:18:42,Idoom 4G_EA51A,54:1F:8D:8E:A5:1A,Unknown,-100,3,
23:18:42,Idoom 4G_1FCFA,54:1F:8D:F1:FC:FA,Unknown,-100,0,
23:18:44,Idoom 4G_EA51A,54:1F:8D:8E:A5:1A,Unknown,-100,3,
23:18:44,Idoom 4G_1FCFA,54:1F:8D:F1:FC:FA,Unknown,-100,0,
23:18:44,Idoom 4G_DE8C3,5C:4D:BF:6D:E8:C3,Unknown,-100,0,
23:18:45,Idoom 4G_EA51A,54:1F:8D:8E:A5:1A,Unknown,-100,3,
23:18:45,Idoom 4G_1FCFA,54:1F:8D:F1:FC:FA,Unknown,-100,0,
23:18:45,Idoom 4G_DE8C3,5C:4D:BF:6D:E8:C3,Unknown,-100,0,
23:18:47,Idoom 4G_EA51A,54:1F:8D:8E:A5:1A,Unknown,-100,3,
23:18:47,Idoom 4G_1FCFA,54:1F:8D:F1:FC:FA,Unknown,-100,0,
23:18:47,Idoom 4G_DE8C3,5C:4D:BF:6D:E8:C3,Unknown,-100,0,
23:18:48,Idoom 4G_EA51A,54:1F:8D:8E:A5:1A,Unknown,-100,3,
23:18:48,Idoom 4G_1FCFA,54:1F:8D:F1:FC:FA,Unknown,-100,0,
23:18:48,Idoom 4G_DE8C3,5C:4D:BF:6D:E8:C3,Unknown,-100,0,
23:18:50,Idoom 4G_EA51A,54:1F:8D:8E:A5:1A,Unknown,-100,3,
23:18:50,Idoom 4G_1FCFA,54:1F:8D:F1:FC:FA,Unknown,-100,0,
23:18:50,Idoom 4G_DE8C3,5C:4D:BF:6D:E8:C3,Unknown,-100,0,
23:18:51,Idoom 4G_EA51A,54:1F:8D:8E:A5:1A,Unknown,-100,3,
23:18:51,Idoom 4G_1FCFA,54:1F:8D:F1:FC:FA,Unknown,-100,0,
23:18:51,Idoom 4G_DE8C3,5C:4D:BF:6D:E8:C3,Unknown,-100,0,
23:18:53,Idoom 4G_EA51A,54:1F:8D:8E:A5:1A,Unknown,-100,3,
23:18:53,Idoom 4G_1FCFA,54:1F:8D:F1:FC:FA,Unknown,-100,0,
23:18:53,Idoom 4G_DE8C3,5C:4D:BF:6D:E8:C3,Unknown,-100,0,
23:18:54,Idoom 4G_EA51A,54:1F:8D:8E:A5:1A,Unknown,-100,3,
23:18:54,Idoom 4G_1FCFA,54:1F:8D:F1:FC:FA,Unknown,-100,0,
23:18:54,Idoom 4G_DE8C3,5C:4D:BF:6D:E8:C3,Unknown,-100,0,
23:18:56,Idoom 4G_EA51A,54:1F:8D:8E:A5:1A,Unknown,-100,3,
23:18:56,Idoom 4G_1FCFA,54:1F:8D:F1:FC:FA,Unknown,-100,0,
23:18:56,Idoom 4G_DE8C3,5C:4D:BF:6D:E8:C3,Unknown,-100,0,
23:18:57,Idoom 4G_EA51A,54:1F:8D:8E:A5:1A,Unknown,-100,3,
23:18:57,Idoom 4G_1FCFA,54:1F:8D:F1:FC:FA,Unknown,-100,0,
23:18:57,Idoom 4G_DE8C3,5C:4D:BF:6D:E8:C3,Unknown,-100,0,
23:18:59,Idoom 4G_EA51A,54:1F:8D:8E:A5:1A,Unknown,-100,3,
23:18:59,Idoom 4G_1FCFA,54:1F:8D:F1:FC:FA,Unknown,-100,0,
23:18:59,Idoom 4G_DE8C3,5C:4D:BF:6D:E8:C3,Unknown,-100,0,
23:19:00,Idoom 4G_EA51A,54:1F:8D:8E:A5:1A,Unknown,-100,3,
23:19:00,Idoom 4G_1FCFA,54:1F:8D:F1:FC:FA,Unknown,-100,0,
23:19:00,Idoom 4G_DE8C3,5C:4D:BF:6D:E8:C3,Unknown,-100,0,
23:19:02,Idoom 4G_EA51A,54:1F:8D:8E:A5:1A,Unknown,-100,3,
23:19:02,Idoom 4G_1FCFA,54:1F:8D:F1:FC:FA,Unknown,-100,0,
23:19:02,Idoom 4G_DE8C3,5C:4D:BF:6D:E8:C3,Unknown,-100,0,
23:19:03,Idoom 4G_EA51A,54:1F:8D:8E:A5:1A,Unknown,-100,3,
23:19:03,Idoom 4G_1FCFA,54:1F:8D:F1:FC:FA,Unknown,-100,0,
23:19:03,Idoom 4G_DE8C3,5C:4D:BF:6D:E8:C3,Unknown,-100,0,
23:19:05,Idoom 4G_EA51A,54:1F:8D:8E:A5:1A,Unknown,-100,3,
23:19:05,Idoom 4G_1FCFA,54:1F:8D:F1:FC:FA,Unknown,-100,0,
23:19:05,Idoom 4G_DE8C3,5C:4D:BF:6D:E8:C3,Unknown,-100,0,
23:19:06,Idoom 4G_EA51A,54:1F:8D:8E:A5:1A,Unknown,-100,3,
23:19:06,Idoom 4G_1FCFA,54:1F:8D:F1:FC:FA,Unknown,-100,0,
23:19:06,Idoom 4G_DE8C3,5C:4D:BF:6D:E8:C3,Unknown,-100,0,
23:19:08,Idoom 4G_EA51A,54:1F:8D:8E:A5:1A,Unknown,-100,3,
23:19:08,Idoom 4G_1FCFA,54:1F:8D:F1:FC:FA,Unknown,-100,0,
23:19:08,Idoom 4G_DE8C3,5C:4D:BF:6D:E8:C3,Unknown,-100,0,
23:19:09,Idoom 4G_EA51A,54:1F:8D:8E:A5:1A,Unknown,-100,3,
23:19:09,Idoom 4G_1FCFA,54:1F:8D:F1:FC:FA,Unknown,-100,0,
23:19:09,Idoom 4G_DE8C3,5C:4D:BF:6D:E8:C3,Unknown,-100,0,
23:19:11,Idoom 4G_EA51A,54:1F:8D:8E:A5:1A,Unknown,-100,3,
23:19:11,Idoom 4G_1FCFA,54:1F:8D:F1:FC:FA,Unknown,-100,0,
23:19:11,Idoom 4G_DE8C3,5C:4D:BF:6D:E8:C3,Unknown,-100,0,
23:19:12,Idoom 4G_EA51A,54:1F:8D:8E:A5:1A,Unknown,-100,3,
23:19:12,Idoom 4G_1FCFA,54:1F:8D:F1:FC:FA,Unknown,-100,0,
23:19:12,Idoom 4G_DE8C3,5C:4D:BF:6D:E8:C3,Unknown,-100,0,
23:19:14,Idoom 4G_EA51A,54:1F:8D:8E:A5:1A,Unknown,-100,3,
23:19:14,Idoom 4G_1FCFA,54:1F:8D:F1:FC:FA,Unknown,-100,0,
23:19:14,Idoom 4G_DE8C3,5C:4D:BF:6D:E8:C3,Unknown,-100,0,
23:19:15,Idoom 4G_EA51A,54:1F:8D:8E:A5:1A,Unknown,-100,3,
23:19:15,Idoom 4G_1FCFA,54:1F:8D:F1:FC:FA,Unknown,-100,0,
23:19:15,Idoom 4G_DE8C3,5C:4D:BF:6D:E8:C3,Unknown,-100,0,
23:19:17,Idoom 4G_EA51A,54:1F:8D:8E:A5:1A,Unknown,-100,3,
23:19:17,Idoom 4G_1FCFA,54:1F:8D:F1:FC:FA,Unknown,-100,0,
23:19:17,Idoom 4G_DE8C3,5C:4D:BF:6D:E8:C3,Unknown,-100,0,
23:19:18,Idoom 4G_EA51A,54:1F:8D:8E:A5:1A,Unknown,-100,3,
23:19:18,Idoom 4G_1FCFA,54:1F:8D:F1:FC:FA,Unknown,-100,0,
23:19:18,Idoom 4G_DE8C3,5C:4D:BF:6D:E8:C3,Unknown,-100,0,
23:19:20,Idoom 4G_EA51A,54:1F:8D:8E:A5:1A,Unknown,-100,3,
23:19:20,Idoom 4G_1FCFA,54:1F:8D:F1:FC:FA,Unknown,-100,0,
23:19:20,Idoom 4G_DE8C3,5C:4D:BF:6D:E8:C3,Unknown,-100,0,
23:19:21,Idoom 4G_EA51A,54:1F:8D:8E:A5:1A,Unknown,-100,3,
23:19:21,Idoom 4G_1FCFA,54:1F:8D:F1:FC:FA,Unknown,-100,0,
23:19:21,Idoom 4G_DE8C3,5C:4D:BF:6D:E8:C3,Unknown,-100,0,
23:19:23,Idoom 4G_EA51A,54:1F:8D:8E:A5:1A,Unknown,-100,3,
23:19:23,Idoom 4G_1FCFA,54:1F:8D:F1:FC:FA,Unknown,-100,0,
23:19:23,Idoom 4G_DE8C3,5C:4D:BF:6D:E8:C3,Unknown,-100,0,
23:19:24,Idoom 4G_EA51A,54:1F:8D:8E:A5:1A,Unknown,-100,3,
23:19:24,Idoom 4G_1FCFA,54:1F:8D:F1:FC:FA,Unknown,-100,0,
23:19:24,Idoom 4G_DE8C3,5C:4D:BF:6D:E8:C3,Unknown,-100,0,
23:19:26,Idoom 4G_EA51A,54:1F:8D:8E:A5:1A,Unknown,-100,3,
23:19:26,Idoom 4G_1FCFA,54:1F:8D:F1:FC:FA,Unknown,-100,0,
23:19:26,Idoom 4G_DE8C3,5C:4D:BF:6D:E8:C3,Unknown,-100,0,
23:19:27,Idoom 4G_EA51A,54:1F:8D:8E:A5:1A,Unknown,-100,3,
23:19:27,Idoom 4G_1FCFA,54:1F:8D:F1:FC:FA,Unknown,-100,0,
23:19:27,Idoom 4G_DE8C3,5C:4D:BF:6D:E8:C3,Unknown,-100,0,
23:19:29,Idoom 4G_EA51A,54:1F:8D:8E:A5:1A,Unknown,-100,3,
23:19:29,Idoom 4G_1FCFA,54:1F:8D:F1:FC:FA,Unknown,-100,0,
23:19:29,Idoom 4G_DE8C3,5C:4D:BF:6D:E8:C3,Unknown,-100,0,
23:19:30,Idoom 4G_EA51A,54:1F:8D:8E:A5:1A,Unknown,-100,3,
23:19:30,Idoom 4G_1FCFA,54:1F:8D:F1:FC:FA,Unknown,-100,0,
23:19:30,Idoom 4G_DE8C3,5C:4D:BF:6D:E8:C3,Unknown,-100,0,
23:19:32,Idoom 4G_EA51A,54:1F:8D:8E:A5:1A,Unknown,-100,3,
23:19:32,Idoom 4G_1FCFA,54:1F:8D:F1:FC:FA,Unknown,-100,0,
23:19:32,Idoom 4G_DE8C3,5C:4D:BF:6D:E8:C3,Unknown,-100,0,
23:19:33,Idoom 4G_EA51A,54:1F:8D:8E:A5:1A,Unknown,-100,3,
23:19:33,Idoom 4G_1FCFA,54:1F:8D:F1:FC:FA,Unknown,-100,0,
23:19:33,Idoom 4G_DE8C3,5C:4D:BF:6D:E8:C3,Unknown,-100,0,
23:19:35,Idoom 4G_EA51A,54:1F:8D:8E:A5:1A,Unknown,-100,3,
23:19:35,Idoom 4G_1FCFA,54:1F:8D:F1:FC:FA,Unknown,-100,0,
23:19:35,Idoom 4G_DE8C3,5C:4D:BF:6D:E8:C3,Unknown,-100,0,
23:19:36,Idoom 4G_EA51A,54:1F:8D:8E:A5:1A,Unknown,-100,3,
23:19:36,Idoom 4G_1FCFA,54:1F:8D:F1:FC:FA,Unknown,-100,0,
23:19:36,Idoom 4G_DE8C3,5C:4D:BF:6D:E8:C3,Unknown,-100,0,
23:19:38,Idoom 4G_EA51A,54:1F:8D:8E:A5:1A,Unknown,-100,3,
23:19:38,Idoom 4G_1FCFA,54:1F:8D:F1:FC:FA,Unknown,-100,0,
23:19:38,Idoom 4G_DE8C3,5C:4D:BF:6D:E8:C3,Unknown,-100,0,
23:19:39,Idoom 4G_EA51A,54:1F:8D:8E:A5:1A,Unknown,-100,3,
23:19:39,Idoom 4G_1FCFA,54:1F:8D:F1:FC:FA,Unknown,-100,0,
23:19:39,Idoom 4G_DE8C3,5C:4D:BF:6D:E8:C3,Unknown,-100,0,
23:19:41,Idoom 4G_EA51A,54:1F:8D:8E:A5:1A,Unknown,-100,3,
23:19:41,Idoom 4G_1FCFA,54:1F:8D:F1:FC:FA,Unknown,-100,0,
23:19:41,Idoom 4G_DE8C3,5C:4D:BF:6D:E8:C3,Unknown,-100,0,
23:19:42,Idoom 4G_EA51A,54:1F:8D:8E:A5:1A,Unknown,-100,3,
23:19:42,Idoom 4G_1FCFA,54:1F:8D:F1:FC:FA,Unknown,-100,0,
23:19:42,Idoom 4G_DE8C3,5C:4D:BF:6D:E8:C3,Unknown,-100,0,
23:19:44,Idoom 4G_EA51A,54:1F:8D:8E:A5:1A,Unknown,-100,3,
23:19:44,Idoom 4G_1FCFA,54:1F:8D:F1:FC:FA,Unknown,-100,0,
23:19:44,Idoom 4G_DE8C3,5C:4D:BF:6D:E8:C3,Unknown,-100,0,
23:19:45,Idoom 4G_EA51A,54:1F:8D:8E:A5:1A,Unknown,-100,3,
23:19:45,Idoom 4G_1FCFA,54:1F:8D:F1:FC:FA,Unknown,-100,0,
23:19:45,Idoom 4G_DE8C3,5C:4D:BF:6D:E8:C3,Unknown,-100,0,
23:19:47,Idoom 4G_EA51A,54:1F:8D:8E:A5:1A,Unknown,-100,3,
23:19:47,Idoom 4G_1FCFA,54:1F:8D:F1:FC:FA,Unknown,-100,0,
23:19:47,Idoom 4G_DE8C3,5C:4D:BF:6D:E8:C3,Unknown,-100,0,
23:19:48,Idoom 4G_EA51A,54:1F:8D:8E:A5:1A,Unknown,-100,3,
23:19:48,Idoom 4G_1FCFA,54:1F:8D:F1:FC:FA,Unknown,-100,0,
23:19:48,Idoom 4G_DE8C3,5C:4D:BF:6D:E8:C3,Unknown,-100,0,
23:19:50,Idoom 4G_EA51A,54:1F:8D:8E:A5:1A,Unknown,-100,3,
23:19:50,Idoom 4G_1FCFA,54:1F:8D:F1:FC:FA,Unknown,-100,0,
23:19:50,Idoom 4G_DE8C3,5C:4D:BF:6D:E8:C3,Unknown,-100,0,
23:19:51,Idoom 4G_EA51A,54:1F:8D:8E:A5:1A,Unknown,-100,3,
23:19:51,Idoom 4G_1FCFA,54:1F:8D:F1:FC:FA,Unknown,-100,0,
23:19:51,Idoom 4G_DE8C3,5C:4D:BF:6D:E8:C3,Unknown,-100,0,
23:19:53,Idoom 4G_EA51A,54:1F:8D:8E:A5:1A,Unknown,-100,3,
23:19:53,Idoom 4G_1FCFA,54:1F:8D:F1:FC:FA,Unknown,-100,0,
23:19:53,Idoom 4G_DE8C3,5C:4D:BF:6D:E8:C3,Unknown,-100,0,
23:19:54,Idoom 4G_EA51A,54:1F:8D:8E:A5:1A,Unknown,-100,3,
23:19:54,Idoom 4G_1FCFA,54:1F:8D:F1:FC:FA,Unknown,-100,0,
23:19:54,Idoom 4G_DE8C3,5C:4D:BF:6D:E8:C3,Unknown,-100,0,
23:19:56,Idoom 4G_EA51A,54:1F:8D:8E:A5:1A,Unknown,-100,3,
23:19:56,Idoom 4G_1FCFA,54:1F:8D:F1:FC:FA,Unknown,-100,0,
23:19:56,Idoom 4G_DE8C3,5C:4D:BF:6D:E8:C3,Unknown,-100,0,
23:19:57,Idoom 4G_EA51A,54:1F:8D:8E:A5:1A,Unknown,-100,3,
23:19:57,Idoom 4G_1FCFA,54:1F:8D:F1:FC:FA,Unknown,-100,0,
23:19:57,Idoom 4G_DE8C3,5C:4D:BF:6D:E8:C3,Unknown,-100,0,
23:19:59,Idoom 4G_EA51A,54:1F:8D:8E:A5:1A,Unknown,-100,3,
23:19:59,Idoom 4G_1FCFA,54:1F:8D:F1:FC:FA,Unknown,-100,0,
23:19:59,Idoom 4G_DE8C3,5C:4D:BF:6D:E8:C3,Unknown,-100,0,
23:20:00,Idoom 4G_EA51A,54:1F:8D:8E:A5:1A,Unknown,-100,3,
23:20:00,Idoom 4G_1FCFA,54:1F:8D:F1:FC:FA,Unknown,-100,0,
23:20:00,Idoom 4G_DE8C3,5C:4D:BF:6D:E8:C3,Unknown,-100,0,
23:20:02,Idoom 4G_EA51A,54:1F:8D:8E:A5:1A,Unknown,-100,3,
23:20:03,Idoom 4G_EA51A,54:1F:8D:8E:A5:1A,Unknown,-100,3,
23:20:05,Idoom 4G_EA51A,54:1F:8D:8E:A5:1A,Unknown,-100,3,
23:20:06,Idoom 4G_EA51A,54:1F:8D:8E:A5:1A,Unknown,-100,3,
23:20:08,Idoom 4G_EA51A,54:1F:8D:8E:A5:1A,Unknown,-100,3,
23:20:09,Idoom 4G_EA51A,54:1F:8D:8E:A5:1A,Unknown,-100,3,
23:20:11,Idoom 4G_EA51A,54:1F:8D:8E:A5:1A,Unknown,-100,3,
23:20:12,Idoom 4G_EA51A,54:1F:8D:8E:A5:1A,Unknown,-100,3,
23:20:14,Idoom 4G_EA51A,54:1F:8D:8E:A5:1A,Unknown,-100,3,
23:20:15,Idoom 4G_EA51A,54:1F:8D:8E:A5:1A,Unknown,-100,3,
23:20:17,Idoom 4G_EA51A,54:1F:8D:8E:A5:1A,Unknown,-100,3,
23:20:18,Idoom 4G_EA51A,54:1F:8D:8E:A5:1A,Unknown,-100,3,
23:20:20,Idoom 4G_EA51A,54:1F:8D:8E:A5:1A,Unknown,-100,3,
23:20:21,Idoom 4G_EA51A,54:1F:8D:8E:A5:1A,Unknown,-100,3,
23:20:23,Idoom 4G_EA51A,54:1F:8D:8E:A5:1A,Unknown,-100,3,
23:20:24,Idoom 4G_EA51A,54:1F:8D:8E:A5:1A,Unknown,-100,3,
23:20:26,Idoom 4G_EA51A,54:1F:8D:8E:A5:1A,Unknown,-100,3,
23:20:27,Idoom 4G_EA51A,54:1F:8D:8E:A5:1A,Unknown,-100,3,
23:20:29,Idoom 4G_EA51A,54:1F:8D:8E:A5:1A,Unknown,-100,3,
23:20:30,Idoom 4G_EA51A,54:1F:8D:8E:A5:1A,Unknown,-100,3,
23:20:32,Idoom 4G_EA51A,54:1F:8D:8E:A5:1A,Unknown,-100,3,
23:20:33,Idoom 4G_EA51A,54:1F:8D:8E:A5:1A,Unknown,-100,3,
23:20:35,Idoom 4G_EA51A,54:1F:8D:8E:A5:1A,Unknown,-100,3,
23:20:36,Idoom 4G_EA51A,54:1F:8D:8E:A5:1A,Unknown,-100,3,
23:20:38,Idoom 4G_EA51A,54:1F:8D:8E:A5:1A,Unknown,-100,3,
23:20:39,Idoom 4G_EA51A,54:1F:8D:8E:A5:1A,Unknown,-100,3,
23:20:41,Idoom 4G_EA51A,54:1F:8D:8E:A5:1A,Unknown,-100,3,
23:20:42,Idoom 4G_EA51A,54:1F:8D:8E:A5:1A,Unknown,-100,3,
23:20:44,Idoom 4G_EA51A,54:1F:8D:8E:A5:1A,Unknown,-100,3,
23:20:45,Idoom 4G_EA51A,54:1F:8D:8E:A5:1A,Unknown,-100,3,
23:20:47,Idoom 4G_EA51A,54:1F:8D:8E:A5:1A,Unknown,-100,3,
23:20:48,Idoom 4G_EA51A,54:1F:8D:8E:A5:1A,Unknown,-100,3,
23:20:50,Idoom 4G_EA51A,54:1F:8D:8E:A5:1A,Unknown,-100,3,
23:20:51,Idoom 4G_EA51A,54:1F:8D:8E:A5:1A,Unknown,-100,3,
23:20:53,Idoom 4G_EA51A,54:1F:8D:8E:A5:1A,Unknown,-100,3,
23:20:54,Idoom 4G_EA51A,54:1F:8D:8E:A5:1A,Unknown,-100,3,
23:20:56,Idoom 4G_EA51A,54:1F:8D:8E:A5:1A,Unknown,-100,3,
23:20:57,Idoom 4G_EA51A,54:1F:8D:8E:A5:1A,Unknown,-100,3,
23:20:59,Idoom 4G_EA51A,54:1F:8D:8E:A5:1A,Unknown,-100,3,
23:21:00,Idoom 4G_EA51A,54:1F:8D:8E:A5:1A,Unknown,-100,3,
23:21:02,Idoom 4G_EA51A,54:1F:8D:8E:A5:1A,Unknown,-100,3,
23:21:03,Idoom 4G_EA51A,54:1F:8D:8E:A5:1A,Unknown,-100,3,
23:21:05,Idoom 4G_EA51A,54:1F:8D:8E:A5:1A,Unknown,-100,3,
23:21:06,Idoom 4G_EA51A,54:1F:8D:8E:A5:1A,Unknown,-100,3,
23:21:08,Idoom 4G_EA51A,54:1F:8D:8E:A5:1A,Unknown,-100,3,
23:21:09,Idoom 4G_EA51A,54:1F:8D:8E:A5:1A,Unknown,-100,3,
23:21:11,Idoom 4G_EA51A,54:1F:8D:8E:A5:1A,Unknown,-100,3,
23:21:12,Idoom 4G_EA51A,54:1F:8D:8E:A5:1A,Unknown,-100,3,
23:21:14,Idoom 4G_EA51A,54:1F:8D:8E:A5:1A,Unknown,-100,3,
23:21:15,Idoom 4G_EA51A,54:1F:8D:8E:A5:1A,Unknown,-100,3,
23:21:17,Idoom 4G_EA51A,54:1F:8D:8E:A5:1A,Unknown,-100,3,
23:21:18,Idoom 4G_EA51A,54:1F:8D:8E:A5:1A,Unknown,-100,3,
23:21:20,Idoom 4G_EA51A,54:1F:8D:8E:A5:1A,Unknown,-100,3,
23:21:21,Idoom 4G_EA51A,54:1F:8D:8E:A5:1A,Unknown,-100,3,
23:21:23,Idoom 4G_EA51A,54:1F:8D:8E:A5:1A,Unknown,-100,3,
23:21:24,Idoom 4G_EA51A,54:1F:8D:8E:A5:1A,Unknown,-100,3,
23:21:26,Idoom 4G_EA51A,54:1F:8D:8E:A5:1A,Unknown,-100,3,
23:21:27,Idoom 4G_EA51A,54:1F:8D:8E:A5:1A,Unknown,-100,3,
23:21:29,Idoom 4G_EA51A,54:1F:8D:8E:A5:1A,Unknown,-100,3,
23:21:30,Idoom 4G_EA51A,54:1F:8D:8E:A5:1A,Unknown,-100,3,
23:21:32,Idoom 4G_EA51A,54:1F:8D:8E:A5:1A,Unknown,-100,3,
23:21:33,Idoom 4G_EA51A,54:1F:8D:8E:A5:1A,Unknown,-100,3,
23:21:33,Idoom 4G_EA51A,00:00:00:7C:0E:DB,Unknown,-100,0,
23:21:35,Idoom 4G_EA51A,54:1F:8D:8E:A5:1A,Unknown,-100,3,
23:21:35,Idoom 4G_EA51A,00:00:00:7C:0E:DB,Unknown,-100,3,
23:21:36,Idoom 4G_EA51A,54:1F:8D:8E:A5:1A,Unknown,-100,3,
23:21:36,Idoom 4G_EA51A,00:00:00:7C:0E:DB,Unknown,-100,3,
23:21:38,Idoom 4G_EA51A,54:1F:8D:8E:A5:1A,Unknown,-100,3,
23:21:38,Idoom 4G_EA51A,00:00:00:7C:0E:DB,Unknown,-100,3,
23:21:39,Idoom 4G_EA51A,54:1F:8D:8E:A5:1A,Unknown,-100,3,
23:21:39,Idoom 4G_EA51A,00:00:00:7C:0E:DB,Unknown,-100,3,
23:21:41,Idoom 4G_EA51A,54:1F:8D:8E:A5:1A,Unknown,-100,3,
23:21:41,Idoom 4G_EA51A,00:00:00:7C:0E:DB,Unknown,-100,3,
23:21:42,Idoom 4G_EA51A,54:1F:8D:8E:A5:1A,Unknown,-100,3,
23:21:42,Idoom 4G_EA51A,00:00:00:7C:0E:DB,Unknown,-100,3,
23:21:44,Idoom 4G_EA51A,54:1F:8D:8E:A5:1A,Unknown,-100,3,
23:21:44,Idoom 4G_EA51A,00:00:00:7C:0E:DB,Unknown,-100,3,
23:21:45,Idoom 4G_EA51A,54:1F:8D:8E:A5:1A,Unknown,-100,3,
23:21:45,Idoom 4G_EA51A,00:00:00:7C:0E:DB,Unknown,-100,3,
23:21:47,Idoom 4G_EA51A,54:1F:8D:8E:A5:1A,Unknown,-100,3,
23:21:47,Idoom 4G_EA51A,00:00:00:7C:0E:DB,Unknown,-100,3,
23:21:48,Idoom 4G_EA51A,54:1F:8D:8E:A5:1A,Unknown,-100,3,
23:21:48,Idoom 4G_EA51A,00:00:00:7C:0E:DB,Unknown,-100,3,
23:21:50,Idoom 4G_EA51A,54:1F:8D:8E:A5:1A,Unknown,-100,3,
23:21:50,Idoom 4G_EA51A,00:00:00:7C:0E:DB,Unknown,-100,3,
23:21:51,Idoom 4G_EA51A,54:1F:8D:8E:A5:1A,Unknown,-100,3,
23:21:51,Idoom 4G_EA51A,00:00:00:7C:0E:DB,Unknown,-100,3,
23:21:53,Idoom 4G_EA51A,54:1F:8D:8E:A5:1A,Unknown,-100,3,
23:21:53,Idoom 4G_EA51A,00:00:00:7C:0E:DB,Unknown,-100,3,
23:21:54,Idoom 4G_EA51A,54:1F:8D:8E:A5:1A,Unknown,-100,3,
23:21:54,Idoom 4G_EA51A,00:00:00:7C:0E:DB,Unknown,-100,3,
23:21:56,Idoom 4G_EA51A,54:1F:8D:8E:A5:1A,Unknown,-100,3,
23:21:56,Idoom 4G_EA51A,00:00:00:7C:0E:DB,Unknown,-100,3,
23:21:57,Idoom 4G_EA51A,54:1F:8D:8E:A5:1A,Unknown,-100,3,
23:21:57,Idoom 4G_EA51A,00:00:00:7C:0E:DB,Unknown,-100,3,
23:21:59,Idoom 4G_EA51A,54:1F:8D:8E:A5:1A,Unknown,-100,3,
23:21:59,Idoom 4G_EA51A,00:00:00:7C:0E:DB,Unknown,-100,3,
23:22:00,Idoom 4G_EA51A,54:1F:8D:8E:A5:1A,Unknown,-100,3,
23:22:00,Idoom 4G_EA51A,00:00:00:7C:0E:DB,Unknown,-100,3,
23:22:02,Idoom 4G_EA51A,54:1F:8D:8E:A5:1A,Unknown,-100,3,
23:22:02,Idoom 4G_EA51A,00:00:00:7C:0E:DB,Unknown,-100,3,
23:22:03,Idoom 4G_EA51A,54:1F:8D:8E:A5:1A,Unknown,-100,3,
23:22:03,Idoom 4G_EA51A,00:00:00:7C:0E:DB,Unknown,-100,3,
23:22:05,Idoom 4G_EA51A,54:1F:8D:8E:A5:1A,Unknown,-100,3,
23:22:05,Idoom 4G_EA51A,00:00:00:7C:0E:DB,Unknown,-100,3,
23:22:06,Idoom 4G_EA51A,54:1F:8D:8E:A5:1A,Unknown,-100,3,
23:22:06,Idoom 4G_EA51A,00:00:00:7C:0E:DB,Unknown,-100,3,
23:22:08,Idoom 4G_EA51A,54:1F:8D:8E:A5:1A,Unknown,-100,3,
23:22:08,Idoom 4G_EA51A,00:00:00:7C:0E:DB,Unknown,-100,3,
23:22:09,Idoom 4G_EA51A,54:1F:8D:8E:A5:1A,Unknown,-100,3,
23:22:09,Idoom 4G_EA51A,00:00:00:7C:0E:DB,Unknown,-100,3,
23:22:11,Idoom 4G_EA51A,54:1F:8D:8E:A5:1A,Unknown,-100,3,
23:22:11,Idoom 4G_EA51A,00:00:00:7C:0E:DB,Unknown,-100,3,
23:22:12,Idoom 4G_EA51A,54:1F:8D:8E:A5:1A,Unknown,-100,3,
23:22:12,Idoom 4G_EA51A,00:00:00:7C:0E:DB,Unknown,-100,3,
23:22:14,Idoom 4G_EA51A,54:1F:8D:8E:A5:1A,Unknown,-100,3,
23:22:14,Idoom 4G_EA51A,00:00:00:7C:0E:DB,Unknown,-100,3,
23:22:15,Idoom 4G_EA51A,54:1F:8D:8E:A5:1A,Unknown,-100,3,
23:22:15,Idoom 4G_EA51A,00:00:00:7C:0E:DB,Unknown,-100,3,
23:22:17,Idoom 4G_EA51A,54:1F:8D:8E:A5:1A,Unknown,-100,3,
23:22:17,Idoom 4G_EA51A,00:00:00:7C:0E:DB,Unknown,-100,3,
23:22:18,Idoom 4G_EA51A,54:1F:8D:8E:A5:1A,Unknown,-100,3,
23:22:18,Idoom 4G_EA51A,00:00:00:7C:0E:DB,Unknown,-100,3,
23:22:20,Idoom 4G_EA51A,54:1F:8D:8E:A5:1A,Unknown,-100,3,
23:22:20,Idoom 4G_EA51A,00:00:00:7C:0E:DB,Unknown,-100,3,
23:22:21,Idoom 4G_EA51A,54:1F:8D:8E:A5:1A,Unknown,-100,3,
23:22:21,Idoom 4G_EA51A,00:00:00:7C:0E:DB,Unknown,-100,3,
23:22:23,Idoom 4G_EA51A,54:1F:8D:8E:A5:1A,Unknown,-100,3,
23:22:23,Idoom 4G_EA51A,00:00:00:7C:0E:DB,Unknown,-100,3,
23:22:24,Idoom 4G_EA51A,54:1F:8D:8E:A5:1A,Unknown,-100,3,
23:22:24,Idoom 4G_EA51A,00:00:00:7C:0E:DB,Unknown,-100,3,
23:22:26,Idoom 4G_EA51A,54:1F:8D:8E:A5:1A,Unknown,-100,3,
23:22:26,Idoom 4G_EA51A,00:00:00:7C:0E:DB,Unknown,-100,3,
23:22:27,Idoom 4G_EA51A,54:1F:8D:8E:A5:1A,Unknown,-100,3,
23:22:27,Idoom 4G_EA51A,00:00:00:7C:0E:DB,Unknown,-100,3,
23:22:29,Idoom 4G_EA51A,54:1F:8D:8E:A5:1A,Unknown,-100,3,
23:22:29,Idoom 4G_EA51A,00:00:00:7C:0E:DB,Unknown,-100,3,
23:22:30,Idoom 4G_EA51A,54:1F:8D:8E:A5:1A,Unknown,-100,3,
23:22:30,Idoom 4G_EA51A,00:00:00:7C:0E:DB,Unknown,-100,3,
23:22:32,Idoom 4G_EA51A,54:1F:8D:8E:A5:1A,Unknown,-100,3,
23:22:32,Idoom 4G_EA51A,00:00:00:7C:0E:DB,Unknown,-100,3,
23:22:33,Idoom 4G_EA51A,54:1F:8D:8E:A5:1A,Unknown,-100,3,
23:22:33,Idoom 4G_EA51A,00:00:00:7C:0E:DB,Unknown,-100,3,
23:22:35,Idoom 4G_EA51A,54:1F:8D:8E:A5:1A,Unknown,-100,3,
23:22:35,Idoom 4G_EA51A,00:00:00:7C:0E:DB,Unknown,-100,3,
23:22:36,Idoom 4G_EA51A,54:1F:8D:8E:A5:1A,Unknown,-100,3,
23:22:36,Idoom 4G_EA51A,00:00:00:7C:0E:DB,Unknown,-100,3,
23:22:38,Idoom 4G_EA51A,54:1F:8D:8E:A5:1A,Unknown,-100,3,
23:22:38,Idoom 4G_EA51A,00:00:00:7C:0E:DB,Unknown,-100,3,
23:22:39,Idoom 4G_EA51A,54:1F:8D:8E:A5:1A,Unknown,-100,3,
23:22:39,Idoom 4G_EA51A,00:00:00:7C:0E:DB,Unknown,-100,3,
23:22:41,Idoom 4G_EA51A,54:1F:8D:8E:A5:1A,Unknown,-100,3,
23:22:41,Idoom 4G_EA51A,00:00:00:7C:0E:DB,Unknown,-100,3,
23:22:42,Idoom 4G_EA51A,54:1F:8D:8E:A5:1A,Unknown,-100,3,
23:22:42,Idoom 4G_EA51A,00:00:00:7C:0E:DB,Unknown,-100,3,
23:22:44,Idoom 4G_EA51A,54:1F:8D:8E:A5:1A,Unknown,-100,3,
23:22:44,Idoom 4G_EA51A,00:00:00:7C:0E:DB,Unknown,-100,3,
23:22:45,Idoom 4G_EA51A,00:00:00:7C:0E:DB,Unknown,-100,3,
23:22:47,Idoom 4G_EA51A,00:00:00:7C:0E:DB,Unknown,-100,3,
23:22:48,Idoom 4G_EA51A,00:00:00:7C:0E:DB,Unknown,-100,3,
23:22:50,Idoom 4G_EA51A,00:00:00:7C:0E:DB,Unknown,-100,3,
23:22:51,Idoom 4G_EA51A,00:00:00:7C:0E:DB,Unknown,-100,3,
23:22:53,Idoom 4G_EA51A,00:00:00:7C:0E:DB,Unknown,-100,3,
23:22:54,Idoom 4G_EA51A,00:00:00:7C:0E:DB,Unknown,-100,3,
23:22:56,Idoom 4G_EA51A,00:00:00:7C:0E:DB,Unknown,-100,3,
23:22:57,Idoom 4G_EA51A,00:00:00:7C:0E:DB,Unknown,-100,3,
23:22:59,Idoom 4G_EA51A,00:00:00:7C:0E:DB,Unknown,-100,3,
23:23:00,Idoom 4G_EA51A,00:00:00:7C:0E:DB,Unknown,-100,3,
23:23:02,Idoom 4G_EA51A,00:00:00:7C:0E:DB,Unknown,-100,3,
23:23:03,Idoom 4G_EA51A,00:00:00:7C:0E:DB,Unknown,-100,3,
23:23:05,Idoom 4G_EA51A,00:00:00:7C:0E:DB,Unknown,-100,3,
23:23:06,Idoom 4G_EA51A,00:00:00:7C:0E:DB,Unknown,-100,3,
23:23:08,Idoom 4G_EA51A,00:00:00:7C:0E:DB,Unknown,-100,3,
23:23:09,Idoom 4G_EA51A,00:00:00:7C:0E:DB,Unknown,-100,3,
23:23:11,Idoom 4G_EA51A,00:00:00:7C:0E:DB,Unknown,-100,3,
23:23:12,Idoom 4G_EA51A,00:00:00:7C:0E:DB,Unknown,-100,3,
23:23:14,Idoom 4G_EA51A,00:00:00:7C:0E:DB,Unknown,-100,3,
23:23:15,Idoom 4G_EA51A,00:00:00:7C:0E:DB,Unknown,-100,3,
23:23:17,Idoom 4G_EA51A,00:00:00:7C:0E:DB,Unknown,-100,3,
23:23:18,Idoom 4G_EA51A,00:00:00:7C:0E:DB,Unknown,-100,3,
23:23:20,Idoom 4G_EA51A,00:00:00:7C:0E:DB,Unknown,-100,3,
23:23:21,Idoom 4G_EA51A,00:00:00:7C:0E:DB,Unknown,-100,3,
23:23:23,Idoom 4G_EA51A,00:00:00:7C:0E:DB,Unknown,-100,3,
23:23:24,Idoom 4G_EA51A,00:00:00:7C:0E:DB,Unknown,-100,3,
23:23:26,Idoom 4G_EA51A,00:00:00:7C:0E:DB,Unknown,-100,3,
23:23:27,Idoom 4G_EA51A,00:00:00:7C:0E:DB,Unknown,-100,3,
23:23:29,Idoom 4G_EA51A,00:00:00:7C:0E:DB,Unknown,-100,3,
23:23:30,Idoom 4G_EA51A,00:00:00:7C:0E:DB,Unknown,-100,3,
23:23:32,Idoom 4G_EA51A,00:00:00:7C:0E:DB,Unknown,-100,3,
23:23:33,Idoom 4G_EA51A,00:00:00:7C:0E:DB,Unknown,-100,3,
23:23:35,Idoom 4G_EA51A,00:00:00:7C:0E:DB,Unknown,-100,3,
23:23:36,Idoom 4G_EA51A,00:00:00:7C:0E:DB,Unknown,-100,3,
23:23:36,Idoom 4G_EA51A,54:1F:8D:8E:A5:1A,Unknown,-100,0,
23:23:38,Idoom 4G_EA51A,00:00:00:7C:0E:DB,Unknown,-100,3,
23:23:38,Idoom 4G_EA51A,54:1F:8D:8E:A5:1A,Unknown,-100,3,
23:23:39,Idoom 4G_EA51A,00:00:00:7C:0E:DB,Unknown,-100,3,
23:23:39,Idoom 4G_EA51A,54:1F:8D:8E:A5:1A,Unknown,-100,3,
23:23:41,Idoom 4G_EA51A,00:00:00:7C:0E:DB,Unknown,-100,3,
23:23:41,Idoom 4G_EA51A,54:1F:8D:8E:A5:1A,Unknown,-100,3,
23:23:42,Idoom 4G_EA51A,00:00:00:7C:0E:DB,Unknown,-100,3,
23:23:42,Idoom 4G_EA51A,54:1F:8D:8E:A5:1A,Unknown,-100,3,
23:23:44,Idoom 4G_EA51A,00:00:00:7C:0E:DB,Unknown,-100,3,
23:23:44,Idoom 4G_EA51A,54:1F:8D:8E:A5:1A,Unknown,-100,3,
23:23:45,Idoom 4G_EA51A,00:00:00:7C:0E:DB,Unknown,-100,3,
23:23:45,Idoom 4G_EA51A,54:1F:8D:8E:A5:1A,Unknown,-100,3,
23:23:47,Idoom 4G_EA51A,00:00:00:7C:0E:DB,Unknown,-100,3,
23:23:47,Idoom 4G_EA51A,54:1F:8D:8E:A5:1A,Unknown,-100,3,
23:23:48,Idoom 4G_EA51A,00:00:00:7C:0E:DB,Unknown,-100,3,
23:23:48,Idoom 4G_EA51A,54:1F:8D:8E:A5:1A,Unknown,-100,3,
23:23:50,Idoom 4G_EA51A,00:00:00:7C:0E:DB,Unknown,-100,3,
23:23:50,Idoom 4G_EA51A,54:1F:8D:8E:A5:1A,Unknown,-100,3,
23:23:51,Idoom 4G_EA51A,00:00:00:7C:0E:DB,Unknown,-100,3,
23:23:51,Idoom 4G_EA51A,54:1F:8D:8E:A5:1A,Unknown,-100,3,
23:23:53,Idoom 4G_EA51A,00:00:00:7C:0E:DB,Unknown,-100,3,
23:23:53,Idoom 4G_EA51A,54:1F:8D:8E:A5:1A,Unknown,-100,3,
23:23:54,Idoom 4G_EA51A,00:00:00:7C:0E:DB,Unknown,-100,3,
23:23:54,Idoom 4G_EA51A,54:1F:8D:8E:A5:1A,Unknown,-100,3,
23:23:56,Idoom 4G_EA51A,00:00:00:7C:0E:DB,Unknown,-100,3,
23:23:56,Idoom 4G_EA51A,54:1F:8D:8E:A5:1A,Unknown,-100,3,
23:23:57,Idoom 4G_EA51A,00:00:00:7C:0E:DB,Unknown,-100,3,
23:23:57,Idoom 4G_EA51A,54:1F:8D:8E:A5:1A,Unknown,-100,3,
23:23:59,Idoom 4G_EA51A,00:00:00:7C:0E:DB,Unknown,-100,3,
23:23:59,Idoom 4G_EA51A,54:1F:8D:8E:A5:1A,Unknown,-100,3,
23:24:00,Idoom 4G_EA51A,00:00:00:7C:0E:DB,Unknown,-100,3,
23:24:00,Idoom 4G_EA51A,54:1F:8D:8E:A5:1A,Unknown,-100,3,
23:24:02,Idoom 4G_EA51A,00:00:00:7C:0E:DB,Unknown,-100,3,
23:24:02,Idoom 4G_EA51A,54:1F:8D:8E:A5:1A,Unknown,-100,3,
23:24:03,Idoom 4G_EA51A,00:00:00:7C:0E:DB,Unknown,-100,3,
23:24:03,Idoom 4G_EA51A,54:1F:8D:8E:A5:1A,Unknown,-100,3,
23:24:05,Idoom 4G_EA51A,00:00:00:7C:0E:DB,Unknown,-100,3,
23:24:05,Idoom 4G_EA51A,54:1F:8D:8E:A5:1A,Unknown,-100,3,
23:24:06,Idoom 4G_EA51A,00:00:00:7C:0E:DB,Unknown,-100,3,
23:24:06,Idoom 4G_EA51A,54:1F:8D:8E:A5:1A,Unknown,-100,3,
23:24:08,Idoom 4G_EA51A,00:00:00:7C:0E:DB,Unknown,-100,3,
23:24:08,Idoom 4G_EA51A,54:1F:8D:8E:A5:1A,Unknown,-100,3,
23:24:09,Idoom 4G_EA51A,00:00:00:7C:0E:DB,Unknown,-100,3,
23:24:09,Idoom 4G_EA51A,54:1F:8D:8E:A5:1A,Unknown,-100,3,
23:24:11,Idoom 4G_EA51A,00:00:00:7C:0E:DB,Unknown,-100,3,
23:24:11,Idoom 4G_EA51A,54:1F:8D:8E:A5:1A,Unknown,-100,3,
23:24:12,Idoom 4G_EA51A,00:00:00:7C:0E:DB,Unknown,-100,3,
23:24:12,Idoom 4G_EA51A,54:1F:8D:8E:A5:1A,Unknown,-100,3,
23:24:14,Idoom 4G_EA51A,00:00:00:7C:0E:DB,Unknown,-100,3,
23:24:14,Idoom 4G_EA51A,54:1F:8D:8E:A5:1A,Unknown,-100,3,
23:24:15,Idoom 4G_EA51A,00:00:00:7C:0E:DB,Unknown,-100,3,
23:24:15,Idoom 4G_EA51A,54:1F:8D:8E:A5:1A,Unknown,-100,3,
23:24:17,Idoom 4G_EA51A,00:00:00:7C:0E:DB,Unknown,-100,3,
23:24:17,Idoom 4G_EA51A,54:1F:8D:8E:A5:1A,Unknown,-100,3,
23:24:18,Idoom 4G_EA51A,54:1F:8D:8E:A5:1A,Unknown,-100,3,
23:24:20,Idoom 4G_EA51A,54:1F:8D:8E:A5:1A,Unknown,-100,3,
23:24:21,Idoom 4G_EA51A,54:1F:8D:8E:A5:1A,Unknown,-100,3,
23:24:23,Idoom 4G_EA51A,54:1F:8D:8E:A5:1A,Unknown,-100,3,
23:24:24,Idoom 4G_EA51A,54:1F:8D:8E:A5:1A,Unknown,-100,3,
23:24:26,Idoom 4G_EA51A,54:1F:8D:8E:A5:1A,Unknown,-100,3,
23:24:28,Idoom 4G_EA51A,54:1F:8D:8E:A5:1A,Unknown,-100,3,
23:24:29,Idoom 4G_EA51A,54:1F:8D:8E:A5:1A,Unknown,-100,3,
23:24:31,Idoom 4G_EA51A,54:1F:8D:8E:A5:1A,Unknown,-100,3,
23:24:32,Idoom 4G_EA51A,54:1F:8D:8E:A5:1A,Unknown,-100,3,
23:24:34,Idoom 4G_EA51A,54:1F:8D:8E:A5:1A,Unknown,-100,3,
23:24:35,Idoom 4G_EA51A,54:1F:8D:8E:A5:1A,Unknown,-100,3,
23:24:37,Idoom 4G_EA51A,54:1F:8D:8E:A5:1A,Unknown,-100,3,
23:24:38,Idoom 4G_EA51A,54:1F:8D:8E:A5:1A,Unknown,-100,3,
23:24:40,Idoom 4G_EA51A,54:1F:8D:8E:A5:1A,Unknown,-100,3,
23:24:41,Idoom 4G_EA51A,54:1F:8D:8E:A5:1A,Unknown,-100,3,
23:24:43,Idoom 4G_EA51A,54:1F:8D:8E:A5:1A,Unknown,-100,3,
23:24:44,Idoom 4G_EA51A,54:1F:8D:8E:A5:1A,Unknown,-100,3,
23:24:46,Idoom 4G_EA51A,54:1F:8D:8E:A5:1A,Unknown,-100,3,
23:24:47,Idoom 4G_EA51A,54:1F:8D:8E:A5:1A,Unknown,-100,3,
23:24:49,Idoom 4G_EA51A,54:1F:8D:8E:A5:1A,Unknown,-100,3,
23:24:50,Idoom 4G_EA51A,54:1F:8D:8E:A5:1A,Unknown,-100,3,
23:24:52,Idoom 4G_EA51A,54:1F:8D:8E:A5:1A,Unknown,-100,3,
23:24:53,Idoom 4G_EA51A,54:1F:8D:8E:A5:1A,Unknown,-100,3,
23:24:55,Idoom 4G_EA51A,54:1F:8D:8E:A5:1A,Unknown,-100,3,
23:24:56,Idoom 4G_EA51A,54:1F:8D:8E:A5:1A,Unknown,-100,3,
23:24:58,Idoom 4G_EA51A,54:1F:8D:8E:A5:1A,Unknown,-100,3,
23:24:59,Idoom 4G_EA51A,54:1F:8D:8E:A5:1A,Unknown,-100,3,
23:25:01,Idoom 4G_EA51A,54:1F:8D:8E:A5:1A,Unknown,-100,3,
23:25:02,Idoom 4G_EA51A,54:1F:8D:8E:A5:1A,Unknown,-100,3,
23:25:04,Idoom 4G_EA51A,54:1F:8D:8E:A5:1A,Unknown,-100,3,
23:25:05,Idoom 4G_EA51A,54:1F:8D:8E:A5:1A,Unknown,-100,3,
23:25:07,Idoom 4G_EA51A,54:1F:8D:8E:A5:1A,Unknown,-100,3,
23:25:08,Idoom 4G_EA51A,54:1F:8D:8E:A5:1A,Unknown,-100,3,
23:25:10,Idoom 4G_EA51A,54:1F:8D:8E:A5:1A,Unknown,-100,3,
23:25:11,Idoom 4G_EA51A,54:1F:8D:8E:A5:1A,Unknown,-100,3,
23:25:13,Idoom 4G_EA51A,54:1F:8D:8E:A5:1A,Unknown,-100,3,
23:25:14,Idoom 4G_EA51A,54:1F:8D:8E:A5:1A,Unknown,-100,3,
23:25:16,Idoom 4G_EA51A,54:1F:8D:8E:A5:1A,Unknown,-100,3,
23:25:17,Idoom 4G_EA51A,54:1F:8D:8E:A5:1A,Unknown,-100,3,
23:25:19,Idoom 4G_EA51A,54:1F:8D:8E:A5:1A,Unknown,-100,3,
23:25:20,Idoom 4G_EA51A,54:1F:8D:8E:A5:1A,Unknown,-100,3,
23:25:22,Idoom 4G_EA51A,54:1F:8D:8E:A5:1A,Unknown,-100,3,
23:25:23,Idoom 4G_EA51A,54:1F:8D:8E:A5:1A,Unknown,-100,3,
23:25:25,Idoom 4G_EA51A,54:1F:8D:8E:A5:1A,Unknown,-100,3,
23:25:26,Idoom 4G_EA51A,54:1F:8D:8E:A5:1A,Unknown,-100,3,
23:25:28,Idoom 4G_EA51A,54:1F:8D:8E:A5:1A,Unknown,-100,3,
23:25:29,Idoom 4G_EA51A,54:1F:8D:8E:A5:1A,Unknown,-100,3,
23:25:31,Idoom 4G_EA51A,54:1F:8D:8E:A5:1A,Unknown,-100,3,
23:25:32,Idoom 4G_EA51A,54:1F:8D:8E:A5:1A,Unknown,-100,3,
23:25:34,Idoom 4G_EA51A,54:1F:8D:8E:A5:1A,Unknown,-100,3,
23:25:35,Idoom 4G_EA51A,54:1F:8D:8E:A5:1A,Unknown,-100,3,
23:25:37,Idoom 4G_EA51A,54:1F:8D:8E:A5:1A,Unknown,-100,3,
23:25:38,Idoom 4G_EA51A,54:1F:8D:8E:A5:1A,Unknown,-100,3,
23:25:40,Idoom 4G_EA51A,54:1F:8D:8E:A5:1A,Unknown,-100,3,
23:25:41,Idoom 4G_EA51A,54:1F:8D:8E:A5:1A,Unknown,-100,3,
23:25:43,Idoom 4G_EA51A,54:1F:8D:8E:A5:1A,Unknown,-100,3,
23:25:44,Idoom 4G_EA51A,54:1F:8D:8E:A5:1A,Unknown,-100,3,
23:25:46,Idoom 4G_EA51A,54:1F:8D:8E:A5:1A,Unknown,-100,3,
23:25:47,Idoom 4G_EA51A,54:1F:8D:8E:A5:1A,Unknown,-100,3,
23:25:49,Idoom 4G_EA51A,54:1F:8D:8E:A5:1A,Unknown,-100,3,
23:25:50,Idoom 4G_EA51A,54:1F:8D:8E:A5:1A,Unknown,-100,3,
23:25:52,Idoom 4G_EA51A,54:1F:8D:8E:A5:1A,Unknown,-100,3,
23:25:53,Idoom 4G_EA51A,54:1F:8D:8E:A5:1A,Unknown,-100,3,
23:25:55,Idoom 4G_EA51A,54:1F:8D:8E:A5:1A,Unknown,-100,3,
23:25:56,Idoom 4G_EA51A,54:1F:8D:8E:A5:1A,Unknown,-100,3,
23:25:58,Idoom 4G_EA51A,54:1F:8D:8E:A5:1A,Unknown,-100,3,
23:25:59,Idoom 4G_EA51A,54:1F:8D:8E:A5:1A,Unknown,-100,3,
23:26:01,Idoom 4G_EA51A,54:1F:8D:8E:A5:1A,Unknown,-100,3,
23:26:02,Idoom 4G_EA51A,54:1F:8D:8E:A5:1A,Unknown,-100,3,
23:26:04,Idoom 4G_EA51A,54:1F:8D:8E:A5:1A,Unknown,-100,3,
23:26:05,Idoom 4G_EA51A,54:1F:8D:8E:A5:1A,Unknown,-100,3,
23:26:07,Idoom 4G_EA51A,54:1F:8D:8E:A5:1A,Unknown,-100,3,
23:26:08,Idoom 4G_EA51A,54:1F:8D:8E:A5:1A,Unknown,-100,3,
23:26:10,Idoom 4G_EA51A,54:1F:8D:8E:A5:1A,Unknown,-100,3,
23:26:11,Idoom 4G_EA51A,54:1F:8D:8E:A5:1A,Unknown,-100,3,
23:26:13,Idoom 4G_EA51A,54:1F:8D:8E:A5:1A,Unknown,-100,3,
23:26:14,Idoom 4G_EA51A,54:1F:8D:8E:A5:1A,Unknown,-100,3,
23:26:16,Idoom 4G_EA51A,54:1F:8D:8E:A5:1A,Unknown,-100,3,
23:26:17,Idoom 4G_EA51A,54:1F:8D:8E:A5:1A,Unknown,-100,3,
23:26:19,Idoom 4G_EA51A,54:1F:8D:8E:A5:1A,Unknown,-100,3,
23:26:20,Idoom 4G_EA51A,54:1F:8D:8E:A5:1A,Unknown,-100,3,
23:26:22,Idoom 4G_EA51A,54:1F:8D:8E:A5:1A,Unknown,-100,3,
23:26:23,Idoom 4G_EA51A,54:1F:8D:8E:A5:1A,Unknown,-100,3,
23:26:25,Idoom 4G_EA51A,54:1F:8D:8E:A5:1A,Unknown,-100,3,
23:26:26,Idoom 4G_EA51A,54:1F:8D:8E:A5:1A,Unknown,-100,3,
23:26:28,Idoom 4G_EA51A,54:1F:8D:8E:A5:1A,Unknown,-100,3,
23:26:29,Idoom 4G_EA51A,54:1F:8D:8E:A5:1A,Unknown,-100,3,
23:26:31,Idoom 4G_EA51A,54:1F:8D:8E:A5:1A,Unknown,-100,3,
23:26:32,Idoom 4G_EA51A,54:1F:8D:8E:A5:1A,Unknown,-100,3,
23:26:34,Idoom 4G_EA51A,54:1F:8D:8E:A5:1A,Unknown,-100,3,
23:26:35,Idoom 4G_EA51A,54:1F:8D:8E:A5:1A,Unknown,-100,3,
23:26:37,Idoom 4G_EA51A,54:1F:8D:8E:A5:1A,Unknown,-100,3,
23:26:38,Idoom 4G_EA51A,54:1F:8D:8E:A5:1A,Unknown,-100,3,
23:26:40,Idoom 4G_EA51A,54:1F:8D:8E:A5:1A,Unknown,-100,3,
23:26:41,Idoom 4G_EA51A,54:1F:8D:8E:A5:1A,Unknown,-100,3,
23:26:43,Idoom 4G_EA51A,54:1F:8D:8E:A5:1A,Unknown,-100,3,
23:26:44,Idoom 4G_EA51A,54:1F:8D:8E:A5:1A,Unknown,-100,3,
23:26:46,Idoom 4G_EA51A,54:1F:8D:8E:A5:1A,Unknown,-100,3,
23:26:47,Idoom 4G_EA51A,54:1F:8D:8E:A5:1A,Unknown,-100,3,
23:26:49,Idoom 4G_EA51A,54:1F:8D:8E:A5:1A,Unknown,-100,3,
23:26:50,Idoom 4G_EA51A,54:1F:8D:8E:A5:1A,Unknown,-100,3,
23:26:52,Idoom 4G_EA51A,54:1F:8D:8E:A5:1A,Unknown,-100,3,
23:26:53,Idoom 4G_EA51A,54:1F:8D:8E:A5:1A,Unknown,-100,3,
23:26:55,Idoom 4G_EA51A,54:1F:8D:8E:A5:1A,Unknown,-100,3,
23:26:56,Idoom 4G_EA51A,54:1F:8D:8E:A5:1A,Unknown,-100,3,
23:26:58,Idoom 4G_EA51A,54:1F:8D:8E:A5:1A,Unknown,-100,3,
23:26:59,Idoom 4G_EA51A,54:1F:8D:8E:A5:1A,Unknown,-100,3,
23:27:01,Idoom 4G_EA51A,54:1F:8D:8E:A5:1A,Unknown,-100,3,
23:27:02,Idoom 4G_EA51A,54:1F:8D:8E:A5:1A,Unknown,-100,3,
23:27:04,Idoom 4G_EA51A,54:1F:8D:8E:A5:1A,Unknown,-100,3,
23:27:05,Idoom 4G_EA51A,54:1F:8D:8E:A5:1A,Unknown,-100,3,
23:27:07,Idoom 4G_EA51A,54:1F:8D:8E:A5:1A,Unknown,-100,3,
23:27:08,Idoom 4G_EA51A,54:1F:8D:8E:A5:1A,Unknown,-100,3,
23:27:10,Idoom 4G_EA51A,54:1F:8D:8E:A5:1A,Unknown,-100,3,
23:27:11,Idoom 4G_EA51A,54:1F:8D:8E:A5:1A,Unknown,-100,3,
23:27:13,Idoom 4G_EA51A,54:1F:8D:8E:A5:1A,Unknown,-100,3,
23:27:14,Idoom 4G_EA51A,54:1F:8D:8E:A5:1A,Unknown,-100,3,
23:27:16,Idoom 4G_EA51A,54:1F:8D:8E:A5:1A,Unknown,-100,3,
23:27:17,Idoom 4G_EA51A,54:1F:8D:8E:A5:1A,Unknown,-100,3,
23:27:19,Idoom 4G_EA51A,54:1F:8D:8E:A5:1A,Unknown,-100,3,
23:27:20,Idoom 4G_EA51A,54:1F:8D:8E:A5:1A,Unknown,-100,3,
23:27:22,Idoom 4G_EA51A,54:1F:8D:8E:A5:1A,Unknown,-100,3,
23:27:23,Idoom 4G_EA51A,54:1F:8D:8E:A5:1A,Unknown,-100,3,
23:27:25,Idoom 4G_EA51A,54:1F:8D:8E:A5:1A,Unknown,-100,3,
23:27:26,Idoom 4G_EA51A,54:1F:8D:8E:A5:1A,Unknown,-100,3,
23:27:28,Idoom 4G_EA51A,54:1F:8D:8E:A5:1A,Unknown,-100,3,
23:27:29,Idoom 4G_EA51A,54:1F:8D:8E:A5:1A,Unknown,-100,3,
23:27:31,Idoom 4G_EA51A,54:1F:8D:8E:A5:1A,Unknown,-100,3,
23:27:32,Idoom 4G_EA51A,54:1F:8D:8E:A5:1A,Unknown,-100,3,
23:27:34,Idoom 4G_EA51A,54:1F:8D:8E:A5:1A,Unknown,-100,3,
23:27:35,Idoom 4G_EA51A,54:1F:8D:8E:A5:1A,Unknown,-100,3,
23:27:37,Idoom 4G_EA51A,54:1F:8D:8E:A5:1A,Unknown,-100,3,
23:27:38,Idoom 4G_EA51A,54:1F:8D:8E:A5:1A,Unknown,-100,3,
23:27:40,Idoom 4G_EA51A,54:1F:8D:8E:A5:1A,Unknown,-100,3,
23:27:41,Idoom 4G_EA51A,54:1F:8D:8E:A5:1A,Unknown,-100,3,
23:27:43,Idoom 4G_EA51A,54:1F:8D:8E:A5:1A,Unknown,-100,3,
23:27:44,Idoom 4G_EA51A,54:1F:8D:8E:A5:1A,Unknown,-100,3,
23:27:46,Idoom 4G_EA51A,54:1F:8D:8E:A5:1A,Unknown,-100,3,
23:27:47,Idoom 4G_EA51A,54:1F:8D:8E:A5:1A,Unknown,-100,3,
23:27:49,Idoom 4G_EA51A,54:1F:8D:8E:A5:1A,Unknown,-100,3,
23:27:50,Idoom 4G_EA51A,54:1F:8D:8E:A5:1A,Unknown,-100,3,
23:27:52,Idoom 4G_EA51A,54:1F:8D:8E:A5:1A,Unknown,-100,3,
23:27:53,Idoom 4G_EA51A,54:1F:8D:8E:A5:1A,Unknown,-100,3,
23:27:55,Idoom 4G_EA51A,54:1F:8D:8E:A5:1A,Unknown,-100,3,
23:27:56,Idoom 4G_EA51A,54:1F:8D:8E:A5:1A,Unknown,-100,3,
23:27:58,Idoom 4G_EA51A,54:1F:8D:8E:A5:1A,Unknown,-100,3,
23:27:59,Idoom 4G_EA51A,54:1F:8D:8E:A5:1A,Unknown,-100,3,
23:28:01,Idoom 4G_EA51A,54:1F:8D:8E:A5:1A,Unknown,-100,3,
23:28:02,Idoom 4G_EA51A,54:1F:8D:8E:A5:1A,Unknown,-100,3,
23:28:04,Idoom 4G_EA51A,54:1F:8D:8E:A5:1A,Unknown,-100,3,
23:28:05,Idoom 4G_EA51A,54:1F:8D:8E:A5:1A,Unknown,-100,3,
23:28:07,Idoom 4G_EA51A,54:1F:8D:8E:A5:1A,Unknown,-100,3,
23:28:07,fakeeee,67:C6:69:73:51:FF,Unknown,-100,0,
23:28:07,fakeeee,4A:EC:29:CD:BA:AB,Unknown,-100,0,
23:28:07,fakeeee,F2:FB:E3:46:7C:C2,Unknown,-100,0,
23:28:07,fakeeee,54:F8:1B:E8:E7:8D,Unknown,-100,0,
23:28:08,Idoom 4G_EA51A,54:1F:8D:8E:A5:1A,Unknown,-100,3,
23:28:08,fakeeee,67:C6:69:73:51:FF,Unknown,-100,3,
23:28:08,fakeeee,4A:EC:29:CD:BA:AB,Unknown,-100,3,
23:28:08,fakeeee,F2:FB:E3:46:7C:C2,Unknown,-100,3,
23:28:08,fakeeee,54:F8:1B:E8:E7:8D,Unknown,-100,3,
23:28:08,fakeeee,76:5A:2E:63:33:9F,Unknown,-100,0,
23:28:08,fakeeee,C9:9A:66:32:0D:B7,Unknown,-100,0,
23:28:08,fakeeee,31:58:A3:5A:25:5D,Unknown,-100,0,
23:28:08,fakeeee,05:17:58:E9:5E:D4,Unknown,-100,0,
23:28:08,fakeeee,AB:B2:CD:C6:9B:B4,Unknown,-100,0,
23:28:08,fakeeee,54:11:0E:82:74:41,Unknown,-100,0,
23:28:08,fakeeee,21:3D:DC:87:70:E9,Unknown,-100,0,
23:28:08,fakeeee,3E:A1:41:E1:FC:67,Unknown,-100,0,
23:28:08,fakeeee,3E:01:7E:97:EA:DC,Unknown,-100,0,
23:28:08,fakeeee,EC:B0:3B:FB:32:AF,Unknown,-100,0,
23:28:08,fakeeee,3C:54:EC:18:DB:5C,Unknown,-100,0,
23:28:08,fakeeee,02:1A:FE:43:FB:FA,Unknown,-100,0,
23:28:08,fakeeee,AA:3A:FB:29:D1:E6,Unknown,-100,0,
23:28:08,fakeeee,1F:23:1E:A8:1C:7B,Unknown,-100,0,
23:28:08,fakeeee,64:C5:14:73:5A:C5,Unknown,-100,0,
23:28:08,fakeeee,5E:4B:79:63:3B:70,Unknown,-100,0,
23:28:08,fakeeee,64:24:11:9E:09:DC,Unknown,-100,0,
23:28:08,fakeeee,AA:D4:AC:F2:1B:10,Unknown,-100,0,
23:28:08,fakeeee,AF:3B:33:CD:E3:50,Unknown,-100,0,
23:28:08,fakeeee,22:19:BA:9B:7D:F5,Unknown,-100,0,
23:28:08,fakeeee,0B:E1:1A:1C:7F:23,Unknown,-100,0,
23:28:08,fakeeee,F8:29:F8:A4:1B:13,Unknown,-100,0,
23:28:08,fakeeee,B5:CA:4E:E8:98:32,Unknown,-100,0,
23:28:08,fakeeee,38:E0:79:4D:3D:34,Unknown,-100,0,
23:28:08,fakeeee,BC:5F:4E:77:FA:CB,Unknown,-100,0,
23:28:08,fakeeee,6C:05:AC:86:21:2B,Unknown,-100,0,
23:28:08,fakeeee,AA:1A:55:A2:BE:70,Unknown,-100,0,
23:28:08,fakeeee,B5:73:3B:04:5C:D3,Unknown,-100,0,
23:28:08,fakeeee,36:94:B3:AF:E2:F0,Unknown,-100,0,
23:28:08,fakeeee,E4:9E:4F:32:15:49,Unknown,-100,0,
23:28:08,fakeeee,FD:82:4E:A9:08:70,Unknown,-100,0,
23:28:08,fakeeee,D4:B2:8A:29:54:48,Unknown,-100,0,
23:28:08,fakeeee,9A:0A:BC:D5:0E:18,Unknown,-100,0,
23:28:08,fakeeee,A8:44:AC:5B:F3:8E,Unknown,-100,0,
23:28:08,fakeeee,4C:D7:2D:9B:09:42,Unknown,-100,0,
23:28:08,fakeeee,E5:06:C4:33:AF:CD,Unknown,-100,0,
23:28:08,fakeeee,A3:84:7F:2D:AD:D4,Unknown,-100,0,
23:28:08,fakeeee,76:47:DE:32:1C:EC,Unknown,-100,0,
23:28:08,fakeeee,4A:C4:30:F6:20:23,Unknown,-100,0,
23:28:08,fakeeee,85:6C:FB:B2:07:04,Unknown,-100,0,
23:28:08,fakeeee,F4:EC:0B:B9:20:BA,Unknown,-100,0,
23:28:08,fakeeee,86:C3:3E:05:F1:EC,Unknown,-100,0,
23:28:08,fakeeee,D9:67:33:B7:99:50,Unknown,-100,0,
23:28:08,fakeeee,A3:E3:14:D3:D9:34,Unknown,-100,0,
23:28:08,fakeeee,F7:5E:A0:F2:10:A8,Unknown,-100,0,
23:28:08,fakeeee,F6:05:94:01:BE:B4,Unknown,-100,0,
23:28:08,fakeeee,BC:44:78:FA:49:69,Unknown,-100,0,
23:28:08,fakeeee,E6:23:D0:1A:DA:69,Unknown,-100,0,
23:28:08,fakeeee,6A:7E:4C:7E:51:25,Unknown,-100,0,
23:28:08,fakeeee,B3:48:84:53:3A:94,Unknown,-100,0,
23:28:08,fakeeee,FB:31:99:90:32:57,Unknown,-100,0,
23:28:08,fakeeee,44:EE:9B:BC:E9:E5,Unknown,-100,0,
23:28:08,fakeeee,25:CF:08:F5:E9:E2,Unknown,-100,0,
23:28:08,fakeeee,5E:53:60:AA:D2:B2,Unknown,-100,0,
23:28:08,fakeeee,D0:85:FA:54:D8:35,Unknown,-100,0,
23:28:08,fakeeee,E8:D4:66:82:64:98,Unknown,-100,0,
23:28:08,fakeeee,D9:A8:87:75:65:70,Unknown,-100,0,
23:28:08,fakeeee,5A:8A:3F:62:80:29,Unknown,-100,0,
23:28:08,fakeeee,44:DE:7C:A5:89:4E,Unknown,-100,0,
23:28:08,fakeeee,57:59:D3:51:AD:AC,Unknown,-100,0,
23:28:08,fakeeee,86:95:80:EC:17:E4,Unknown,-100,0,
23:28:08,fakeeee,85:F1:8C:0C:66:F1,Unknown,-100,0,
23:28:08,fakeeee,7C:C0:7C:BB:22:FC,Unknown,-100,0,
23:28:08,fakeeee,E4:66:DA:61:0B:63,Unknown,-100,0,
23:28:08,fakeeee,AF:62:BC:83:B4:69,Unknown,-100,0,
23:28:08,fakeeee,2F:3A:FF:AF:27:16,Unknown,-100,0,
23:28:08,fakeeee,93:AC:07:1F:B8:6D,Unknown,-100,0,
23:28:08,fakeeee,11:34:2D:8D:EF:4F,Unknown,-100,0,
23:28:08,fakeeee,89:D4:B6:63:35:C1,Unknown,-100,0,
23:28:08,fakeeee,C7:E4:24:83:67:D8,Unknown,-100,0,
23:28:08,fakeeee,ED:96:12:EC:45:39,Unknown,-100,0,
23:28:08,fakeeee,02:D8:E5:0A:F8:9D,Unknown,-100,0,
23:28:08,fakeeee,77:09:D1:A5:96:C1,Unknown,-100,0,
23:28:08,fakeeee,68:BA:AC:7A:A6:F2,Unknown,-100,0,
23:28:08,fakeeee,B4:A8:CA:99:B2:C2,Unknown,-100,0,
23:28:08,fakeeee,37:2A:CB:08:CF:61,Unknown,-100,0,
23:28:08,fakeeee,C9:C3:80:5E:6E:03,Unknown,-100,0,
23:28:08,fakeeee,28:DA:4C:D7:6A:19,Unknown,-100,0,
23:28:08,fakeeee,ED:D2:D3:99:4C:79,Unknown,-100,0,
23:28:08,fakeeee,8B:00:22:56:9A:D4,Unknown,-100,0,
23:28:08,fakeeee,18:D1:FE:E4:D9:CD,Unknown,-100,0,
23:28:08,fakeeee,45:A3:91:C6:01:FF,Unknown,-100,0,
23:28:10,Idoom 4G_EA51A,54:1F:8D:8E:A5:1A,Unknown,-100,3,
23:28:10,fakeeee,67:C6:69:73:51:FF,Unknown,-100,3,
23:28:10,fakeeee,4A:EC:29:CD:BA:AB,Unknown,-100,3,
23:28:10,fakeeee,F2:FB:E3:46:7C:C2,Unknown,-100,3,
23:28:10,fakeeee,54:F8:1B:E8:E7:8D,Unknown,-100,3,
23:28:10,fakeeee,76:5A:2E:63:33:9F,Unknown,-100,3,
23:28:10,fakeeee,C9:9A:66:32:0D:B7,Unknown,-100,3,
23:28:10,fakeeee,31:58:A3:5A:25:5D,Unknown,-100,3,
23:28:10,fakeeee,05:17:58:E9:5E:D4,Unknown,-100,3,
23:28:10,fakeeee,AB:B2:CD:C6:9B:B4,Unknown,-100,3,
23:28:10,fakeeee,54:11:0E:82:74:41,Unknown,-100,3,
23:28:10,fakeeee,21:3D:DC:87:70:E9,Unknown,-100,3,
23:28:10,fakeeee,3E:A1:41:E1:FC:67,Unknown,-100,3,
23:28:10,fakeeee,3E:01:7E:97:EA:DC,Unknown,-100,3,
23:28:10,fakeeee,EC:B0:3B:FB:32:AF,Unknown,-100,3,
23:28:10,fakeeee,3C:54:EC:18:DB:5C,Unknown,-100,3,
23:28:10,fakeeee,02:1A:FE:43:FB:FA,Unknown,-100,3,
23:28:10,fakeeee,AA:3A:FB:29:D1:E6,Unknown,-100,3,
23:28:10,fakeeee,1F:23:1E:A8:1C:7B,Unknown,-100,3,
23:28:10,fakeeee,64:C5:14:73:5A:C5,Unknown,-100,3,
23:28:10,fakeeee,5E:4B:79:63:3B:70,Unknown,-100,3,
23:28:10,fakeeee,64:24:11:9E:09:DC,Unknown,-100,3,
23:28:10,fakeeee,AA:D4:AC:F2:1B:10,Unknown,-100,3,
23:28:10,fakeeee,AF:3B:33:CD:E3:50,Unknown,-100,3,
23:28:10,fakeeee,22:19:BA:9B:7D:F5,Unknown,-100,3,
23:28:10,fakeeee,0B:E1:1A:1C:7F:23,Unknown,-100,3,
23:28:10,fakeeee,F8:29:F8:A4:1B:13,Unknown,-100,3,
23:28:10,fakeeee,B5:CA:4E:E8:98:32,Unknown,-100,3,
23:28:10,fakeeee,38:E0:79:4D:3D:34,Unknown,-100,3,
23:28:10,fakeeee,BC:5F:4E:77:FA:CB,Unknown,-100,3,
23:28:10,fakeeee,6C:05:AC:86:21:2B,Unknown,-100,3,
23:28:10,fakeeee,AA:1A:55:A2:BE:70,Unknown,-100,3,
23:28:10,fakeeee,B5:73:3B:04:5C:D3,Unknown,-100,3,
23:28:10,fakeeee,36:94:B3:AF:E2:F0,Unknown,-100,3,
23:28:10,fakeeee,E4:9E:4F:32:15:49,Unknown,-100,3,
23:28:10,fakeeee,FD:82:4E:A9:08:70,Unknown,-100,3,
23:28:10,fakeeee,D4:B2:8A:29:54:48,Unknown,-100,3,
23:28:10,fakeeee,9A:0A:BC:D5:0E:18,Unknown,-100,3,
23:28:10,fakeeee,A8:44:AC:5B:F3:8E,Unknown,-100,3,
23:28:10,fakeeee,4C:D7:2D:9B:09:42,Unknown,-100,3,
23:28:10,fakeeee,E5:06:C4:33:AF:CD,Unknown,-100,3,
23:28:10,fakeeee,A3:84:7F:2D:AD:D4,Unknown,-100,3,
23:28:10,fakeeee,76:47:DE:32:1C:EC,Unknown,-100,3,
23:28:10,fakeeee,4A:C4:30:F6:20:23,Unknown,-100,3,
23:28:10,fakeeee,85:6C:FB:B2:07:04,Unknown,-100,3,
23:28:10,fakeeee,F4:EC:0B:B9:20:BA,Unknown,-100,3,
23:28:10,fakeeee,86:C3:3E:05:F1:EC,Unknown,-100,3,
23:28:10,fakeeee,D9:67:33:B7:99:50,Unknown,-100,3,
23:28:10,fakeeee,A3:E3:14:D3:D9:34,Unknown,-100,3,
23:28:10,fakeeee,F7:5E:A0:F2:10:A8,Unknown,-100,3,
23:28:10,fakeeee,F6:05:94:01:BE:B4,Unknown,-100,3,
23:28:10,fakeeee,BC:44:78:FA:49:69,Unknown,-100,3,
23:28:10,fakeeee,E6:23:D0:1A:DA:69,Unknown,-100,3,
23:28:10,fakeeee,6A:7E:4C:7E:51:25,Unknown,-100,3,
23:28:10,fakeeee,B3:48:84:53:3A:94,Unknown,-100,3,
23:28:10,fakeeee,FB:31:99:90:32:57,Unknown,-100,3,
23:28:10,fakeeee,44:EE:9B:BC:E9:E5,Unknown,-100,3,
23:28:10,fakeeee,25:CF:08:F5:E9:E2,Unknown,-100,3,
23:28:10,fakeeee,5E:53:60:AA:D2:B2,Unknown,-100,3,
23:28:10,fakeeee,D0:85:FA:54:D8:35,Unknown,-100,3,
23:28:10,fakeeee,E8:D4:66:82:64:98,Unknown,-100,3,
23:28:10,fakeeee,D9:A8:87:75:65:70,Unknown,-100,3,
23:28:10,fakeeee,5A:8A:3F:62:80:29,Unknown,-100,3,
23:28:10,fakeeee,44:DE:7C:A5:89:4E,Unknown,-100,3,
23:28:10,fakeeee,57:59:D3:51:AD:AC,Unknown,-100,3,
23:28:10,fakeeee,86:95:80:EC:17:E4,Unknown,-100,3,
23:28:10,fakeeee,85:F1:8C:0C:66:F1,Unknown,-100,3,
23:28:10,fakeeee,7C:C0:7C:BB:22:FC,Unknown,-100,3,
23:28:10,fakeeee,E4:66:DA:61:0B:63,Unknown,-100,3,
23:28:10,fakeeee,AF:62:BC:83:B4:69,Unknown,-100,3,
23:28:10,fakeeee,2F:3A:FF:AF:27:16,Unknown,-100,3,
23:28:10,fakeeee,93:AC:07:1F:B8:6D,Unknown,-100,3,
23:28:10,fakeeee,11:34:2D:8D:EF:4F,Unknown,-100,3,
23:28:10,fakeeee,89:D4:B6:63:35:C1,Unknown,-100,3,
23:28:10,fakeeee,C7:E4:24:83:67:D8,Unknown,-100,3,
23:28:10,fakeeee,ED:96:12:EC:45:39,Unknown,-100,3,
23:28:10,fakeeee,02:D8:E5:0A:F8:9D,Unknown,-100,3,
23:28:10,fakeeee,77:09:D1:A5:96:C1,Unknown,-100,3,
23:28:10,fakeeee,68:BA:AC:7A:A6:F2,Unknown,-100,3,
23:28:10,fakeeee,B4:A8:CA:99:B2:C2,Unknown,-100,3,
23:28:10,fakeeee,37:2A:CB:08:CF:61,Unknown,-100,3,
23:28:10,fakeeee,C9:C3:80:5E:6E:03,Unknown,-100,3,
23:28:10,fakeeee,28:DA:4C:D7:6A:19,Unknown,-100,3,
23:28:10,fakeeee,ED:D2:D3:99:4C:79,Unknown,-100,3,
23:28:10,fakeeee,8B:00:22:56:9A:D4,Unknown,-100,3,
23:28:10,fakeeee,18:D1:FE:E4:D9:CD,Unknown,-100,3,
23:28:10,fakeeee,45:A3:91:C6:01:FF,Unknown,-100,3,
23:28:10,fakeeee,C9:2A:D9:15:01:43,Unknown,-100,0,
23:28:10,fakeeee,2F:EE:15:02:87:61,Unknown,-100,0,
23:28:10,fakeeee,7C:13:62:9E:69:FC,Unknown,-100,0,
23:28:10,fakeeee,72:81:CD:71:65:A6,Unknown,-100,0,
23:28:10,fakeeee,3E:AB:49:CF:71:4B,Unknown,-100,0,
23:28:10,fakeeee,CE:3A:75:A7:4F:76,Unknown,-100,0,
23:28:10,fakeeee,EA:7E:64:FF:81:EB,Unknown,-100,0,
23:28:10,fakeeee,61:FD:FE:C3:9B:67,Unknown,-100,0,
23:28:10,fakeeee,BF:0D:E9:8C:7E:4E,Unknown,-100,0,
23:28:10,fakeeee,32:BD:F9:7C:8C:6A,Unknown,-100,0,
23:28:10,fakeeee,C7:5B:A4:3C:02:F4,Unknown,-100,0,
23:28:10,fakeeee,B2:ED:72:16:EC:F3,Unknown,-100,0,
23:28:10,fakeeee,01:4D:F0:00:10:8B,Unknown,-100,0,
23:28:10,fakeeee,67:CF:99:50:5B:17,Unknown,-100,0,
23:28:10,fakeeee,9F:8E:D4:98:0A:61,Unknown,-100,0,
23:28:10,fakeeee,03:D1:BC:A7:0D:BE,Unknown,-100,0,
23:28:10,fakeeee,9B:BF:AB:0E:D5:98,Unknown,-100,0,
23:28:10,fakeeee,01:D6:E5:F2:D6:F6,Unknown,-100,0,
23:28:10,fakeeee,7D:3E:C5:16:8E:21,Unknown,-100,0,
23:28:10,fakeeee,2E:2D:AF:02:C6:B9,Unknown,-100,0,
23:28:10,fakeeee,63:C9:8A:1F:70:97,Unknown,-100,0,
23:28:10,fakeeee,DE:0C:56:89:1A:2B,Unknown,-100,0,
23:28:10,fakeeee,21:1B:01:07:0D:D8,Unknown,-100,0,
23:28:10,fakeeee,FD:8B:16:C2:A1:A4,Unknown,-100,0,
23:28:10,fakeeee,E3:CF:D2:92:D2:98,Unknown,-100,0,
23:28:10,fakeeee,4B:35:61:D5:55:D1,Unknown,-100,0,
23:28:10,fakeeee,6C:33:DD:C2:BC:F7,Unknown,-100,0,
23:28:10,fakeeee,ED:DE:13:EF:E5:20,Unknown,-100,0,
23:28:10,fakeeee,C7:E2:AB:DD:A4:4D,Unknown,-100,0,
23:28:10,fakeeee,81:88:1C:53:1A:EE,Unknown,-100,0,
23:28:10,fakeeee,EB:66:24:4C:3B:79,Unknown,-100,0,
23:28:10,fakeeee,1E:A8:AC:FB:6A:68,Unknown,-100,0,
23:28:10,fakeeee,F3:58:46:06:47:2B,Unknown,-100,0,
23:28:10,fakeeee,26:0E:0D:D2:EB:B2,Unknown,-100,0,
23:28:10,fakeeee,1F:6C:3A:3B:C0:54,Unknown,-100,0,
23:28:10,fakeeee,2A:AB:BA:4E:F8:F6,Unknown,-100,0,
23:28:10,fakeeee,C7:16:9E:73:11:08,Unknown,-100,0,
23:28:10,fakeeee,DB:04:60:22:0A:A7,Unknown,-100,0,
23:28:10,fakeeee,4D:31:B5:5B:03:A0,Unknown,-100,0,
23:28:10,fakeeee,0D:22:0D:47:5D:CD,Unknown,-100,0,
23:28:10,fakeeee,9B:87:78:56:D5:70,Unknown,-100,0,
23:28:10,fakeeee,4C:9C:86:EA:0F:98,Unknown,-100,0,
23:28:10,fakeeee,F2:EB:9C:53:0D:A7,Unknown,-100,0,
23:28:10,fakeeee,FA:5A:D8:B0:B5:DB,Unknown,-100,0,
23:28:10,fakeeee,50:C2:FD:5D:09:5A,Unknown,-100,0,
23:28:10,fakeeee,2A:A5:E2:A3:FB:B7,Unknown,-100,0,
23:28:10,fakeeee,13:47:54:9A:31:63,Unknown,-100,0,
23:28:10,fakeeee,32:23:4E:CE:76:5B,Unknown,-100,0,
23:28:10,fakeeee,75:71:B6:4D:21:6B,Unknown,-100,0,
23:28:10,fakeeee,28:71:2E:25:CF:37,Unknown,-100,0,
23:28:10,fakeeee,80:F9:DC:62:9C:D7,Unknown,-100,0,
23:28:10,fakeeee,19:B0:1E:6D:4A:4F,Unknown,-100,0,
23:28:10,fakeeee,02:DB:B5:DE:3D:52,Unknown,-100,0,
23:28:10,fakeeee,B6:57:02:D4:C4:4C,Unknown,-100,0,
23:28:10,fakeeee,24:95:C8:97:B5:12,Unknown,-100,0,
23:28:10,fakeeee,80:30:D2:DB:61:E0,Unknown,-100,0,
23:28:10,fakeeee,56:FD:16:43:C8:71,Unknown,-100,0,
23:28:10,fakeeee,FF:CA:4D:B5:A8:8A,Unknown,-100,0,
23:28:10,fakeeee,07:5E:E1:09:33:A6,Unknown,-100,0,
23:28:10,fakeeee,55:57:3B:1D:EE:F0,Unknown,-100,0,
23:28:10,fakeeee,2F:6E:20:02:49:81,Unknown,-100,0,
23:28:10,fakeeee,E2:A0:7F:F8:E3:47,Unknown,-100,0,
23:28:10,fakeeee,69:E3:11:B6:98:B9,Unknown,-100,0,
23:28:10,fakeeee,41:9F:18:22:A8:4B,Unknown,-100,0,
23:28:10,fakeeee,C8:FD:A2:04:1A:90,Unknown,-100,0,
23:28:10,fakeeee,F4:49:FE:15:4B:48,Unknown,-100,0,
23:28:10,fakeeee,96:2D:E8:15:25:CB,Unknown,-100,0,
23:28:10,fakeeee,5C:8F:AE:6D:45:46,Unknown,-100,0,
23:28:10,fakeeee,27:86:E5:3F:A9:8D,Unknown,-100,0,
23:28:10,fakeeee,8A:71:8A:2C:75:A4,Unknown,-100,0,
23:28:10,fakeeee,BC:6A:EE:BA:7F:39,Unknown,-100,0,
23:28:10,fakeeee,02:15:67:EA:2B:8C,Unknown,-100,0,
23:28:10,fakeeee,B6:87:1B:64:F5:61,Unknown,-100,0,
23:28:10,fakeeee,AB:1C:E7:90:5B:90,Unknown,-100,0,
23:28:10,fakeeee,1E:E5:02:A8:11:77,Unknown,-100,0,
23:28:10,fakeeee,4D:CD:E1:3B:87:60,Unknown,-100,0,
23:28:10,fakeeee,74:8A:76:DB:74:A1,Unknown,-100,0,
23:28:10,fakeeee,68:2A:28:83:8F:1D,Unknown,-100,0,
23:28:10,fakeeee,E4:3A:39:CC:CA:94,Unknown,-100,0,
23:28:10,fakeeee,5C:E8:79:5E:91:8A,Unknown,-100,0,
23:28:10,fakeeee,D6:DE:57:B7:19:DF,Unknown,-100,0,
23:28:10,fakeeee,18:8D:69:8E:69:DD,Unknown,-100,0,
23:28:10,fakeeee,2F:D1:08:57:54:97,Unknown,-100,0,
23:28:10,fakeeee,75:39:D1:AE:05:9B,Unknown,-100,0,
23:28:10,fakeeee,43:61:84:BC:C0:15,Unknown,-100,0,
23:28:10,fakeeee,47:96:F3:9E:4D:0C,Unknown,-100,0,
23:28:10,fakeeee,7D:65:99:E6:F3:02,Unknown,-100,0,
23:28:10,fakeeee,C4:22:D3:CC:7A:28,Unknown,-100,0,
23:28:11,Idoom 4G_EA51A,54:1F:8D:8E:A5:1A,Unknown,-100,3,
23:28:11,fakeeee,67:C6:69:73:51:FF,Unknown,-100,3,
23:28:11,fakeeee,4A:EC:29:CD:BA:AB,Unknown,-100,3,
23:28:11,fakeeee,F2:FB:E3:46:7C:C2,Unknown,-100,3,
23:28:11,fakeeee,54:F8:1B:E8:E7:8D,Unknown,-100,3,
23:28:11,fakeeee,76:5A:2E:63:33:9F,Unknown,-100,3,
23:28:11,fakeeee,C9:9A:66:32:0D:B7,Unknown,-100,3,
23:28:11,fakeeee,31:58:A3:5A:25:5D,Unknown,-100,3,
23:28:11,fakeeee,05:17:58:E9:5E:D4,Unknown,-100,3,
23:28:11,fakeeee,AB:B2:CD:C6:9B:B4,Unknown,-100,3,
23:28:11,fakeeee,54:11:0E:82:74:41,Unknown,-100,3,
23:28:11,fakeeee,21:3D:DC:87:70:E9,Unknown,-100,3,
23:28:11,fakeeee,3E:A1:41:E1:FC:67,Unknown,-100,3,
23:28:11,fakeeee,3E:01:7E:97:EA:DC,Unknown,-100,3,
23:28:11,fakeeee,EC:B0:3B:FB:32:AF,Unknown,-100,3,
23:28:11,fakeeee,3C:54:EC:18:DB:5C,Unknown,-100,3,
23:28:11,fakeeee,02:1A:FE:43:FB:FA,Unknown,-100,3,
23:28:11,fakeeee,AA:3A:FB:29:D1:E6,Unknown,-100,3,
23:28:11,fakeeee,1F:23:1E:A8:1C:7B,Unknown,-100,3,
23:28:11,fakeeee,64:C5:14:73:5A:C5,Unknown,-100,3,
23:28:11,fakeeee,5E:4B:79:63:3B:70,Unknown,-100,3,
23:28:11,fakeeee,64:24:11:9E:09:DC,Unknown,-100,3,
23:28:11,fakeeee,AA:D4:AC:F2:1B:10,Unknown,-100,3,
23:28:11,fakeeee,AF:3B:33:CD:E3:50,Unknown,-100,3,
23:28:11,fakeeee,22:19:BA:9B:7D:F5,Unknown,-100,3,
23:28:11,fakeeee,0B:E1:1A:1C:7F:23,Unknown,-100,3,
23:28:11,fakeeee,F8:29:F8:A4:1B:13,Unknown,-100,3,
23:28:11,fakeeee,B5:CA:4E:E8:98:32,Unknown,-100,3,
23:28:11,fakeeee,38:E0:79:4D:3D:34,Unknown,-100,3,
23:28:11,fakeeee,BC:5F:4E:77:FA:CB,Unknown,-100,3,
23:28:11,fakeeee,6C:05:AC:86:21:2B,Unknown,-100,3,
23:28:11,fakeeee,AA:1A:55:A2:BE:70,Unknown,-100,3,
23:28:11,fakeeee,B5:73:3B:04:5C:D3,Unknown,-100,3,
23:28:11,fakeeee,36:94:B3:AF:E2:F0,Unknown,-100,3,
23:28:11,fakeeee,E4:9E:4F:32:15:49,Unknown,-100,3,
23:28:11,fakeeee,FD:82:4E:A9:08:70,Unknown,-100,3,
23:28:11,fakeeee,D4:B2:8A:29:54:48,Unknown,-100,3,
23:28:11,fakeeee,9A:0A:BC:D5:0E:18,Unknown,-100,3,
23:28:11,fakeeee,A8:44:AC:5B:F3:8E,Unknown,-100,3,
23:28:11,fakeeee,4C:D7:2D:9B:09:42,Unknown,-100,3,
23:28:11,fakeeee,E5:06:C4:33:AF:CD,Unknown,-100,3,
23:28:11,fakeeee,A3:84:7F:2D:AD:D4,Unknown,-100,3,
23:28:11,fakeeee,76:47:DE:32:1C:EC,Unknown,-100,3,
23:28:11,fakeeee,4A:C4:30:F6:20:23,Unknown,-100,3,
23:28:11,fakeeee,85:6C:FB:B2:07:04,Unknown,-100,3,
23:28:11,fakeeee,F4:EC:0B:B9:20:BA,Unknown,-100,3,
23:28:11,fakeeee,86:C3:3E:05:F1:EC,Unknown,-100,3,
23:28:11,fakeeee,D9:67:33:B7:99:50,Unknown,-100,3,
23:28:11,fakeeee,A3:E3:14:D3:D9:34,Unknown,-100,3,
23:28:11,fakeeee,F7:5E:A0:F2:10:A8,Unknown,-100,3,
23:28:11,fakeeee,F6:05:94:01:BE:B4,Unknown,-100,3,
23:28:11,fakeeee,BC:44:78:FA:49:69,Unknown,-100,3,
23:28:11,fakeeee,E6:23:D0:1A:DA:69,Unknown,-100,3,
23:28:11,fakeeee,6A:7E:4C:7E:51:25,Unknown,-100,3,
23:28:11,fakeeee,B3:48:84:53:3A:94,Unknown,-100,3,
23:28:11,fakeeee,FB:31:99:90:32:57,Unknown,-100,3,
23:28:11,fakeeee,44:EE:9B:BC:E9:E5,Unknown,-100,3,
23:28:11,fakeeee,25:CF:08:F5:E9:E2,Unknown,-100,3,
23:28:11,fakeeee,5E:53:60:AA:D2:B2,Unknown,-100,3,
23:28:11,fakeeee,D0:85:FA:54:D8:35,Unknown,-100,3,
23:28:11,fakeeee,E8:D4:66:82:64:98,Unknown,-100,3,
23:28:11,fakeeee,D9:A8:87:75:65:70,Unknown,-100,3,
23:28:11,fakeeee,5A:8A:3F:62:80:29,Unknown,-100,3,
23:28:11,fakeeee,44:DE:7C:A5:89:4E,Unknown,-100,3,
23:28:11,fakeeee,57:59:D3:51:AD:AC,Unknown,-100,3,
23:28:11,fakeeee,86:95:80:EC:17:E4,Unknown,-100,3,
23:28:11,fakeeee,85:F1:8C:0C:66:F1,Unknown,-100,3,
23:28:11,fakeeee,7C:C0:7C:BB:22:FC,Unknown,-100,3,
23:28:11,fakeeee,E4:66:DA:61:0B:63,Unknown,-100,3,
23:28:11,fakeeee,AF:62:BC:83:B4:69,Unknown,-100,3,
23:28:11,fakeeee,2F:3A:FF:AF:27:16,Unknown,-100,3,
23:28:11,fakeeee,93:AC:07:1F:B8:6D,Unknown,-100,3,
23:28:11,fakeeee,11:34:2D:8D:EF:4F,Unknown,-100,3,
23:28:11,fakeeee,89:D4:B6:63:35:C1,Unknown,-100,3,
23:28:11,fakeeee,C7:E4:24:83:67:D8,Unknown,-100,3,
23:28:11,fakeeee,ED:96:12:EC:45:39,Unknown,-100,3,
23:28:11,fakeeee,02:D8:E5:0A:F8:9D,Unknown,-100,3,
23:28:11,fakeeee,77:09:D1:A5:96:C1,Unknown,-100,3,
23:28:11,fakeeee,68:BA:AC:7A:A6:F2,Unknown,-100,3,
23:28:11,fakeeee,B4:A8:CA:99:B2:C2,Unknown,-100,3,
23:28:11,fakeeee,37:2A:CB:08:CF:61,Unknown,-100,3,
23:28:11,fakeeee,C9:C3:80:5E:6E:03,Unknown,-100,3,
23:28:11,fakeeee,28:DA:4C:D7:6A:19,Unknown,-100,3,
23:28:11,fakeeee,ED:D2:D3:99:4C:79,Unknown,-100,3,
23:28:11,fakeeee,8B:00:22:56:9A:D4,Unknown,-100,3,
23:28:11,fakeeee,18:D1:FE:E4:D9:CD,Unknown,-100,3,
23:28:11,fakeeee,45:A3:91:C6:01:FF,Unknown,-100,3,
23:28:11,fakeeee,C9:2A:D9:15:01:43,Unknown,-100,3,
23:28:11,fakeeee,2F:EE:15:02:87:61,Unknown,-100,3,
23:28:11,fakeeee,7C:13:62:9E:69:FC,Unknown,-100,3,
23:28:11,fakeeee,72:81:CD:71:65:A6,Unknown,-100,3,
23:28:11,fakeeee,3E:AB:49:CF:71:4B,Unknown,-100,3,
23:28:11,fakeeee,CE:3A:75:A7:4F:76,Unknown,-100,3,
23:28:11,fakeeee,EA:7E:64:FF:81:EB,Unknown,-100,3,
23:28:11,fakeeee,61:FD:FE:C3:9B:67,Unknown,-100,3,
23:28:11,fakeeee,BF:0D:E9:8C:7E:4E,Unknown,-100,3,
23:28:11,fakeeee,32:BD:F9:7C:8C:6A,Unknown,-100,3,
23:28:11,fakeeee,C7:5B:A4:3C:02:F4,Unknown,-100,3,
23:28:11,fakeeee,B2:ED:72:16:EC:F3,Unknown,-100,3,
23:28:11,fakeeee,01:4D:F0:00:10:8B,Unknown,-100,3,
23:28:11,fakeeee,67:CF:99:50:5B:17,Unknown,-100,3,
23:28:11,fakeeee,9F:8E:D4:98:0A:61,Unknown,-100,3,
23:28:11,fakeeee,03:D1:BC:A7:0D:BE,Unknown,-100,3,
23:28:11,fakeeee,9B:BF:AB:0E:D5:98,Unknown,-100,3,
23:28:11,fakeeee,01:D6:E5:F2:D6:F6,Unknown,-100,3,
23:28:11,fakeeee,7D:3E:C5:16:8E:21,Unknown,-100,3,
23:28:11,fakeeee,2E:2D:AF:02:C6:B9,Unknown,-100,3,
23:28:11,fakeeee,63:C9:8A:1F:70:97,Unknown,-100,3,
23:28:11,fakeeee,DE:0C:56:89:1A:2B,Unknown,-100,3,
23:28:11,fakeeee,21:1B:01:07:0D:D8,Unknown,-100,3,
23:28:11,fakeeee,FD:8B:16:C2:A1:A4,Unknown,-100,3,
23:28:11,fakeeee,E3:CF:D2:92:D2:98,Unknown,-100,3,
23:28:11,fakeeee,4B:35:61:D5:55:D1,Unknown,-100,3,
23:28:11,fakeeee,6C:33:DD:C2:BC:F7,Unknown,-100,3,
23:28:11,fakeeee,ED:DE:13:EF:E5:20,Unknown,-100,3,
23:28:11,fakeeee,C7:E2:AB:DD:A4:4D,Unknown,-100,3,
23:28:11,fakeeee,81:88:1C:53:1A:EE,Unknown,-100,3,
23:28:11,fakeeee,EB:66:24:4C:3B:79,Unknown,-100,3,
23:28:11,fakeeee,1E:A8:AC:FB:6A:68,Unknown,-100,3,
23:28:11,fakeeee,F3:58:46:06:47:2B,Unknown,-100,3,
23:28:11,fakeeee,26:0E:0D:D2:EB:B2,Unknown,-100,3,
23:28:11,fakeeee,1F:6C:3A:3B:C0:54,Unknown,-100,3,
23:28:11,fakeeee,2A:AB:BA:4E:F8:F6,Unknown,-100,3,
23:28:11,fakeeee,C7:16:9E:73:11:08,Unknown,-100,3,
23:28:11,fakeeee,DB:04:60:22:0A:A7,Unknown,-100,3,
23:28:11,fakeeee,4D:31:B5:5B:03:A0,Unknown,-100,3,
23:28:11,fakeeee,0D:22:0D:47:5D:CD,Unknown,-100,3,
23:28:11,fakeeee,9B:87:78:56:D5:70,Unknown,-100,3,
23:28:11,fakeeee,4C:9C:86:EA:0F:98,Unknown,-100,3,
23:28:11,fakeeee,F2:EB:9C:53:0D:A7,Unknown,-100,3,
23:28:11,fakeeee,FA:5A:D8:B0:B5:DB,Unknown,-100,3,
23:28:11,fakeeee,50:C2:FD:5D:09:5A,Unknown,-100,3,
23:28:11,fakeeee,2A:A5:E2:A3:FB:B7,Unknown,-100,3,
23:28:11,fakeeee,13:47:54:9A:31:63,Unknown,-100,3,
23:28:11,fakeeee,32:23:4E:CE:76:5B,Unknown,-100,3,
23:28:11,fakeeee,75:71:B6:4D:21:6B,Unknown,-100,3,
23:28:11,fakeeee,28:71:2E:25:CF:37,Unknown,-100,3,
23:28:11,fakeeee,80:F9:DC:62:9C:D7,Unknown,-100,3,
23:28:11,fakeeee,19:B0:1E:6D:4A:4F,Unknown,-100,3,
23:28:11,fakeeee,02:DB:B5:DE:3D:52,Unknown,-100,3,
23:28:11,fakeeee,B6:57:02:D4:C4:4C,Unknown,-100,3,
23:28:11,fakeeee,24:95:C8:97:B5:12,Unknown,-100,3,
23:28:11,fakeeee,80:30:D2:DB:61:E0,Unknown,-100,3,
23:28:11,fakeeee,56:FD:16:43:C8:71,Unknown,-100,3,
23:28:11,fakeeee,FF:CA:4D:B5:A8:8A,Unknown,-100,3,
23:28:11,fakeeee,07:5E:E1:09:33:A6,Unknown,-100,3,
23:28:11,fakeeee,55:57:3B:1D:EE:F0,Unknown,-100,3,
23:28:11,fakeeee,2F:6E:20:02:49:81,Unknown,-100,3,
23:28:11,fakeeee,E2:A0:7F:F8:E3:47,Unknown,-100,3,
23:28:11,fakeeee,69:E3:11:B6:98:B9,Unknown,-100,3,
23:28:11,fakeeee,41:9F:18:22:A8:4B,Unknown,-100,3,
23:28:11,fakeeee,C8:FD:A2:04:1A:90,Unknown,-100,3,
23:28:11,fakeeee,F4:49:FE:15:4B:48,Unknown,-100,3,
23:28:11,fakeeee,96:2D:E8:15:25:CB,Unknown,-100,3,
23:28:11,fakeeee,5C:8F:AE:6D:45:46,Unknown,-100,3,
23:28:11,fakeeee,27:86:E5:3F:A9:8D,Unknown,-100,3,
23:28:11,fakeeee,8A:71:8A:2C:75:A4,Unknown,-100,3,
23:28:11,fakeeee,BC:6A:EE:BA:7F:39,Unknown,-100,3,
23:28:11,fakeeee,02:15:67:EA:2B:8C,Unknown,-100,3,
23:28:11,fakeeee,B6:87:1B:64:F5:61,Unknown,-100,3,
23:28:11,fakeeee,AB:1C:E7:90:5B:90,Unknown,-100,3,
23:28:11,fakeeee,1E:E5:02:A8:11:77,Unknown,-100,3,
23:28:11,fakeeee,4D:CD:E1:3B:87:60,Unknown,-100,3,
23:28:11,fakeeee,74:8A:76:DB:74:A1,Unknown,-100,3,
23:28:11,fakeeee,68:2A:28:83:8F:1D,Unknown,-100,3,
23:28:11,fakeeee,E4:3A:39:CC:CA:94,Unknown,-100,3,
23:28:11,fakeeee,5C:E8:79:5E:91:8A,Unknown,-100,3,
23:28:11,fakeeee,D6:DE:57:B7:19:DF,Unknown,-100,3,
23:28:11,fakeeee,18:8D:69:8E:69:DD,Unknown,-100,3,
23:28:11,fakeeee,2F:D1:08:57:54:97,Unknown,-100,3,
23:28:11,fakeeee,75:39:D1:AE:05:9B,Unknown,-100,3,
23:28:11,fakeeee,43:61:84:BC:C0:15,Unknown,-100,3,
23:28:11,fakeeee,47:96:F3:9E:4D:0C,Unknown,-100,3,
23:28:11,fakeeee,7D:65:99:E6:F3:02,Unknown,-100,3,
23:28:11,fakeeee,C4:22:D3:CC:7A:28,Unknown,-100,3,
23:28:11,fakeeee,63:EF:61:34:9D:66,Unknown,-100,0,
23:28:11,fakeeee,CF:E0:C7:53:9D:87,Unknown,-100,0,
23:28:11,fakeeee,68:E4:1D:5B:82:6B,Unknown,-100,0,
23:28:11,fakeeee,67:00:D0:01:E6:C4,Unknown,-100,0,
23:28:11,fakeeee,03:AA:E6:D7:76:60,Unknown,-100,0,
23:28:11,fakeeee,FF:D9:4F:60:0D:ED,Unknown,-100,0,
23:28:11,fakeeee,C6:DD:CD:8D:30:6A,Unknown,-100,0,
23:28:11,fakeeee,15:99:4E:32:F4:D1,Unknown,-100,0,
23:28:11,fakeeee,9D:5C:D1:6E:5D:B7,Unknown,-100,0,
23:28:11,fakeeee,32:60:62:18:37:D8,Unknown,-100,0,
23:28:11,fakeeee,79:36:B2:C8:96:BF,Unknown,-100,0,
23:28:11,fakeeee,B5:5C:9C:83:EA:CD,Unknown,-100,0,
23:28:11,fakeeee,ED:FF:66:3C:31:5A,Unknown,-100,0,
23:28:11,fakeeee,0D:CF:B6:DE:3D:13,Unknown,-100,0,
23:28:11,fakeeee,95:6F:74:F7:87:AB,Unknown,-100,0,
23:28:11,fakeeee,D0:00:E2:82:C9:78,Unknown,-100,0,
23:28:11,fakeeee,41:7E:D5:DE:01:BF,Unknown,-100,0,
23:28:11,fakeeee,AB:EF:BE:11:2B:EF,Unknown,-100,0,
23:28:11,fakeeee,6B:38:BE:22:16:FB,Unknown,-100,0,
23:28:11,fakeeee,35:AB:6A:A9:A3:F2,Unknown,-100,0,
23:28:11,fakeeee,55:73:F2:37:F5:BB,Unknown,-100,0,
23:28:11,fakeeee,AF:36:3A:84:14:3B,Unknown,-100,0,
23:28:11,fakeeee,43:BF:2A:01:D0:55,Unknown,-100,0,
23:28:11,fakeeee,F1:3C:8D:AF:5E:A3,Unknown,-100,0,
23:28:11,fakeeee,AB:93:4F:15:3D:F2,Unknown,-100,0,
23:28:11,fakeeee,DC:8D:62:2B:A3:9F,Unknown,-100,0,
23:28:11,fakeeee,1D:AA:31:82:A4:FA,Unknown,-100,0,
23:28:11,fakeeee,DC:5A:73:6C:49:70,Unknown,-100,0,
23:28:11,fakeeee,11:74:B0:76:CA:F2,Unknown,-100,0,
23:28:11,fakeeee,AB:75:25:1C:AD:08,Unknown,-100,0,
23:28:11,fakeeee,EB:89:95:4D:B4:38,Unknown,-100,0,
23:28:11,fakeeee,ED:D1:E3:1E:53:87,Unknown,-100,0,
23:28:11,fakeeee,19:2F:E1:8C:9C:2B,Unknown,-100,0,
23:28:11,fakeeee,FC:AD:9F:AC:23:69,Unknown,-100,0,
23:28:11,fakeeee,9F:CE:DE:C4:EA:8C,Unknown,-100,0,
23:28:11,fakeeee,CC:D5:15:62:23:CA,Unknown,-100,0,
23:28:11,fakeeee,9A:10:9B:7D:2E:EF,Unknown,-100,0,
23:28:11,fakeeee,05:47:1E:E6:D3:BA,Unknown,-100,0,
23:28:11,fakeeee,11:CF:68:B1:7C:8B,Unknown,-100,0,
23:28:11,fakeeee,1A:1B:5A:F9:DF:44,Unknown,-100,0,
23:28:11,fakeeee,85:AC:1A:9A:0E:3D,Unknown,-100,0,
23:28:11,fakeeee,64:A8:4D:00:26:7B,Unknown,-100,0,
23:28:11,fakeeee,EF:2B:C3:0D:11:96,Unknown,-100,0,
23:28:11,fakeeee,C8:23:66:30:D4:E2,Unknown,-100,0,
23:28:11,fakeeee,BB:EE:FD:15:E7:DC,Unknown,-100,0,
23:28:11,fakeeee,5A:6C:88:74:07:96,Unknown,-100,0,
23:28:11,fakeeee,B1:6B:3F:FE:6B:65,Unknown,-100,0,
23:28:11,fakeeee,79:5A:90:3C:68:A1,Unknown,-100,0,
23:28:11,fakeeee,D3:30:C4:39:60:98,Unknown,-100,0,
23:28:11,fakeeee,1B:1B:87:18:31:6E,Unknown,-100,0,
23:28:11,fakeeee,F4:8B:DB:7D:FF:E2,Unknown,-100,0,
23:28:11,fakeeee,13:B0:4D:52:AE:B9,Unknown,-100,0,
23:28:11,fakeeee,B7:27:13:47:64:7B,Unknown,-100,0,
23:28:11,fakeeee,E9:37:AB:AD:70:0B,Unknown,-100,0,
23:28:11,fakeeee,46:8B:27:CD:A3:58,Unknown,-100,0,
23:28:11,fakeeee,3B:97:E3:16:14:E2,Unknown,-100,0,
23:28:11,fakeeee,F8:28:92:46:7A:40,Unknown,-100,0,
23:28:11,fakeeee,FF:32:67:12:79:CB,Unknown,-100,0,
23:28:11,fakeeee,8E:62:02:39:10:72,Unknown,-100,0,
23:28:11,fakeeee,45:56:FD:6C:23:A0,Unknown,-100,0,
23:28:11,fakeeee,C4:5E:38:A7:75:4C,Unknown,-100,0,
23:28:11,fakeeee,89:6D:74:1B:B3:EF,Unknown,-100,0,
23:28:11,fakeeee,5B:B2:21:C2:C5:9A,Unknown,-100,0,
23:28:11,fakeeee,8E:53:FD:90:8C:0D,Unknown,-100,0,
23:28:11,fakeeee,03:D1:63:00:3D:86,Unknown,-100,0,
23:28:11,fakeeee,A1:01:E4:D9:A8:59,Unknown,-100,0,
23:28:11,fakeeee,25:31:C7:9A:4C:7A,Unknown,-100,0,
23:28:11,fakeeee,89:A7:2D:AA:6A:F2,Unknown,-100,0,
23:28:11,fakeeee,44:F8:45:41:88:D1,Unknown,-100,0,
23:28:11,fakeeee,4E:8B:A3:B1:8C:E0,Unknown,-100,0,
23:28:11,fakeeee,37:2D:E2:1C:06:8A,Unknown,-100,0,
23:28:11,fakeeee,75:2B:BC:3C:C5:08,Unknown,-100,0,
23:28:11,fakeeee,B7:4E:B0:E4:F8:1A,Unknown,-100,0,
23:28:11,fakeeee,D6:3D:12:1B:7E:9A,Unknown,-100,0,
23:28:11,fakeeee,EC:CD:26:8F:7E:B2,Unknown,-100,0,
23:28:11,fakeeee,70:B6:DF:52:D2:E5,Unknown,-100,0,
23:28:11,fakeeee,DC:47:10:98:84:D6,Unknown,-100,0,
23:28:11,fakeeee,A1:3B:24:51:1F:1D,Unknown,-100,0,
23:28:11,fakeeee,6B:F5:5A:7D:10:D8,Unknown,-100,0,
23:28:11,fakeeee,17:FC:A5:3D:8C:24,Unknown,-100,0,
23:28:11,fakeeee,EF:FC:DA:CE:4E:AC,Unknown,-100,0,
23:28:11,fakeeee,DB:20:C6:35:9D:D6,Unknown,-100,0,
23:28:11,fakeeee,0E:B4:D3:B3:F2:5F,Unknown,-100,0,
23:28:13,Idoom 4G_EA51A,54:1F:8D:8E:A5:1A,Unknown,-100,3,
23:28:13,fakeeee,67:C6:69:73:51:FF,Unknown,-100,3,
23:28:13,fakeeee,4A:EC:29:CD:BA:AB,Unknown,-100,3,
23:28:13,fakeeee,F2:FB:E3:46:7C:C2,Unknown,-100,3,
23:28:13,fakeeee,54:F8:1B:E8:E7:8D,Unknown,-100,3,
23:28:13,fakeeee,76:5A:2E:63:33:9F,Unknown,-100,3,
23:28:13,fakeeee,C9:9A:66:32:0D:B7,Unknown,-100,3,
23:28:13,fakeeee,31:58:A3:5A:25:5D,Unknown,-100,3,
23:28:13,fakeeee,05:17:58:E9:5E:D4,Unknown,-100,3,
23:28:13,fakeeee,AB:B2:CD:C6:9B:B4,Unknown,-100,3,
23:28:13,fakeeee,54:11:0E:82:74:41,Unknown,-100,3,
23:28:13,fakeeee,21:3D:DC:87:70:E9,Unknown,-100,3,
23:28:13,fakeeee,3E:A1:41:E1:FC:67,Unknown,-100,3,
23:28:13,fakeeee,3E:01:7E:97:EA:DC,Unknown,-100,3,
23:28:13,fakeeee,EC:B0:3B:FB:32:AF,Unknown,-100,3,
23:28:13,fakeeee,3C:54:EC:18:DB:5C,Unknown,-100,3,
23:28:13,fakeeee,02:1A:FE:43:FB:FA,Unknown,-100,3,
23:28:13,fakeeee,AA:3A:FB:29:D1:E6,Unknown,-100,3,
23:28:13,fakeeee,1F:23:1E:A8:1C:7B,Unknown,-100,3,
23:28:13,fakeeee,64:C5:14:73:5A:C5,Unknown,-100,3,
23:28:13,fakeeee,5E:4B:79:63:3B:70,Unknown,-100,3,
23:28:13,fakeeee,64:24:11:9E:09:DC,Unknown,-100,3,
23:28:13,fakeeee,AA:D4:AC:F2:1B:10,Unknown,-100,3,
23:28:13,fakeeee,AF:3B:33:CD:E3:50,Unknown,-100,3,
23:28:13,fakeeee,22:19:BA:9B:7D:F5,Unknown,-100,3,
23:28:13,fakeeee,0B:E1:1A:1C:7F:23,Unknown,-100,3,
23:28:13,fakeeee,F8:29:F8:A4:1B:13,Unknown,-100,3,
23:28:13,fakeeee,B5:CA:4E:E8:98:32,Unknown,-100,3,
23:28:13,fakeeee,38:E0:79:4D:3D:34,Unknown,-100,3,
23:28:13,fakeeee,BC:5F:4E:77:FA:CB,Unknown,-100,3,
23:28:13,fakeeee,6C:05:AC:86:21:2B,Unknown,-100,3,
23:28:13,fakeeee,AA:1A:55:A2:BE:70,Unknown,-100,3,
23:28:13,fakeeee,B5:73:3B:04:5C:D3,Unknown,-100,3,
23:28:13,fakeeee,36:94:B3:AF:E2:F0,Unknown,-100,3,
23:28:13,fakeeee,E4:9E:4F:32:15:49,Unknown,-100,3,
23:28:13,fakeeee,FD:82:4E:A9:08:70,Unknown,-100,3,
23:28:13,fakeeee,D4:B2:8A:29:54:48,Unknown,-100,3,
23:28:13,fakeeee,9A:0A:BC:D5:0E:18,Unknown,-100,3,
23:28:13,fakeeee,A8:44:AC:5B:F3:8E,Unknown,-100,3,
23:28:13,fakeeee,4C:D7:2D:9B:09:42,Unknown,-100,3,
23:28:13,fakeeee,E5:06:C4:33:AF:CD,Unknown,-100,3,
23:28:13,fakeeee,A3:84:7F:2D:AD:D4,Unknown,-100,3,
23:28:13,fakeeee,76:47:DE:32:1C:EC,Unknown,-100,3,
23:28:13,fakeeee,4A:C4:30:F6:20:23,Unknown,-100,3,
23:28:13,fakeeee,85:6C:FB:B2:07:04,Unknown,-100,3,
23:28:13,fakeeee,F4:EC:0B:B9:20:BA,Unknown,-100,3,
23:28:13,fakeeee,86:C3:3E:05:F1:EC,Unknown,-100,3,
23:28:13,fakeeee,D9:67:33:B7:99:50,Unknown,-100,3,
23:28:13,fakeeee,A3:E3:14:D3:D9:34,Unknown,-100,3,
23:28:13,fakeeee,F7:5E:A0:F2:10:A8,Unknown,-100,3,
23:28:13,fakeeee,F6:05:94:01:BE:B4,Unknown,-100,3,
23:28:13,fakeeee,BC:44:78:FA:49:69,Unknown,-100,3,
23:28:13,fakeeee,E6:23:D0:1A:DA:69,Unknown,-100,3,
23:28:13,fakeeee,6A:7E:4C:7E:51:25,Unknown,-100,3,
23:28:13,fakeeee,B3:48:84:53:3A:94,Unknown,-100,3,
23:28:13,fakeeee,FB:31:99:90:32:57,Unknown,-100,3,
23:28:13,fakeeee,44:EE:9B:BC:E9:E5,Unknown,-100,3,
23:28:13,fakeeee,25:CF:08:F5:E9:E2,Unknown,-100,3,
23:28:13,fakeeee,5E:53:60:AA:D2:B2,Unknown,-100,3,
23:28:13,fakeeee,D0:85:FA:54:D8:35,Unknown,-100,3,
23:28:13,fakeeee,E8:D4:66:82:64:98,Unknown,-100,3,
23:28:13,fakeeee,D9:A8:87:75:65:70,Unknown,-100,3,
23:28:13,fakeeee,5A:8A:3F:62:80:29,Unknown,-100,3,
23:28:13,fakeeee,44:DE:7C:A5:89:4E,Unknown,-100,3,
23:28:13,fakeeee,57:59:D3:51:AD:AC,Unknown,-100,3,
23:28:13,fakeeee,86:95:80:EC:17:E4,Unknown,-100,3,
23:28:13,fakeeee,85:F1:8C:0C:66:F1,Unknown,-100,3,
23:28:13,fakeeee,7C:C0:7C:BB:22:FC,Unknown,-100,3,
23:28:13,fakeeee,E4:66:DA:61:0B:63,Unknown,-100,3,
23:28:13,fakeeee,AF:62:BC:83:B4:69,Unknown,-100,3,
23:28:13,fakeeee,2F:3A:FF:AF:27:16,Unknown,-100,3,
23:28:13,fakeeee,93:AC:07:1F:B8:6D,Unknown,-100,3,
23:28:13,fakeeee,11:34:2D:8D:EF:4F,Unknown,-100,3,
23:28:13,fakeeee,89:D4:B6:63:35:C1,Unknown,-100,3,
23:28:13,fakeeee,C7:E4:24:83:67:D8,Unknown,-100,3,
23:28:13,fakeeee,ED:96:12:EC:45:39,Unknown,-100,3,
23:28:13,fakeeee,02:D8:E5:0A:F8:9D,Unknown,-100,3,
23:28:13,fakeeee,77:09:D1:A5:96:C1,Unknown,-100,3,
23:28:13,fakeeee,68:BA:AC:7A:A6:F2,Unknown,-100,3,
23:28:13,fakeeee,B4:A8:CA:99:B2:C2,Unknown,-100,3,
23:28:13,fakeeee,37:2A:CB:08:CF:61,Unknown,-100,3,
23:28:13,fakeeee,C9:C3:80:5E:6E:03,Unknown,-100,3,
23:28:13,fakeeee,28:DA:4C:D7:6A:19,Unknown,-100,3,
23:28:13,fakeeee,ED:D2:D3:99:4C:79,Unknown,-100,3,
23:28:13,fakeeee,8B:00:22:56:9A:D4,Unknown,-100,3,
23:28:13,fakeeee,18:D1:FE:E4:D9:CD,Unknown,-100,3,
23:28:13,fakeeee,45:A3:91:C6:01:FF,Unknown,-100,3,
23:28:13,fakeeee,C9:2A:D9:15:01:43,Unknown,-100,3,
23:28:13,fakeeee,2F:EE:15:02:87:61,Unknown,-100,3,
23:28:13,fakeeee,7C:13:62:9E:69:FC,Unknown,-100,3,
23:28:13,fakeeee,72:81:CD:71:65:A6,Unknown,-100,3,
23:28:13,fakeeee,3E:AB:49:CF:71:4B,Unknown,-100,3,
23:28:13,fakeeee,CE:3A:75:A7:4F:76,Unknown,-100,3,
23:28:13,fakeeee,EA:7E:64:FF:81:EB,Unknown,-100,3,
23:28:13,fakeeee,61:FD:FE:C3:9B:67,Unknown,-100,3,
23:28:13,fakeeee,BF:0D:E9:8C:7E:4E,Unknown,-100,3,
23:28:13,fakeeee,32:BD:F9:7C:8C:6A,Unknown,-100,3,
23:28:13,fakeeee,C7:5B:A4:3C:02:F4,Unknown,-100,3,
23:28:13,fakeeee,B2:ED:72:16:EC:F3,Unknown,-100,3,
23:28:13,fakeeee,01:4D:F0:00:10:8B,Unknown,-100,3,
23:28:13,fakeeee,67:CF:99:50:5B:17,Unknown,-100,3,
23:28:13,fakeeee,9F:8E:D4:98:0A:61,Unknown,-100,3,
23:28:13,fakeeee,03:D1:BC:A7:0D:BE,Unknown,-100,3,
23:28:13,fakeeee,9B:BF:AB:0E:D5:98,Unknown,-100,3,
23:28:13,fakeeee,01:D6:E5:F2:D6:F6,Unknown,-100,3,
23:28:13,fakeeee,7D:3E:C5:16:8E:21,Unknown,-100,3,
23:28:13,fakeeee,2E:2D:AF:02:C6:B9,Unknown,-100,3,
23:28:13,fakeeee,63:C9:8A:1F:70:97,Unknown,-100,3,
23:28:13,fakeeee,DE:0C:56:89:1A:2B,Unknown,-100,3,
23:28:13,fakeeee,21:1B:01:07:0D:D8,Unknown,-100,3,
23:28:13,fakeeee,FD:8B:16:C2:A1:A4,Unknown,-100,3,
23:28:13,fakeeee,E3:CF:D2:92:D2:98,Unknown,-100,3,
23:28:13,fakeeee,4B:35:61:D5:55:D1,Unknown,-100,3,
23:28:13,fakeeee,6C:33:DD:C2:BC:F7,Unknown,-100,3,
23:28:13,fakeeee,ED:DE:13:EF:E5:20,Unknown,-100,3,
23:28:13,fakeeee,C7:E2:AB:DD:A4:4D,Unknown,-100,3,
23:28:13,fakeeee,81:88:1C:53:1A:EE,Unknown,-100,3,
23:28:13,fakeeee,EB:66:24:4C:3B:79,Unknown,-100,3,
23:28:13,fakeeee,1E:A8:AC:FB:6A:68,Unknown,-100,3,
23:28:13,fakeeee,F3:58:46:06:47:2B,Unknown,-100,3,
23:28:13,fakeeee,26:0E:0D:D2:EB:B2,Unknown,-100,3,
23:28:13,fakeeee,1F:6C:3A:3B:C0:54,Unknown,-100,3,
23:28:13,fakeeee,2A:AB:BA:4E:F8:F6,Unknown,-100,3,
23:28:13,fakeeee,C7:16:9E:73:11:08,Unknown,-100,3,
23:28:13,fakeeee,DB:04:60:22:0A:A7,Unknown,-100,3,
23:28:13,fakeeee,4D:31:B5:5B:03:A0,Unknown,-100,3,
23:28:13,fakeeee,0D:22:0D:47:5D:CD,Unknown,-100,3,
23:28:13,fakeeee,9B:87:78:56:D5:70,Unknown,-100,3,
23:28:13,fakeeee,4C:9C:86:EA:0F:98,Unknown,-100,3,
23:28:13,fakeeee,F2:EB:9C:53:0D:A7,Unknown,-100,3,
23:28:13,fakeeee,FA:5A:D8:B0:B5:DB,Unknown,-100,3,
23:28:13,fakeeee,50:C2:FD:5D:09:5A,Unknown,-100,3,
23:28:13,fakeeee,2A:A5:E2:A3:FB:B7,Unknown,-100,3,
23:28:13,fakeeee,13:47:54:9A:31:63,Unknown,-100,3,
23:28:13,fakeeee,32:23:4E:CE:76:5B,Unknown,-100,3,
23:28:13,fakeeee,75:71:B6:4D:21:6B,Unknown,-100,3,
23:28:13,fakeeee,28:71:2E:25:CF:37,Unknown,-100,3,
23:28:13,fakeeee,80:F9:DC:62:9C:D7,Unknown,-100,3,
23:28:13,fakeeee,19:B0:1E:6D:4A:4F,Unknown,-100,3,
23:28:13,fakeeee,02:DB:B5:DE:3D:52,Unknown,-100,3,
23:28:13,fakeeee,B6:57:02:D4:C4:4C,Unknown,-100,3,
23:28:13,fakeeee,24:95:C8:97:B5:12,Unknown,-100,3,
23:28:13,fakeeee,80:30:D2:DB:61:E0,Unknown,-100,3,
23:28:13,fakeeee,56:FD:16:43:C8:71,Unknown,-100,3,
23:28:13,fakeeee,FF:CA:4D:B5:A8:8A,Unknown,-100,3,
23:28:13,fakeeee,07:5E:E1:09:33:A6,Unknown,-100,3,
23:28:13,fakeeee,55:57:3B:1D:EE:F0,Unknown,-100,3,
23:28:13,fakeeee,2F:6E:20:02:49:81,Unknown,-100,3,
23:28:13,fakeeee,E2:A0:7F:F8:E3:47,Unknown,-100,3,
23:28:13,fakeeee,69:E3:11:B6:98:B9,Unknown,-100,3,
23:28:13,fakeeee,41:9F:18:22:A8:4B,Unknown,-100,3,
23:28:13,fakeeee,C8:FD:A2:04:1A:90,Unknown,-100,3,
23:28:13,fakeeee,F4:49:FE:15:4B:48,Unknown,-100,3,
23:28:13,fakeeee,96:2D:E8:15:25:CB,Unknown,-100,3,
23:28:13,fakeeee,5C:8F:AE:6D:45:46,Unknown,-100,3,
23:28:13,fakeeee,27:86:E5:3F:A9:8D,Unknown,-100,3,
23:28:13,fakeeee,8A:71:8A:2C:75:A4,Unknown,-100,3,
23:28:13,fakeeee,BC:6A:EE:BA:7F:39,Unknown,-100,3,
23:28:13,fakeeee,02:15:67:EA:2B:8C,Unknown,-100,3,
23:28:13,fakeeee,B6:87:1B:64:F5:61,Unknown,-100,3,
23:28:13,fakeeee,AB:1C:E7:90:5B:90,Unknown,-100,3,
23:28:13,fakeeee,1E:E5:02:A8:11:77,Unknown,-100,3,
23:28:13,fakeeee,4D:CD:E1:3B:87:60,Unknown,-100,3,
23:28:13,fakeeee,74:8A:76:DB:74:A1,Unknown,-100,3,
23:28:13,fakeeee,68:2A:28:83:8F:1D,Unknown,-100,3,
23:28:13,fakeeee,E4:3A:39:CC:CA:94,Unknown,-100,3,
23:28:13,fakeeee,5C:E8:79:5E:91:8A,Unknown,-100,3,
23:28:13,fakeeee,D6:DE:57:B7:19:DF,Unknown,-100,3,
23:28:13,fakeeee,18:8D:69:8E:69:DD,Unknown,-100,3,
23:28:13,fakeeee,2F:D1:08:57:54:97,Unknown,-100,3,
23:28:13,fakeeee,75:39:D1:AE:05:9B,Unknown,-100,3,
23:28:13,fakeeee,43:61:84:BC:C0:15,Unknown,-100,3,
23:28:13,fakeeee,47:96:F3:9E:4D:0C,Unknown,-100,3,
23:28:13,fakeeee,7D:65:99:E6:F3:02,Unknown,-100,3,
23:28:13,fakeeee,C4:22:D3:CC:7A:28,Unknown,-100,3,
23:28:13,fakeeee,63:EF:61:34:9D:66,Unknown,-100,3,
23:28:13,fakeeee,CF:E0:C7:53:9D:87,Unknown,-100,3,
23:28:13,fakeeee,68:E4:1D:5B:82:6B,Unknown,-100,3,
23:28:13,fakeeee,67:00:D0:01:E6:C4,Unknown,-100,3,
23:28:13,fakeeee,03:AA:E6:D7:76:60,Unknown,-100,3,
23:28:13,fakeeee,FF:D9:4F:60:0D:ED,Unknown,-100,3,
23:28:13,fakeeee,C6:DD:CD:8D:30:6A,Unknown,-100,3,
23:28:13,fakeeee,15:99:4E:32:F4:D1,Unknown,-100,3,
23:28:13,fakeeee,9D:5C:D1:6E:5D:B7,Unknown,-100,3,
23:28:13,fakeeee,32:60:62:18:37:D8,Unknown,-100,3,
23:28:13,fakeeee,79:36:B2:C8:96:BF,Unknown,-100,3,
23:28:13,fakeeee,B5:5C:9C:83:EA:CD,Unknown,-100,3,
23:28:13,fakeeee,ED:FF:66:3C:31:5A,Unknown,-100,3,
23:28:13,fakeeee,0D:CF:B6:DE:3D:13,Unknown,-100,3,
23:28:13,fakeeee,95:6F:74:F7:87:AB,Unknown,-100,3,
23:28:13,fakeeee,D0:00:E2:82:C9:78,Unknown,-100,3,
23:28:13,fakeeee,41:7E:D5:DE:01:BF,Unknown,-100,3,
23:28:13,fakeeee,AB:EF:BE:11:2B:EF,Unknown,-100,3,
23:28:13,fakeeee,6B:38:BE:22:16:FB,Unknown,-100,3,
23:28:13,fakeeee,35:AB:6A:A9:A3:F2,Unknown,-100,3,
23:28:13,fakeeee,55:73:F2:37:F5:BB,Unknown,-100,3,
23:28:13,fakeeee,AF:36:3A:84:14:3B,Unknown,-100,3,
23:28:13,fakeeee,43:BF:2A:01:D0:55,Unknown,-100,3,
23:28:13,fakeeee,F1:3C:8D:AF:5E:A3,Unknown,-100,3,
23:28:13,fakeeee,AB:93:4F:15:3D:F2,Unknown,-100,3,
23:28:13,fakeeee,DC:8D:62:2B:A3:9F,Unknown,-100,3,
23:28:13,fakeeee,1D:AA:31:82:A4:FA,Unknown,-100,3,
23:28:13,fakeeee,DC:5A:73:6C:49:70,Unknown,-100,3,
23:28:13,fakeeee,11:74:B0:76:CA:F2,Unknown,-100,3,
23:28:13,fakeeee,AB:75:25:1C:AD:08,Unknown,-100,3,
23:28:13,fakeeee,EB:89:95:4D:B4:38,Unknown,-100,3,
23:28:13,fakeeee,ED:D1:E3:1E:53:87,Unknown,-100,3,
23:28:13,fakeeee,19:2F:E1:8C:9C:2B,Unknown,-100,3,
23:28:13,fakeeee,FC:AD:9F:AC:23:69,Unknown,-100,3,
23:28:13,fakeeee,9F:CE:DE:C4:EA:8C,Unknown,-100,3,
23:28:13,fakeeee,CC:D5:15:62:23:CA,Unknown,-100,3,
23:28:13,fakeeee,9A:10:9B:7D:2E:EF,Unknown,-100,3,
23:28:13,fakeeee,05:47:1E:E6:D3:BA,Unknown,-100,3,
23:28:13,fakeeee,11:CF:68:B1:7C:8B,Unknown,-100,3,
23:28:13,fakeeee,1A:1B:5A:F9:DF:44,Unknown,-100,3,
23:28:13,fakeeee,85:AC:1A:9A:0E:3D,Unknown,-100,3,
23:28:13,fakeeee,64:A8:4D:00:26:7B,Unknown,-100,3,
23:28:13,fakeeee,EF:2B:C3:0D:11:96,Unknown,-100,3,
23:28:13,fakeeee,C8:23:66:30:D4:E2,Unknown,-100,3,
23:28:13,fakeeee,BB:EE:FD:15:E7:DC,Unknown,-100,3,
23:28:13,fakeeee,5A:6C:88:74:07:96,Unknown,-100,3,
23:28:13,fakeeee,B1:6B:3F:FE:6B:65,Unknown,-100,3,
23:28:13,fakeeee,79:5A:90:3C:68:A1,Unknown,-100,3,
23:28:13,fakeeee,D3:30:C4:39:60:98,Unknown,-100,3,
23:28:13,fakeeee,1B:1B:87:18:31:6E,Unknown,-100,3,
23:28:13,fakeeee,F4:8B:DB:7D:FF:E2,Unknown,-100,3,
23:28:13,fakeeee,13:B0:4D:52:AE:B9,Unknown,-100,3,
23:28:13,fakeeee,B7:27:13:47:64:7B,Unknown,-100,3,
23:28:13,fakeeee,E9:37:AB:AD:70:0B,Unknown,-100,3,
23:28:13,fakeeee,46:8B:27:CD:A3:58,Unknown,-100,3,
23:28:13,fakeeee,3B:97:E3:16:14:E2,Unknown,-100,3,
23:28:13,fakeeee,F8:28:92:46:7A:40,Unknown,-100,3,
23:28:13,fakeeee,FF:32:67:12:79:CB,Unknown,-100,3,
23:28:13,fakeeee,8E:62:02:39:10:72,Unknown,-100,3,
23:28:13,fakeeee,45:56:FD:6C:23:A0,Unknown,-100,3,
23:28:13,fakeeee,C4:5E:38:A7:75:4C,Unknown,-100,3,
23:28:13,fakeeee,89:6D:74:1B:B3:EF,Unknown,-100,3,
23:28:13,fakeeee,5B:B2:21:C2:C5:9A,Unknown,-100,3,
23:28:13,fakeeee,8E:53:FD:90:8C:0D,Unknown,-100,3,
23:28:13,fakeeee,03:D1:63:00:3D:86,Unknown,-100,3,
23:28:13,fakeeee,A1:01:E4:D9:A8:59,Unknown,-100,3,
23:28:13,fakeeee,25:31:C7:9A:4C:7A,Unknown,-100,3,
23:28:13,fakeeee,89:A7:2D:AA:6A:F2,Unknown,-100,3,
23:28:13,fakeeee,44:F8:45:41:88:D1,Unknown,-100,3,
23:28:13,fakeeee,4E:8B:A3:B1:8C:E0,Unknown,-100,3,
23:28:13,fakeeee,37:2D:E2:1C:06:8A,Unknown,-100,3,
23:28:13,fakeeee,75:2B:BC:3C:C5:08,Unknown,-100,3,
23:28:13,fakeeee,B7:4E:B0:E4:F8:1A,Unknown,-100,3,
23:28:13,fakeeee,D6:3D:12:1B:7E:9A,Unknown,-100,3,
23:28:13,fakeeee,EC:CD:26:8F:7E:B2,Unknown,-100,3,
23:28:13,fakeeee,70:B6:DF:52:D2:E5,Unknown,-100,3,
23:28:13,fakeeee,DC:47:10:98:84:D6,Unknown,-100,3,
23:28:13,fakeeee,A1:3B:24:51:1F:1D,Unknown,-100,3,
23:28:13,fakeeee,6B:F5:5A:7D:10:D8,Unknown,-100,3,
23:28:13,fakeeee,17:FC:A5:3D:8C:24,Unknown,-100,3,
23:28:13,fakeeee,EF:FC:DA:CE:4E:AC,Unknown,-100,3,
23:28:13,fakeeee,DB:20:C6:35:9D:D6,Unknown,-100,3,
23:28:13,fakeeee,0E:B4:D3:B3:F2:5F,Unknown,-100,3,
23:28:13,fakeeee,E9:9F:21:BC:52:13,Unknown,-100,0,
23:28:13,fakeeee,1B:2A:F4:76:DB:A4,Unknown,-100,0,
23:28:13,fakeeee,1F:39:08:F3:8A:2F,Unknown,-100,0,
23:28:13,fakeeee,89:52:F1:84:CD:71,Unknown,-100,0,
23:28:13,fakeeee,33:1A:CC:03:2D:5D,Unknown,-100,0,
23:28:13,fakeeee,6F:16:FC:90:D3:4F,Unknown,-100,0,
23:28:13,fakeeee,A3:EE:79:98:65:54,Unknown,-100,0,
23:28:13,fakeeee,3C:84:8D:44:77:17,Unknown,-100,0,
23:28:13,fakeeee,74:01:6A:65:85:37,Unknown,-100,0,
23:28:13,fakeeee,D6:B8:51:A2:BB:7E,Unknown,-100,0,
23:28:13,fakeeee,00:2B:95:FC:BB:68,Unknown,-100,0,
23:28:13,fakeeee,4B:5F:56:C4:F7:BB,Unknown,-100,0,
23:28:13,fakeeee,19:33:40:A6:78:B7,Unknown,-100,0,
23:28:13,fakeeee,BE:EC:B8:28:51:3D,Unknown,-100,0,
23:28:13,fakeeee,5F:27:F6:B1:C9:B1,Unknown,-100,0,
23:28:13,fakeeee,2F:C9:DC:C4:C6:98,Unknown,-100,0,
23:28:13,fakeeee,2C:11:F7:83:D6:EE,Unknown,-100,0,
23:28:13,fakeeee,3E:EF:21:7E:95:99,Unknown,-100,0,
23:28:13,fakeeee,36:53:85:EE:7B:D6,Unknown,-100,0,
23:28:13,fakeeee,2C:DB:FD:22:8C:C7,Unknown,-100,0,
23:28:13,fakeeee,D3:BB:90:B0:80:56,Unknown,-100,0,
23:28:13,fakeeee,48:AC:68:3F:2F:3E,Unknown,-100,0,
23:28:13,fakeeee,2D:6E:2D:4E:EC:C2,Unknown,-100,0,
23:28:13,fakeeee,E8:22:16:6D:11:91,Unknown,-100,0,
23:28:13,fakeeee,44:3D:6C:41:5F:F8,Unknown,-100,0,
23:28:13,fakeeee,08:32:B4:99:E2:34,Unknown,-100,0,
23:28:13,fakeeee,EF:2A:E0:57:69:10,Unknown,-100,0,
23:28:13,fakeeee,95:96:7E:C2:E5:6A,Unknown,-100,0,
23:28:13,fakeeee,85:CD:8D:9B:3A:9E,Unknown,-100,0,
23:28:13,fakeeee,2C:7E:DB:99:C0:3A,Unknown,-100,0,
23:28:13,fakeeee,91:C8:6C:45:61:4F,Unknown,-100,0,
23:28:13,fakeeee,79:51:79:5A:A8:E3,Unknown,-100,0,
23:28:13,fakeeee,6A:3E:79:E8:00:5E,Unknown,-100,0,
23:28:13,fakeeee,52:85:2B:DF:20:66,Unknown,-100,0,
23:28:13,fakeeee,7D:4D:E4:58:E6:A4,Unknown,-100,0,
23:28:13,fakeeee,92:77:6D:FF:BD:CE,Unknown,-100,0,
23:28:13,fakeeee,4E:36:1F:C7:90:C8,Unknown,-100,0,
23:28:13,fakeeee,AA:FA:06:24:E2:06,Unknown,-100,0,
23:28:13,fakeeee,82:35:8C:AE:14:AC,Unknown,-100,0,
23:28:13,fakeeee,14:92:F9:F8:EA:DF,Unknown,-100,0,
23:28:13,fakeeee,9D:7D:57:0A:7C:14,Unknown,-100,0,
23:28:13,fakeeee,D8:CA:4A:F8:91:DB,Unknown,-100,0,
23:28:13,fakeeee,C0:3C:D5:C6:60:B8,Unknown,-100,0,
23:28:13,fakeeee,CC:E2:ED:58:90:01,Unknown,-100,0,
23:28:13,fakeeee,05:A4:93:FE:9D:7E,Unknown,-100,0,
23:28:13,fakeeee,DE:3A:FB:35:44:77,Unknown,-100,0,
23:28:13,fakeeee,49:1C:41:93:14:D2,Unknown,-100,0,
23:28:13,fakeeee,6E:D4:0E:44:9A:6E,Unknown,-100,0,
23:28:13,fakeeee,FC:67:51:E9:BF:E1,Unknown,-100,0,
23:28:13,fakeeee,EA:C4:86:7E:C3:23,Unknown,-100,0,
23:28:13,fakeeee,FC:A1:5D:F7:D6:A1,Unknown,-100,0,
23:28:13,fakeeee,6E:1F:BD:AF:B2:D2,Unknown,-100,0,
23:28:13,fakeeee,81:21:A6:90:65:41,Unknown,-100,0,
23:28:13,fakeeee,FE:61:A8:4F:4A:67,Unknown,-100,0,
23:28:13,fakeeee,31:34:2C:B7:B2:EF,Unknown,-100,0,
23:28:13,fakeeee,D8:13:85:95:C2:37,Unknown,-100,0,
23:28:13,fakeeee,67:44:58:0E:D4:BD,Unknown,-100,0,
23:28:13,fakeeee,4F:D2:1E:F7:22:68,Unknown,-100,0,
23:28:13,fakeeee,5E:53:9D:8A:0A:4F,Unknown,-100,0,
23:28:13,fakeeee,79:E4:FE:09:1B:A3,Unknown,-100,0,
23:28:13,fakeeee,C9:A2:D9:66:2D:E3,Unknown,-100,0,
23:28:13,fakeeee,B5:A6:C7:B3:B0:E2,Unknown,-100,0,
23:28:13,fakeeee,57:1F:D5:0E:14:5D,Unknown,-100,0,
23:28:13,fakeeee,87:40:4D:45:C4:4B,Unknown,-100,0,
23:28:13,fakeeee,D6:06:98:3A:67:DC,Unknown,-100,0,
23:28:13,fakeeee,C0:30:7F:99:96:AC,Unknown,-100,0,
23:28:13,fakeeee,7C:4B:52:43:FF:02,Unknown,-100,0,
23:28:13,fakeeee,25:56:22:FA:64:36,Unknown,-100,0,
23:28:13,fakeeee,58:EB:76:A5:30:3A,Unknown,-100,0,
23:28:13,fakeeee,F1:07:41:89:41:A8,Unknown,-100,0,
23:28:13,fakeeee,66:02:D8:E5:9B:6E,Unknown,-100,0,
23:28:13,fakeeee,91:18:B9:E3:5B:B8,Unknown,-100,0,
23:28:13,fakeeee,E6:81:0E:08:7B:72,Unknown,-100,0,
23:28:13,fakeeee,3E:D3:5E:B4:79:8E,Unknown,-100,0,
23:28:13,fakeeee,EE:6A:95:2F:F3:D7,Unknown,-100,0,
23:28:13,fakeeee,D7:59:D9:AF:3E:74,Unknown,-100,0,
23:28:13,fakeeee,1D:CF:8C:D7:B3:E8,Unknown,-100,0,
23:28:13,fakeeee,8F:99:69:9E:A1:E4,Unknown,-100,0,
23:28:13,fakeeee,10:DF:B8:6E:93:31,Unknown,-100,0,
23:28:13,fakeeee,FD:81:9B:92:B1:8E,Unknown,-100,0,
23:28:13,fakeeee,B7:55:F6:43:2C:A9,Unknown,-100,0,
23:28:13,fakeeee,2B:BC:42:94:5A:E3,Unknown,-100,0,
23:28:13,fakeeee,79:6A:C2:31:D9:55,Unknown,-100,0,
23:28:13,fakeeee,62:D6:D6:FD:68:87,Unknown,-100,0,
23:28:13,fakeeee,8B:D2:10:73:14:48,Unknown,-100,0,
23:28:14,Idoom 4G_EA51A,54:1F:8D:8E:A5:1A,Unknown,-100,3,
23:28:14,fakeeee,67:C6:69:73:51:FF,Unknown,-100,3,
23:28:14,fakeeee,4A:EC:29:CD:BA:AB,Unknown,-100,3,
23:28:14,fakeeee,F2:FB:E3:46:7C:C2,Unknown,-100,3,
23:28:14,fakeeee,54:F8:1B:E8:E7:8D,Unknown,-100,3,
23:28:14,fakeeee,76:5A:2E:63:33:9F,Unknown,-100,3,
23:28:14,fakeeee,C9:9A:66:32:0D:B7,Unknown,-100,3,
23:28:14,fakeeee,31:58:A3:5A:25:5D,Unknown,-100,3,
23:28:14,fakeeee,05:17:58:E9:5E:D4,Unknown,-100,3,
23:28:14,fakeeee,AB:B2:CD:C6:9B:B4,Unknown,-100,3,
23:28:14,fakeeee,54:11:0E:82:74:41,Unknown,-100,3,
23:28:14,fakeeee,21:3D:DC:87:70:E9,Unknown,-100,3,
23:28:14,fakeeee,3E:A1:41:E1:FC:67,Unknown,-100,3,
23:28:14,fakeeee,3E:01:7E:97:EA:DC,Unknown,-100,3,
23:28:14,fakeeee,EC:B0:3B:FB:32:AF,Unknown,-100,3,
23:28:14,fakeeee,3C:54:EC:18:DB:5C,Unknown,-100,3,
23:28:14,fakeeee,02:1A:FE:43:FB:FA,Unknown,-100,3,
23:28:14,fakeeee,AA:3A:FB:29:D1:E6,Unknown,-100,3,
23:28:14,fakeeee,1F:23:1E:A8:1C:7B,Unknown,-100,3,
23:28:14,fakeeee,64:C5:14:73:5A:C5,Unknown,-100,3,
23:28:14,fakeeee,5E:4B:79:63:3B:70,Unknown,-100,3,
23:28:14,fakeeee,64:24:11:9E:09:DC,Unknown,-100,3,
23:28:14,fakeeee,AA:D4:AC:F2:1B:10,Unknown,-100,3,
23:28:14,fakeeee,AF:3B:33:CD:E3:50,Unknown,-100,3,
23:28:14,fakeeee,22:19:BA:9B:7D:F5,Unknown,-100,3,
23:28:14,fakeeee,0B:E1:1A:1C:7F:23,Unknown,-100,3,
23:28:14,fakeeee,F8:29:F8:A4:1B:13,Unknown,-100,3,
23:28:14,fakeeee,B5:CA:4E:E8:98:32,Unknown,-100,3,
23:28:14,fakeeee,38:E0:79:4D:3D:34,Unknown,-100,3,
23:28:14,fakeeee,BC:5F:4E:77:FA:CB,Unknown,-100,3,
23:28:14,fakeeee,6C:05:AC:86:21:2B,Unknown,-100,3,
23:28:14,fakeeee,AA:1A:55:A2:BE:70,Unknown,-100,3,
23:28:14,fakeeee,B5:73:3B:04:5C:D3,Unknown,-100,3,
23:28:14,fakeeee,36:94:B3:AF:E2:F0,Unknown,-100,3,
23:28:14,fakeeee,E4:9E:4F:32:15:49,Unknown,-100,3,
23:28:14,fakeeee,FD:82:4E:A9:08:70,Unknown,-100,3,
23:28:14,fakeeee,D4:B2:8A:29:54:48,Unknown,-100,3,
23:28:14,fakeeee,9A:0A:BC:D5:0E:18,Unknown,-100,3,
23:28:14,fakeeee,A8:44:AC:5B:F3:8E,Unknown,-100,3,
23:28:14,fakeeee,4C:D7:2D:9B:09:42,Unknown,-100,3,
23:28:14,fakeeee,E5:06:C4:33:AF:CD,Unknown,-100,3,
23:28:14,fakeeee,A3:84:7F:2D:AD:D4,Unknown,-100,3,
23:28:14,fakeeee,76:47:DE:32:1C:EC,Unknown,-100,3,
23:28:14,fakeeee,4A:C4:30:F6:20:23,Unknown,-100,3,
23:28:14,fakeeee,85:6C:FB:B2:07:04,Unknown,-100,3,
23:28:14,fakeeee,F4:EC:0B:B9:20:BA,Unknown,-100,3,
23:28:14,fakeeee,86:C3:3E:05:F1:EC,Unknown,-100,3,
23:28:14,fakeeee,D9:67:33:B7:99:50,Unknown,-100,3,
23:28:14,fakeeee,A3:E3:14:D3:D9:34,Unknown,-100,3,
23:28:14,fakeeee,F7:5E:A0:F2:10:A8,Unknown,-100,3,
23:28:14,fakeeee,F6:05:94:01:BE:B4,Unknown,-100,3,
23:28:14,fakeeee,BC:44:78:FA:49:69,Unknown,-100,3,
23:28:14,fakeeee,E6:23:D0:1A:DA:69,Unknown,-100,3,
23:28:14,fakeeee,6A:7E:4C:7E:51:25,Unknown,-100,3,
23:28:14,fakeeee,B3:48:84:53:3A:94,Unknown,-100,3,
23:28:14,fakeeee,FB:31:99:90:32:57,Unknown,-100,3,
23:28:14,fakeeee,44:EE:9B:BC:E9:E5,Unknown,-100,3,
23:28:14,fakeeee,25:CF:08:F5:E9:E2,Unknown,-100,3,
23:28:14,fakeeee,5E:53:60:AA:D2:B2,Unknown,-100,3,
23:28:14,fakeeee,D0:85:FA:54:D8:35,Unknown,-100,3,
23:28:14,fakeeee,E8:D4:66:82:64:98,Unknown,-100,3,
23:28:14,fakeeee,D9:A8:87:75:65:70,Unknown,-100,3,
23:28:14,fakeeee,5A:8A:3F:62:80:29,Unknown,-100,3,
23:28:14,fakeeee,44:DE:7C:A5:89:4E,Unknown,-100,3,
23:28:14,fakeeee,57:59:D3:51:AD:AC,Unknown,-100,3,
23:28:14,fakeeee,86:95:80:EC:17:E4,Unknown,-100,3,
23:28:14,fakeeee,85:F1:8C:0C:66:F1,Unknown,-100,3,
23:28:14,fakeeee,7C:C0:7C:BB:22:FC,Unknown,-100,3,
23:28:14,fakeeee,E4:66:DA:61:0B:63,Unknown,-100,3,
23:28:14,fakeeee,AF:62:BC:83:B4:69,Unknown,-100,3,
23:28:14,fakeeee,2F:3A:FF:AF:27:16,Unknown,-100,3,
23:28:14,fakeeee,93:AC:07:1F:B8:6D,Unknown,-100,3,
23:28:14,fakeeee,11:34:2D:8D:EF:4F,Unknown,-100,3,
23:28:14,fakeeee,89:D4:B6:63:35:C1,Unknown,-100,3,
23:28:14,fakeeee,C7:E4:24:83:67:D8,Unknown,-100,3,
23:28:14,fakeeee,ED:96:12:EC:45:39,Unknown,-100,3,
23:28:14,fakeeee,02:D8:E5:0A:F8:9D,Unknown,-100,3,
23:28:14,fakeeee,77:09:D1:A5:96:C1,Unknown,-100,3,
23:28:14,fakeeee,68:BA:AC:7A:A6:F2,Unknown,-100,3,
23:28:14,fakeeee,B4:A8:CA:99:B2:C2,Unknown,-100,3,
23:28:14,fakeeee,37:2A:CB:08:CF:61,Unknown,-100,3,
23:28:14,fakeeee,C9:C3:80:5E:6E:03,Unknown,-100,3,
23:28:14,fakeeee,28:DA:4C:D7:6A:19,Unknown,-100,3,
23:28:14,fakeeee,ED:D2:D3:99:4C:79,Unknown,-100,3,
23:28:14,fakeeee,8B:00:22:56:9A:D4,Unknown,-100,3,
23:28:14,fakeeee,18:D1:FE:E4:D9:CD,Unknown,-100,3,
23:28:14,fakeeee,45:A3:91:C6:01:FF,Unknown,-100,3,
23:28:14,fakeeee,C9:2A:D9:15:01:43,Unknown,-100,3,
23:28:14,fakeeee,2F:EE:15:02:87:61,Unknown,-100,3,
23:28:14,fakeeee,7C:13:62:9E:69:FC,Unknown,-100,3,
23:28:14,fakeeee,72:81:CD:71:65:A6,Unknown,-100,3,
23:28:14,fakeeee,3E:AB:49:CF:71:4B,Unknown,-100,3,
23:28:14,fakeeee,CE:3A:75:A7:4F:76,Unknown,-100,3,
23:28:14,fakeeee,EA:7E:64:FF:81:EB,Unknown,-100,3,
23:28:14,fakeeee,61:FD:FE:C3:9B:67,Unknown,-100,3,
23:28:14,fakeeee,BF:0D:E9:8C:7E:4E,Unknown,-100,3,
23:28:14,fakeeee,32:BD:F9:7C:8C:6A,Unknown,-100,3,
23:28:14,fakeeee,C7:5B:A4:3C:02:F4,Unknown,-100,3,
23:28:14,fakeeee,B2:ED:72:16:EC:F3,Unknown,-100,3,
23:28:14,fakeeee,01:4D:F0:00:10:8B,Unknown,-100,3,
23:28:14,fakeeee,67:CF:99:50:5B:17,Unknown,-100,3,
23:28:14,fakeeee,9F:8E:D4:98:0A:61,Unknown,-100,3,
23:28:14,fakeeee,03:D1:BC:A7:0D:BE,Unknown,-100,3,
23:28:14,fakeeee,9B:BF:AB:0E:D5:98,Unknown,-100,3,
23:28:14,fakeeee,01:D6:E5:F2:D6:F6,Unknown,-100,3,
23:28:14,fakeeee,7D:3E:C5:16:8E:21,Unknown,-100,3,
23:28:14,fakeeee,2E:2D:AF:02:C6:B9,Unknown,-100,3,
23:28:14,fakeeee,63:C9:8A:1F:70:97,Unknown,-100,3,
23:28:14,fakeeee,DE:0C:56:89:1A:2B,Unknown,-100,3,
23:28:14,fakeeee,21:1B:01:07:0D:D8,Unknown,-100,3,
23:28:14,fakeeee,FD:8B:16:C2:A1:A4,Unknown,-100,3,
23:28:14,fakeeee,E3:CF:D2:92:D2:98,Unknown,-100,3,
23:28:14,fakeeee,4B:35:61:D5:55:D1,Unknown,-100,3,
23:28:14,fakeeee,6C:33:DD:C2:BC:F7,Unknown,-100,3,
23:28:14,fakeeee,ED:DE:13:EF:E5:20,Unknown,-100,3,
23:28:14,fakeeee,C7:E2:AB:DD:A4:4D,Unknown,-100,3,
23:28:14,fakeeee,81:88:1C:53:1A:EE,Unknown,-100,3,
23:28:14,fakeeee,EB:66:24:4C:3B:79,Unknown,-100,3,
23:28:14,fakeeee,1E:A8:AC:FB:6A:68,Unknown,-100,3,
23:28:14,fakeeee,F3:58:46:06:47:2B,Unknown,-100,3,
23:28:14,fakeeee,26:0E:0D:D2:EB:B2,Unknown,-100,3,
23:28:14,fakeeee,1F:6C:3A:3B:C0:54,Unknown,-100,3,
23:28:14,fakeeee,2A:AB:BA:4E:F8:F6,Unknown,-100,3,
23:28:14,fakeeee,C7:16:9E:73:11:08,Unknown,-100,3,
23:28:14,fakeeee,DB:04:60:22:0A:A7,Unknown,-100,3,
23:28:14,fakeeee,4D:31:B5:5B:03:A0,Unknown,-100,3,
23:28:14,fakeeee,0D:22:0D:47:5D:CD,Unknown,-100,3,
23:28:14,fakeeee,9B:87:78:56:D5:70,Unknown,-100,3,
23:28:14,fakeeee,4C:9C:86:EA:0F:98,Unknown,-100,3,
23:28:14,fakeeee,F2:EB:9C:53:0D:A7,Unknown,-100,3,
23:28:14,fakeeee,FA:5A:D8:B0:B5:DB,Unknown,-100,3,
23:28:14,fakeeee,50:C2:FD:5D:09:5A,Unknown,-100,3,
23:28:14,fakeeee,2A:A5:E2:A3:FB:B7,Unknown,-100,3,
23:28:14,fakeeee,13:47:54:9A:31:63,Unknown,-100,3,
23:28:14,fakeeee,32:23:4E:CE:76:5B,Unknown,-100,3,
23:28:14,fakeeee,75:71:B6:4D:21:6B,Unknown,-100,3,
23:28:14,fakeeee,28:71:2E:25:CF:37,Unknown,-100,3,
23:28:14,fakeeee,80:F9:DC:62:9C:D7,Unknown,-100,3,
23:28:14,fakeeee,19:B0:1E:6D:4A:4F,Unknown,-100,3,
23:28:14,fakeeee,02:DB:B5:DE:3D:52,Unknown,-100,3,
23:28:14,fakeeee,B6:57:02:D4:C4:4C,Unknown,-100,3,
23:28:14,fakeeee,24:95:C8:97:B5:12,Unknown,-100,3,
23:28:14,fakeeee,80:30:D2:DB:61:E0,Unknown,-100,3,
23:28:14,fakeeee,56:FD:16:43:C8:71,Unknown,-100,3,
23:28:14,fakeeee,FF:CA:4D:B5:A8:8A,Unknown,-100,3,
23:28:14,fakeeee,07:5E:E1:09:33:A6,Unknown,-100,3,
23:28:14,fakeeee,55:57:3B:1D:EE:F0,Unknown,-100,3,
23:28:14,fakeeee,2F:6E:20:02:49:81,Unknown,-100,3,
23:28:14,fakeeee,E2:A0:7F:F8:E3:47,Unknown,-100,3,
23:28:14,fakeeee,69:E3:11:B6:98:B9,Unknown,-100,3,
23:28:14,fakeeee,41:9F:18:22:A8:4B,Unknown,-100,3,
23:28:14,fakeeee,C8:FD:A2:04:1A:90,Unknown,-100,3,
23:28:14,fakeeee,F4:49:FE:15:4B:48,Unknown,-100,3,
23:28:14,fakeeee,96:2D:E8:15:25:CB,Unknown,-100,3,
23:28:14,fakeeee,5C:8F:AE:6D:45:46,Unknown,-100,3,
23:28:14,fakeeee,27:86:E5:3F:A9:8D,Unknown,-100,3,
23:28:14,fakeeee,8A:71:8A:2C:75:A4,Unknown,-100,3,
23:28:14,fakeeee,BC:6A:EE:BA:7F:39,Unknown,-100,3,
23:28:14,fakeeee,02:15:67:EA:2B:8C,Unknown,-100,3,
23:28:14,fakeeee,B6:87:1B:64:F5:61,Unknown,-100,3,
23:28:14,fakeeee,AB:1C:E7:90:5B:90,Unknown,-100,3,
23:28:14,fakeeee,1E:E5:02:A8:11:77,Unknown,-100,3,
23:28:14,fakeeee,4D:CD:E1:3B:87:60,Unknown,-100,3,
23:28:14,fakeeee,74:8A:76:DB:74:A1,Unknown,-100,3,
23:28:14,fakeeee,68:2A:28:83:8F:1D,Unknown,-100,3,
23:28:14,fakeeee,E4:3A:39:CC:CA:94,Unknown,-100,3,
23:28:14,fakeeee,5C:E8:79:5E:91:8A,Unknown,-100,3,
23:28:14,fakeeee,D6:DE:57:B7:19:DF,Unknown,-100,3,
23:28:14,fakeeee,18:8D:69:8E:69:DD,Unknown,-100,3,
23:28:14,fakeeee,2F:D1:08:57:54:97,Unknown,-100,3,
23:28:14,fakeeee,75:39:D1:AE:05:9B,Unknown,-100,3,
23:28:14,fakeeee,43:61:84:BC:C0:15,Unknown,-100,3,
23:28:14,fakeeee,47:96:F3:9E:4D:0C,Unknown,-100,3,
23:28:14,fakeeee,7D:65:99:E6:F3:02,Unknown,-100,3,
23:28:14,fakeeee,C4:22:D3:CC:7A:28,Unknown,-100,3,
23:28:14,fakeeee,63:EF:61:34:9D:66,Unknown,-100,3,
23:28:14,fakeeee,CF:E0:C7:53:9D:87,Unknown,-100,3,
23:28:14,fakeeee,68:E4:1D:5B:82:6B,Unknown,-100,3,
23:28:14,fakeeee,67:00:D0:01:E6:C4,Unknown,-100,3,
23:28:14,fakeeee,03:AA:E6:D7:76:60,Unknown,-100,3,
23:28:14,fakeeee,FF:D9:4F:60:0D:ED,Unknown,-100,3,
23:28:14,fakeeee,C6:DD:CD:8D:30:6A,Unknown,-100,3,
23:28:14,fakeeee,15:99:4E:32:F4:D1,Unknown,-100,3,
23:28:14,fakeeee,9D:5C:D1:6E:5D:B7,Unknown,-100,3,
23:28:14,fakeeee,32:60:62:18:37:D8,Unknown,-100,3,
23:28:14,fakeeee,79:36:B2:C8:96:BF,Unknown,-100,3,
23:28:14,fakeeee,B5:5C:9C:83:EA:CD,Unknown,-100,3,
23:28:14,fakeeee,ED:FF:66:3C:31:5A,Unknown,-100,3,
23:28:14,fakeeee,0D:CF:B6:DE:3D:13,Unknown,-100,3,
23:28:14,fakeeee,95:6F:74:F7:87:AB,Unknown,-100,3,
23:28:14,fakeeee,D0:00:E2:82:C9:78,Unknown,-100,3,
23:28:14,fakeeee,41:7E:D5:DE:01:BF,Unknown,-100,3,
23:28:14,fakeeee,AB:EF:BE:11:2B:EF,Unknown,-100,3,
23:28:14,fakeeee,6B:38:BE:22:16:FB,Unknown,-100,3,
23:28:14,fakeeee,35:AB:6A:A9:A3:F2,Unknown,-100,3,
23:28:14,fakeeee,55:73:F2:37:F5:BB,Unknown,-100,3,
23:28:14,fakeeee,AF:36:3A:84:14:3B,Unknown,-100,3,
23:28:14,fakeeee,43:BF:2A:01:D0:55,Unknown,-100,3,
23:28:14,fakeeee,F1:3C:8D:AF:5E:A3,Unknown,-100,3,
23:28:14,fakeeee,AB:93:4F:15:3D:F2,Unknown,-100,3,
23:28:14,fakeeee,DC:8D:62:2B:A3:9F,Unknown,-100,3,
23:28:14,fakeeee,1D:AA:31:82:A4:FA,Unknown,-100,3,
23:28:14,fakeeee,DC:5A:73:6C:49:70,Unknown,-100,3,
23:28:14,fakeeee,11:74:B0:76:CA:F2,Unknown,-100,3,
23:28:14,fakeeee,AB:75:25:1C:AD:08,Unknown,-100,3,
23:28:14,fakeeee,EB:89:95:4D:B4:38,Unknown,-100,3,
23:28:14,fakeeee,ED:D1:E3:1E:53:87,Unknown,-100,3,
23:28:14,fakeeee,19:2F:E1:8C:9C:2B,Unknown,-100,3,
23:28:14,fakeeee,FC:AD:9F:AC:23:69,Unknown,-100,3,
23:28:14,fakeeee,9F:CE:DE:C4:EA:8C,Unknown,-100,3,
23:28:14,fakeeee,CC:D5:15:62:23:CA,Unknown,-100,3,
23:28:14,fakeeee,9A:10:9B:7D:2E:EF,Unknown,-100,3,
23:28:14,fakeeee,05:47:1E:E6:D3:BA,Unknown,-100,3,
23:28:14,fakeeee,11:CF:68:B1:7C:8B,Unknown,-100,3,
23:28:14,fakeeee,1A:1B:5A:F9:DF:44,Unknown,-100,3,
23:28:14,fakeeee,85:AC:1A:9A:0E:3D,Unknown,-100,3,
23:28:14,fakeeee,64:A8:4D:00:26:7B,Unknown,-100,3,
23:28:14,fakeeee,EF:2B:C3:0D:11:96,Unknown,-100,3,
23:28:14,fakeeee,C8:23:66:30:D4:E2,Unknown,-100,3,
23:28:14,fakeeee,BB:EE:FD:15:E7:DC,Unknown,-100,3,
23:28:14,fakeeee,5A:6C:88:74:07:96,Unknown,-100,3,
23:28:14,fakeeee,B1:6B:3F:FE:6B:65,Unknown,-100,3,
23:28:14,fakeeee,79:5A:90:3C:68:A1,Unknown,-100,3,
23:28:14,fakeeee,D3:30:C4:39:60:98,Unknown,-100,3,
23:28:14,fakeeee,1B:1B:87:18:31:6E,Unknown,-100,3,
23:28:14,fakeeee,F4:8B:DB:7D:FF:E2,Unknown,-100,3,
23:28:14,fakeeee,13:B0:4D:52:AE:B9,Unknown,-100,3,
23:28:14,fakeeee,B7:27:13:47:64:7B,Unknown,-100,3,
23:28:14,fakeeee,E9:37:AB:AD:70:0B,Unknown,-100,3,
23:28:14,fakeeee,46:8B:27:CD:A3:58,Unknown,-100,3,
23:28:14,fakeeee,3B:97:E3:16:14:E2,Unknown,-100,3,
23:28:14,fakeeee,F8:28:92:46:7A:40,Unknown,-100,3,
23:28:14,fakeeee,FF:32:67:12:79:CB,Unknown,-100,3,
23:28:14,fakeeee,8E:62:02:39:10:72,Unknown,-100,3,
23:28:14,fakeeee,45:56:FD:6C:23:A0,Unknown,-100,3,
23:28:14,fakeeee,C4:5E:38:A7:75:4C,Unknown,-100,3,
23:28:14,fakeeee,89:6D:74:1B:B3:EF,Unknown,-100,3,
23:28:14,fakeeee,5B:B2:21:C2:C5:9A,Unknown,-100,3,
23:28:14,fakeeee,8E:53:FD:90:8C:0D,Unknown,-100,3,
23:28:14,fakeeee,03:D1:63:00:3D:86,Unknown,-100,3,
23:28:14,fakeeee,A1:01:E4:D9:A8:59,Unknown,-100,3,
23:28:14,fakeeee,25:31:C7:9A:4C:7A,Unknown,-100,3,
23:28:14,fakeeee,89:A7:2D:AA:6A:F2,Unknown,-100,3,
23:28:14,fakeeee,44:F8:45:41:88:D1,Unknown,-100,3,
23:28:14,fakeeee,4E:8B:A3:B1:8C:E0,Unknown,-100,3,
23:28:14,fakeeee,37:2D:E2:1C:06:8A,Unknown,-100,3,
23:28:14,fakeeee,75:2B:BC:3C:C5:08,Unknown,-100,3,
23:28:14,fakeeee,B7:4E:B0:E4:F8:1A,Unknown,-100,3,
23:28:14,fakeeee,D6:3D:12:1B:7E:9A,Unknown,-100,3,
23:28:14,fakeeee,EC:CD:26:8F:7E:B2,Unknown,-100,3,
23:28:14,fakeeee,70:B6:DF:52:D2:E5,Unknown,-100,3,
23:28:14,fakeeee,DC:47:10:98:84:D6,Unknown,-100,3,
23:28:14,fakeeee,A1:3B:24:51:1F:1D,Unknown,-100,3,
23:28:14,fakeeee,6B:F5:5A:7D:10:D8,Unknown,-100,3,
23:28:14,fakeeee,17:FC:A5:3D:8C:24,Unknown,-100,3,
23:28:14,fakeeee,EF:FC:DA:CE:4E:AC,Unknown,-100,3,
23:28:14,fakeeee,DB:20:C6:35:9D:D6,Unknown,-100,3,
23:28:14,fakeeee,0E:B4:D3:B3:F2:5F,Unknown,-100,3,
23:28:14,fakeeee,E9:9F:21:BC:52:13,Unknown,-100,3,
23:28:14,fakeeee,1B:2A:F4:76:DB:A4,Unknown,-100,3,
23:28:14,fakeeee,1F:39:08:F3:8A:2F,Unknown,-100,3,
23:28:14,fakeeee,89:52:F1:84:CD:71,Unknown,-100,3,
23:28:14,fakeeee,33:1A:CC:03:2D:5D,Unknown,-100,3,
23:28:14,fakeeee,6F:16:FC:90:D3:4F,Unknown,-100,3,
23:28:14,fakeeee,A3:EE:79:98:65:54,Unknown,-100,3,
23:28:14,fakeeee,3C:84:8D:44:77:17,Unknown,-100,3,
23:28:14,fakeeee,74:01:6A:65:85:37,Unknown,-100,3,
23:28:14,fakeeee,D6:B8:51:A2:BB:7E,Unknown,-100,3,
23:28:14,fakeeee,00:2B:95:FC:BB:68,Unknown,-100,3,
23:28:14,fakeeee,4B:5F:56:C4:F7:BB,Unknown,-100,3,
23:28:14,fakeeee,19:33:40:A6:78:B7,Unknown,-100,3,
23:28:14,fakeeee,BE:EC:B8:28:51:3D,Unknown,-100,3,
23:28:14,fakeeee,5F:27:F6:B1:C9:B1,Unknown,-100,3,
23:28:14,fakeeee,2F:C9:DC:C4:C6:98,Unknown,-100,3,
23:28:14,fakeeee,2C:11:F7:83:D6:EE,Unknown,-100,3,
23:28:14,fakeeee,3E:EF:21:7E:95:99,Unknown,-100,3,
23:28:14,fakeeee,36:53:85:EE:7B:D6,Unknown,-100,3,
23:28:14,fakeeee,2C:DB:FD:22:8C:C7,Unknown,-100,3,
23:28:14,fakeeee,D3:BB:90:B0:80:56,Unknown,-100,3,
23:28:14,fakeeee,48:AC:68:3F:2F:3E,Unknown,-100,3,
23:28:14,fakeeee,2D:6E:2D:4E:EC:C2,Unknown,-100,3,
23:28:14,fakeeee,E8:22:16:6D:11:91,Unknown,-100,3,
23:28:14,fakeeee,44:3D:6C:41:5F:F8,Unknown,-100,3,
23:28:14,fakeeee,08:32:B4:99:E2:34,Unknown,-100,3,
23:28:14,fakeeee,EF:2A:E0:57:69:10,Unknown,-100,3,
23:28:14,fakeeee,95:96:7E:C2:E5:6A,Unknown,-100,3,
23:28:14,fakeeee,85:CD:8D:9B:3A:9E,Unknown,-100,3,
23:28:14,fakeeee,2C:7E:DB:99:C0:3A,Unknown,-100,3,
23:28:14,fakeeee,91:C8:6C:45:61:4F,Unknown,-100,3,
23:28:14,fakeeee,79:51:79:5A:A8:E3,Unknown,-100,3,
23:28:14,fakeeee,6A:3E:79:E8:00:5E,Unknown,-100,3,
23:28:14,fakeeee,52:85:2B:DF:20:66,Unknown,-100,3,
23:28:14,fakeeee,7D:4D:E4:58:E6:A4,Unknown,-100,3,
23:28:14,fakeeee,92:77:6D:FF:BD:CE,Unknown,-100,3,
23:28:14,fakeeee,4E:36:1F:C7:90:C8,Unknown,-100,3,
23:28:14,fakeeee,AA:FA:06:24:E2:06,Unknown,-100,3,
23:28:14,fakeeee,82:35:8C:AE:14:AC,Unknown,-100,3,
23:28:14,fakeeee,14:92:F9:F8:EA:DF,Unknown,-100,3,
23:28:14,fakeeee,9D:7D:57:0A:7C:14,Unknown,-100,3,
23:28:14,fakeeee,D8:CA:4A:F8:91:DB,Unknown,-100,3,
23:28:14,fakeeee,C0:3C:D5:C6:60:B8,Unknown,-100,3,
23:28:14,fakeeee,CC:E2:ED:58:90:01,Unknown,-100,3,
23:28:14,fakeeee,05:A4:93:FE:9D:7E,Unknown,-100,3,
23:28:14,fakeeee,DE:3A:FB:35:44:77,Unknown,-100,3,
23:28:14,fakeeee,49:1C:41:93:14:D2,Unknown,-100,3,
23:28:14,fakeeee,6E:D4:0E:44:9A:6E,Unknown,-100,3,
23:28:14,fakeeee,FC:67:51:E9:BF:E1,Unknown,-100,3,
23:28:14,fakeeee,EA:C4:86:7E:C3:23,Unknown,-100,3,
23:28:14,fakeeee,FC:A1:5D:F7:D6:A1,Unknown,-100,3,
23:28:14,fakeeee,6E:1F:BD:AF:B2:D2,Unknown,-100,3,
23:28:14,fakeeee,81:21:A6:90:65:41,Unknown,-100,3,
23:28:14,fakeeee,FE:61:A8:4F:4A:67,Unknown,-100,3,
23:28:14,fakeeee,31:34:2C:B7:B2:EF,Unknown,-100,3,
23:28:14,fakeeee,D8:13:85:95:C2:37,Unknown,-100,3,
23:28:14,fakeeee,67:44:58:0E:D4:BD,Unknown,-100,3,
23:28:14,fakeeee,4F:D2:1E:F7:22:68,Unknown,-100,3,
23:28:14,fakeeee,5E:53:9D:8A:0A:4F,Unknown,-100,3,
23:28:14,fakeeee,79:E4:FE:09:1B:A3,Unknown,-100,3,
23:28:14,fakeeee,C9:A2:D9:66:2D:E3,Unknown,-100,3,
23:28:14,fakeeee,B5:A6:C7:B3:B0:E2,Unknown,-100,3,
23:28:14,fakeeee,57:1F:D5:0E:14:5D,Unknown,-100,3,
23:28:14,fakeeee,87:40:4D:45:C4:4B,Unknown,-100,3,
23:28:14,fakeeee,D6:06:98:3A:67:DC,Unknown,-100,3,
23:28:14,fakeeee,C0:30:7F:99:96:AC,Unknown,-100,3,
23:28:14,fakeeee,7C:4B:52:43:FF:02,Unknown,-100,3,
23:28:14,fakeeee,25:56:22:FA:64:36,Unknown,-100,3,
23:28:14,fakeeee,58:EB:76:A5:30:3A,Unknown,-100,3,
23:28:14,fakeeee,F1:07:41:89:41:A8,Unknown,-100,3,
23:28:14,fakeeee,66:02:D8:E5:9B:6E,Unknown,-100,3,
23:28:14,fakeeee,91:18:B9:E3:5B:B8,Unknown,-100,3,
23:28:14,fakeeee,E6:81:0E:08:7B:72,Unknown,-100,3,
23:28:14,fakeeee,3E:D3:5E:B4:79:8E,Unknown,-100,3,
23:28:14,fakeeee,EE:6A:95:2F:F3:D7,Unknown,-100,3,
23:28:14,fakeeee,D7:59:D9:AF:3E:74,Unknown,-100,3,
23:28:14,fakeeee,1D:CF:8C:D7:B3:E8,Unknown,-100,3,
23:28:14,fakeeee,8F:99:69:9E:A1:E4,Unknown,-100,3,
23:28:14,fakeeee,10:DF:B8:6E:93:31,Unknown,-100,3,
23:28:14,fakeeee,FD:81:9B:92:B1:8E,Unknown,-100,3,
23:28:14,fakeeee,B7:55:F6:43:2C:A9,Unknown,-100,3,
23:28:14,fakeeee,2B:BC:42:94:5A:E3,Unknown,-100,3,
23:28:14,fakeeee,79:6A:C2:31:D9:55,Unknown,-100,3,
23:28:14,fakeeee,62:D6:D6:FD:68:87,Unknown,-100,3,
23:28:14,fakeeee,8B:D2:10:73:14:48,Unknown,-100,3,
23:28:14,fakeeee,39:3A:86:7B:CF:E0,Unknown,-100,0,
23:28:14,fakeeee,5E:48:4A:20:79:23,Unknown,-100,0,
23:28:14,fakeeee,75:DB:F9:4B:D8:62,Unknown,-100,0,
23:28:14,fakeeee,D3:63:34:E3:D7:48,Unknown,-100,0,
23:28:14,fakeeee,2B:71:14:C8:01:23,Unknown,-100,0,
23:28:14,fakeeee,92:3A:5D:18:B5:2C,Unknown,-100,0,
23:28:14,fakeeee,F8:13:74:43:33:ED,Unknown,-100,0,
23:28:14,fakeeee,66:A8:C8:60:F3:A0,Unknown,-100,0,
23:28:14,fakeeee,C2:C6:04:F6:A9:DB,Unknown,-100,0,
23:28:14,fakeeee,3E:D4:4C:52:9D:4D,Unknown,-100,0,
23:28:14,fakeeee,75:2F:87:D3:48:3C,Unknown,-100,0,
23:28:14,fakeeee,FF:40:4F:74:83:82,Unknown,-100,0,
23:28:14,fakeeee,61:EA:2A:2A:4A:1D,Unknown,-100,0,
23:28:14,fakeeee,CA:0C:E4:CE:02:8D,Unknown,-100,0,
23:28:14,fakeeee,A9:40:62:F5:93:FF,Unknown,-100,0,
23:28:14,fakeeee,42:08:2E:C9:DB:76,Unknown,-100,0,
23:28:14,fakeeee,05:DB:B7:54:4F:3A,Unknown,-100,0,
23:28:14,fakeeee,D6:B0:24:00:DA:6E,Unknown,-100,0,
23:28:14,fakeeee,1E:A5:7A:02:73:7C,Unknown,-100,0,
23:28:14,fakeeee,8F:1D:BD:F1:12:50,Unknown,-100,0,
23:28:14,fakeeee,F0:55:58:1F:1E:34,Unknown,-100,0,
23:28:14,fakeeee,95:24:0F:4C:78:5E,Unknown,-100,0,
23:28:14,fakeeee,1A:6D:8E:94:6F:01,Unknown,-100,0,
23:28:14,fakeeee,11:FF:1E:CE:F0:31,Unknown,-100,0,
23:28:14,fakeeee,1E:E1:86:76:00:A4,Unknown,-100,0,
23:28:14,fakeeee,AA:95:C8:B9:E2:41,Unknown,-100,0,
23:28:14,fakeeee,17:69:90:26:14:DF,Unknown,-100,0,
23:28:14,fakeeee,0F:2E:4D:9D:C3:BC,Unknown,-100,0,
23:28:14,fakeeee,9E:D4:BB:BD:A2:AC,Unknown,-100,0,
23:28:14,fakeeee,EE:C0:8D:74:36:8D,Unknown,-100,0,
23:28:14,fakeeee,18:E1:22:E1:9A:04,Unknown,-100,0,
23:28:14,fakeeee,22:B2:6D:B2:D8:82,Unknown,-100,0,
23:28:14,fakeeee,91:E7:B0:DE:84:73,Unknown,-100,0,
23:28:14,fakeeee,43:5D:0D:B1:0F:E5,Unknown,-100,0,
23:28:14,fakeeee,33:A0:CC:E3:7F:50,Unknown,-100,0,
23:28:14,fakeeee,57:1A:73:9E:70:52,Unknown,-100,0,
23:28:14,fakeeee,88:73:20:31:02:61,Unknown,-100,0,
23:28:14,fakeeee,11:1F:BB:D2:5E:F6,Unknown,-100,0,
23:28:14,fakeeee,2E:A1:53:3B:52:62,Unknown,-100,0,
23:28:14,fakeeee,21:85:03:ED:69:82,Unknown,-100,0,
23:28:14,fakeeee,3E:C0:9C:B1:5E:0C,Unknown,-100,0,
23:28:14,fakeeee,03:E6:7F:23:18:82,Unknown,-100,0,
23:28:14,fakeeee,85:29:A1:40:FC:FF,Unknown,-100,0,
23:28:14,fakeeee,37:2A:A0:8A:65:F3,Unknown,-100,0,
23:28:14,fakeeee,ED:86:78:F0:74:E1,Unknown,-100,0,
23:28:14,fakeeee,72:B2:A1:0E:63:00,Unknown,-100,0,
23:28:14,fakeeee,1A:66:E6:9A:8A:FE,Unknown,-100,0,
23:28:14,fakeeee,1C:0F:28:BD:4F:24,Unknown,-100,0,
23:28:14,fakeeee,BC:86:4E:5C:11:B3,Unknown,-100,0,
23:28:14,fakeeee,4F:FE:3A:C8:EE:AE,Unknown,-100,0,
23:28:14,fakeeee,A9:60:60:4B:6E:C3,Unknown,-100,0,
23:28:14,fakeeee,4B:88:29:31:22:B3,Unknown,-100,0,
23:28:14,fakeeee,30:3E:C2:58:FB:12,Unknown,-100,0,
23:28:14,fakeeee,7C:B7:98:CA:14:A9,Unknown,-100,0,
23:28:14,fakeeee,7D:63:A7:B7:2B:95,Unknown,-100,0,
23:28:14,fakeeee,65:D5:F5:C5:20:63,Unknown,-100,0,
23:28:14,fakeeee,88:6B:EC:B2:9C:0E,Unknown,-100,0,
23:28:14,fakeeee,65:CC:4D:28:24:48,Unknown,-100,0,
23:28:14,fakeeee,3A:A0:00:D2:6A:14,Unknown,-100,0,
23:28:14,fakeeee,7C:E8:77:23:9F:A3,Unknown,-100,0,
23:28:14,fakeeee,B9:05:78:AE:CA:98,Unknown,-100,0,
23:28:14,fakeeee,12:53:03:FE:05:9F,Unknown,-100,0,
23:28:14,fakeeee,0C:6A:6C:59:92:90,Unknown,-100,0,
23:28:14,fakeeee,A2:CC:31:A2:9F:9B,Unknown,-100,0,
23:28:14,fakeeee,B6:1B:83:2D:3E:23,Unknown,-100,0,
23:28:14,fakeeee,D0:F7:28:48:A6:F2,Unknown,-100,0,
23:28:14,fakeeee,E0:B8:45:E3:B6:4A,Unknown,-100,0,
23:28:14,fakeeee,83:C2:B5:EF:1C:47,Unknown,-100,0,
23:28:14,fakeeee,7F:BE:14:B0:60:B3,Unknown,-100,0,
23:28:14,fakeeee,4C:16:CE:CF:43:0C,Unknown,-100,0,
23:28:14,fakeeee,F2:14:04:1A:5C:AA,Unknown,-100,0,
23:28:14,fakeeee,0D:3D:62:52:20:18,Unknown,-100,0,
23:28:14,fakeeee,9D:A3:DA:52:92:F6,Unknown,-100,0,
23:28:14,fakeeee,99:12:B4:AD:C2:14,Unknown,-100,0,
23:28:14,fakeeee,60:0E:2A:2E:DE:6E,Unknown,-100,0,
23:28:14,fakeeee,3B:D0:82:3F:EB:DE,Unknown,-100,0,
23:28:14,fakeeee,E9:F8:1B:4B:4A:3C,Unknown,-100,0,
23:28:14,fakeeee,63:E7:DF:3D:39:72,Unknown,-100,0,
23:28:14,fakeeee,34:D3:84:E8:80:46,Unknown,-100,0,
23:28:14,fakeeee,FD:E1:55:27:0F:33,Unknown,-100,0,
23:28:14,fakeeee,95:4A:03:17:89:EE,Unknown,-100,0,
23:28:14,fakeeee,F6:72:E6:11:BD:31,Unknown,-100,0,
23:28:14,fakeeee,4D:20:18:2D:5E:52,Unknown,-100,0,
23:28:14,fakeeee,9F:92:25:23:7A:A5,Unknown,-100,0,
23:28:14,fakeeee,69:77:86:BE:9F:96,Unknown,-100,0,
23:28:14,fakeeee,F1:34:E0:F5:4C:6A,Unknown,-100,0,
23:28:14,fakeeee,E3:42:DC:CA:53:9A,Unknown,-100,0,
23:28:16,Idoom 4G_EA51A,54:1F:8D:8E:A5:1A,Unknown,-100,3,
23:28:16,fakeeee,67:C6:69:73:51:FF,Unknown,-100,3,
23:28:16,fakeeee,4A:EC:29:CD:BA:AB,Unknown,-100,3,
23:28:16,fakeeee,F2:FB:E3:46:7C:C2,Unknown,-100,3,
23:28:16,fakeeee,54:F8:1B:E8:E7:8D,Unknown,-100,3,
23:28:16,fakeeee,76:5A:2E:63:33:9F,Unknown,-100,3,
23:28:16,fakeeee,C9:9A:66:32:0D:B7,Unknown,-100,3,
23:28:16,fakeeee,31:58:A3:5A:25:5D,Unknown,-100,3,
23:28:16,fakeeee,05:17:58:E9:5E:D4,Unknown,-100,3,
23:28:16,fakeeee,AB:B2:CD:C6:9B:B4,Unknown,-100,3,
23:28:16,fakeeee,54:11:0E:82:74:41,Unknown,-100,3,
23:28:16,fakeeee,21:3D:DC:87:70:E9,Unknown,-100,3,
23:28:16,fakeeee,3E:A1:41:E1:FC:67,Unknown,-100,3,
23:28:16,fakeeee,3E:01:7E:97:EA:DC,Unknown,-100,3,
23:28:16,fakeeee,EC:B0:3B:FB:32:AF,Unknown,-100,3,
23:28:16,fakeeee,3C:54:EC:18:DB:5C,Unknown,-100,3,
23:28:16,fakeeee,02:1A:FE:43:FB:FA,Unknown,-100,3,
23:28:16,fakeeee,AA:3A:FB:29:D1:E6,Unknown,-100,3,
23:28:16,fakeeee,1F:23:1E:A8:1C:7B,Unknown,-100,3,
23:28:16,fakeeee,64:C5:14:73:5A:C5,Unknown,-100,3,
23:28:16,fakeeee,5E:4B:79:63:3B:70,Unknown,-100,3,
23:28:16,fakeeee,64:24:11:9E:09:DC,Unknown,-100,3,
23:28:16,fakeeee,AA:D4:AC:F2:1B:10,Unknown,-100,3,
23:28:16,fakeeee,AF:3B:33:CD:E3:50,Unknown,-100,3,
23:28:16,fakeeee,22:19:BA:9B:7D:F5,Unknown,-100,3,
23:28:16,fakeeee,0B:E1:1A:1C:7F:23,Unknown,-100,3,
23:28:16,fakeeee,F8:29:F8:A4:1B:13,Unknown,-100,3,
23:28:16,fakeeee,B5:CA:4E:E8:98:32,Unknown,-100,3,
23:28:16,fakeeee,38:E0:79:4D:3D:34,Unknown,-100,3,
23:28:16,fakeeee,BC:5F:4E:77:FA:CB,Unknown,-100,3,
23:28:16,fakeeee,6C:05:AC:86:21:2B,Unknown,-100,3,
23:28:16,fakeeee,AA:1A:55:A2:BE:70,Unknown,-100,3,
23:28:16,fakeeee,B5:73:3B:04:5C:D3,Unknown,-100,3,
23:28:16,fakeeee,36:94:B3:AF:E2:F0,Unknown,-100,3,
23:28:16,fakeeee,E4:9E:4F:32:15:49,Unknown,-100,3,
23:28:16,fakeeee,FD:82:4E:A9:08:70,Unknown,-100,3,
23:28:16,fakeeee,D4:B2:8A:29:54:48,Unknown,-100,3,
23:28:16,fakeeee,9A:0A:BC:D5:0E:18,Unknown,-100,3,
23:28:16,fakeeee,A8:44:AC:5B:F3:8E,Unknown,-100,3,
23:28:16,fakeeee,4C:D7:2D:9B:09:42,Unknown,-100,3,
23:28:16,fakeeee,E5:06:C4:33:AF:CD,Unknown,-100,3,
23:28:16,fakeeee,A3:84:7F:2D:AD:D4,Unknown,-100,3,
23:28:16,fakeeee,76:47:DE:32:1C:EC,Unknown,-100,3,
23:28:16,fakeeee,4A:C4:30:F6:20:23,Unknown,-100,3,
23:28:16,fakeeee,85:6C:FB:B2:07:04,Unknown,-100,3,
23:28:16,fakeeee,F4:EC:0B:B9:20:BA,Unknown,-100,3,
23:28:16,fakeeee,86:C3:3E:05:F1:EC,Unknown,-100,3,
23:28:16,fakeeee,D9:67:33:B7:99:50,Unknown,-100,3,
23:28:16,fakeeee,A3:E3:14:D3:D9:34,Unknown,-100,3,
23:28:16,fakeeee,F7:5E:A0:F2:10:A8,Unknown,-100,3,
23:28:16,fakeeee,F6:05:94:01:BE:B4,Unknown,-100,3,
23:28:16,fakeeee,BC:44:78:FA:49:69,Unknown,-100,3,
23:28:16,fakeeee,E6:23:D0:1A:DA:69,Unknown,-100,3,
23:28:16,fakeeee,6A:7E:4C:7E:51:25,Unknown,-100,3,
23:28:16,fakeeee,B3:48:84:53:3A:94,Unknown,-100,3,
23:28:16,fakeeee,FB:31:99:90:32:57,Unknown,-100,3,
23:28:16,fakeeee,44:EE:9B:BC:E9:E5,Unknown,-100,3,
23:28:16,fakeeee,25:CF:08:F5:E9:E2,Unknown,-100,3,
23:28:16,fakeeee,5E:53:60:AA:D2:B2,Unknown,-100,3,
23:28:16,fakeeee,D0:85:FA:54:D8:35,Unknown,-100,3,
23:28:16,fakeeee,E8:D4:66:82:64:98,Unknown,-100,3,
23:28:16,fakeeee,D9:A8:87:75:65:70,Unknown,-100,3,
23:28:16,fakeeee,5A:8A:3F:62:80:29,Unknown,-100,3,
23:28:16,fakeeee,44:DE:7C:A5:89:4E,Unknown,-100,3,
23:28:16,fakeeee,57:59:D3:51:AD:AC,Unknown,-100,3,
23:28:16,fakeeee,86:95:80:EC:17:E4,Unknown,-100,3,
23:28:16,fakeeee,85:F1:8C:0C:66:F1,Unknown,-100,3,
23:28:16,fakeeee,7C:C0:7C:BB:22:FC,Unknown,-100,3,
23:28:16,fakeeee,E4:66:DA:61:0B:63,Unknown,-100,3,
23:28:16,fakeeee,AF:62:BC:83:B4:69,Unknown,-100,3,
23:28:16,fakeeee,2F:3A:FF:AF:27:16,Unknown,-100,3,
23:28:16,fakeeee,93:AC:07:1F:B8:6D,Unknown,-100,3,
23:28:16,fakeeee,11:34:2D:8D:EF:4F,Unknown,-100,3,
23:28:16,fakeeee,89:D4:B6:63:35:C1,Unknown,-100,3,
23:28:16,fakeeee,C7:E4:24:83:67:D8,Unknown,-100,3,
23:28:16,fakeeee,ED:96:12:EC:45:39,Unknown,-100,3,
23:28:16,fakeeee,02:D8:E5:0A:F8:9D,Unknown,-100,3,
23:28:16,fakeeee,77:09:D1:A5:96:C1,Unknown,-100,3,
23:28:16,fakeeee,68:BA:AC:7A:A6:F2,Unknown,-100,3,
23:28:16,fakeeee,B4:A8:CA:99:B2:C2,Unknown,-100,3,
23:28:16,fakeeee,37:2A:CB:08:CF:61,Unknown,-100,3,
23:28:16,fakeeee,C9:C3:80:5E:6E:03,Unknown,-100,3,
23:28:16,fakeeee,28:DA:4C:D7:6A:19,Unknown,-100,3,
23:28:16,fakeeee,ED:D2:D3:99:4C:79,Unknown,-100,3,
23:28:16,fakeeee,8B:00:22:56:9A:D4,Unknown,-100,3,
23:28:16,fakeeee,18:D1:FE:E4:D9:CD,Unknown,-100,3,
23:28:16,fakeeee,45:A3:91:C6:01:FF,Unknown,-100,3,
23:28:16,fakeeee,C9:2A:D9:15:01:43,Unknown,-100,3,
23:28:16,fakeeee,2F:EE:15:02:87:61,Unknown,-100,3,
23:28:16,fakeeee,7C:13:62:9E:69:FC,Unknown,-100,3,
23:28:16,fakeeee,72:81:CD:71:65:A6,Unknown,-100,3,
23:28:16,fakeeee,3E:AB:49:CF:71:4B,Unknown,-100,3,
23:28:16,fakeeee,CE:3A:75:A7:4F:76,Unknown,-100,3,
23:28:16,fakeeee,EA:7E:64:FF:81:EB,Unknown,-100,3,
23:28:16,fakeeee,61:FD:FE:C3:9B:67,Unknown,-100,3,
23:28:16,fakeeee,BF:0D:E9:8C:7E:4E,Unknown,-100,3,
23:28:16,fakeeee,32:BD:F9:7C:8C:6A,Unknown,-100,3,
23:28:16,fakeeee,C7:5B:A4:3C:02:F4,Unknown,-100,3,
23:28:16,fakeeee,B2:ED:72:16:EC:F3,Unknown,-100,3,
23:28:16,fakeeee,01:4D:F0:00:10:8B,Unknown,-100,3,
23:28:16,fakeeee,67:CF:99:50:5B:17,Unknown,-100,3,
23:28:16,fakeeee,9F:8E:D4:98:0A:61,Unknown,-100,3,
23:28:16,fakeeee,03:D1:BC:A7:0D:BE,Unknown,-100,3,
23:28:16,fakeeee,9B:BF:AB:0E:D5:98,Unknown,-100,3,
23:28:16,fakeeee,01:D6:E5:F2:D6:F6,Unknown,-100,3,
23:28:16,fakeeee,7D:3E:C5:16:8E:21,Unknown,-100,3,
23:28:16,fakeeee,2E:2D:AF:02:C6:B9,Unknown,-100,3,
23:28:16,fakeeee,63:C9:8A:1F:70:97,Unknown,-100,3,
23:28:16,fakeeee,DE:0C:56:89:1A:2B,Unknown,-100,3,
23:28:16,fakeeee,21:1B:01:07:0D:D8,Unknown,-100,3,
23:28:16,fakeeee,FD:8B:16:C2:A1:A4,Unknown,-100,3,
23:28:16,fakeeee,E3:CF:D2:92:D2:98,Unknown,-100,3,
23:28:16,fakeeee,4B:35:61:D5:55:D1,Unknown,-100,3,
23:28:16,fakeeee,6C:33:DD:C2:BC:F7,Unknown,-100,3,
23:28:16,fakeeee,ED:DE:13:EF:E5:20,Unknown,-100,3,
23:28:16,fakeeee,C7:E2:AB:DD:A4:4D,Unknown,-100,3,
23:28:16,fakeeee,81:88:1C:53:1A:EE,Unknown,-100,3,
23:28:16,fakeeee,EB:66:24:4C:3B:79,Unknown,-100,3,
23:28:16,fakeeee,1E:A8:AC:FB:6A:68,Unknown,-100,3,
23:28:16,fakeeee,F3:58:46:06:47:2B,Unknown,-100,3,
23:28:16,fakeeee,26:0E:0D:D2:EB:B2,Unknown,-100,3,
23:28:16,fakeeee,1F:6C:3A:3B:C0:54,Unknown,-100,3,
23:28:16,fakeeee,2A:AB:BA:4E:F8:F6,Unknown,-100,3,
23:28:16,fakeeee,C7:16:9E:73:11:08,Unknown,-100,3,
23:28:16,fakeeee,DB:04:60:22:0A:A7,Unknown,-100,3,
23:28:16,fakeeee,4D:31:B5:5B:03:A0,Unknown,-100,3,
23:28:16,fakeeee,0D:22:0D:47:5D:CD,Unknown,-100,3,
23:28:16,fakeeee,9B:87:78:56:D5:70,Unknown,-100,3,
23:28:16,fakeeee,4C:9C:86:EA:0F:98,Unknown,-100,3,
23:28:16,fakeeee,F2:EB:9C:53:0D:A7,Unknown,-100,3,
23:28:16,fakeeee,FA:5A:D8:B0:B5:DB,Unknown,-100,3,
23:28:16,fakeeee,50:C2:FD:5D:09:5A,Unknown,-100,3,
23:28:16,fakeeee,2A:A5:E2:A3:FB:B7,Unknown,-100,3,
23:28:16,fakeeee,13:47:54:9A:31:63,Unknown,-100,3,
23:28:16,fakeeee,32:23:4E:CE:76:5B,Unknown,-100,3,
23:28:16,fakeeee,75:71:B6:4D:21:6B,Unknown,-100,3,
23:28:16,fakeeee,28:71:2E:25:CF:37,Unknown,-100,3,
23:28:16,fakeeee,80:F9:DC:62:9C:D7,Unknown,-100,3,
23:28:16,fakeeee,19:B0:1E:6D:4A:4F,Unknown,-100,3,
23:28:16,fakeeee,02:DB:B5:DE:3D:52,Unknown,-100,3,
23:28:16,fakeeee,B6:57:02:D4:C4:4C,Unknown,-100,3,
23:28:16,fakeeee,24:95:C8:97:B5:12,Unknown,-100,3,
23:28:16,fakeeee,80:30:D2:DB:61:E0,Unknown,-100,3,
23:28:16,fakeeee,56:FD:16:43:C8:71,Unknown,-100,3,
23:28:16,fakeeee,FF:CA:4D:B5:A8:8A,Unknown,-100,3,
23:28:16,fakeeee,07:5E:E1:09:33:A6,Unknown,-100,3,
23:28:16,fakeeee,55:57:3B:1D:EE:F0,Unknown,-100,3,
23:28:16,fakeeee,2F:6E:20:02:49:81,Unknown,-100,3,
23:28:16,fakeeee,E2:A0:7F:F8:E3:47,Unknown,-100,3,
23:28:16,fakeeee,69:E3:11:B6:98:B9,Unknown,-100,3,
23:28:16,fakeeee,41:9F:18:22:A8:4B,Unknown,-100,3,
23:28:16,fakeeee,C8:FD:A2:04:1A:90,Unknown,-100,3,
23:28:16,fakeeee,F4:49:FE:15:4B:48,Unknown,-100,3,
23:28:16,fakeeee,96:2D:E8:15:25:CB,Unknown,-100,3,
23:28:16,fakeeee,5C:8F:AE:6D:45:46,Unknown,-100,3,
23:28:16,fakeeee,27:86:E5:3F:A9:8D,Unknown,-100,3,
23:28:16,fakeeee,8A:71:8A:2C:75:A4,Unknown,-100,3,
23:28:16,fakeeee,BC:6A:EE:BA:7F:39,Unknown,-100,3,
23:28:16,fakeeee,02:15:67:EA:2B:8C,Unknown,-100,3,
23:28:16,fakeeee,B6:87:1B:64:F5:61,Unknown,-100,3,
23:28:16,fakeeee,AB:1C:E7:90:5B:90,Unknown,-100,3,
23:28:16,fakeeee,1E:E5:02:A8:11:77,Unknown,-100,3,
23:28:16,fakeeee,4D:CD:E1:3B:87:60,Unknown,-100,3,
23:28:16,fakeeee,74:8A:76:DB:74:A1,Unknown,-100,3,
23:28:16,fakeeee,68:2A:28:83:8F:1D,Unknown,-100,3,
23:28:16,fakeeee,E4:3A:39:CC:CA:94,Unknown,-100,3,
23:28:16,fakeeee,5C:E8:79:5E:91:8A,Unknown,-100,3,
23:28:16,fakeeee,D6:DE:57:B7:19:DF,Unknown,-100,3,
23:28:16,fakeeee,18:8D:69:8E:69:DD,Unknown,-100,3,
23:28:16,fakeeee,2F:D1:08:57:54:97,Unknown,-100,3,
23:28:16,fakeeee,75:39:D1:AE:05:9B,Unknown,-100,3,
23:28:16,fakeeee,43:61:84:BC:C0:15,Unknown,-100,3,
23:28:16,fakeeee,47:96:F3:9E:4D:0C,Unknown,-100,3,
23:28:16,fakeeee,7D:65:99:E6:F3:02,Unknown,-100,3,
23:28:16,fakeeee,C4:22:D3:CC:7A:28,Unknown,-100,3,
23:28:16,fakeeee,63:EF:61:34:9D:66,Unknown,-100,3,
23:28:16,fakeeee,CF:E0:C7:53:9D:87,Unknown,-100,3,
23:28:16,fakeeee,68:E4:1D:5B:82:6B,Unknown,-100,3,
23:28:16,fakeeee,67:00:D0:01:E6:C4,Unknown,-100,3,
23:28:16,fakeeee,03:AA:E6:D7:76:60,Unknown,-100,3,
23:28:16,fakeeee,FF:D9:4F:60:0D:ED,Unknown,-100,3,
23:28:16,fakeeee,C6:DD:CD:8D:30:6A,Unknown,-100,3,
23:28:16,fakeeee,15:99:4E:32:F4:D1,Unknown,-100,3,
23:28:16,fakeeee,9D:5C:D1:6E:5D:B7,Unknown,-100,3,
23:28:16,fakeeee,32:60:62:18:37:D8,Unknown,-100,3,
23:28:16,fakeeee,79:36:B2:C8:96:BF,Unknown,-100,3,
23:28:16,fakeeee,B5:5C:9C:83:EA:CD,Unknown,-100,3,
23:28:16,fakeeee,ED:FF:66:3C:31:5A,Unknown,-100,3,
23:28:16,fakeeee,0D:CF:B6:DE:3D:13,Unknown,-100,3,
23:28:16,fakeeee,95:6F:74:F7:87:AB,Unknown,-100,3,
23:28:16,fakeeee,D0:00:E2:82:C9:78,Unknown,-100,3,
23:28:16,fakeeee,41:7E:D5:DE:01:BF,Unknown,-100,3,
23:28:16,fakeeee,AB:EF:BE:11:2B:EF,Unknown,-100,3,
23:28:16,fakeeee,6B:38:BE:22:16:FB,Unknown,-100,3,
23:28:16,fakeeee,35:AB:6A:A9:A3:F2,Unknown,-100,3,
23:28:16,fakeeee,55:73:F2:37:F5:BB,Unknown,-100,3,
23:28:16,fakeeee,AF:36:3A:84:14:3B,Unknown,-100,3,
23:28:16,fakeeee,43:BF:2A:01:D0:55,Unknown,-100,3,
23:28:16,fakeeee,F1:3C:8D:AF:5E:A3,Unknown,-100,3,
23:28:16,fakeeee,AB:93:4F:15:3D:F2,Unknown,-100,3,
23:28:16,fakeeee,DC:8D:62:2B:A3:9F,Unknown,-100,3,
23:28:16,fakeeee,1D:AA:31:82:A4:FA,Unknown,-100,3,
23:28:16,fakeeee,DC:5A:73:6C:49:70,Unknown,-100,3,
23:28:16,fakeeee,11:74:B0:76:CA:F2,Unknown,-100,3,
23:28:16,fakeeee,AB:75:25:1C:AD:08,Unknown,-100,3,
23:28:16,fakeeee,EB:89:95:4D:B4:38,Unknown,-100,3,
23:28:16,fakeeee,ED:D1:E3:1E:53:87,Unknown,-100,3,
23:28:16,fakeeee,19:2F:E1:8C:9C:2B,Unknown,-100,3,
23:28:16,fakeeee,FC:AD:9F:AC:23:69,Unknown,-100,3,
23:28:16,fakeeee,9F:CE:DE:C4:EA:8C,Unknown,-100,3,
23:28:16,fakeeee,CC:D5:15:62:23:CA,Unknown,-100,3,
23:28:16,fakeeee,9A:10:9B:7D:2E:EF,Unknown,-100,3,
23:28:16,fakeeee,05:47:1E:E6:D3:BA,Unknown,-100,3,
23:28:16,fakeeee,11:CF:68:B1:7C:8B,Unknown,-100,3,
23:28:16,fakeeee,1A:1B:5A:F9:DF:44,Unknown,-100,3,
23:28:16,fakeeee,85:AC:1A:9A:0E:3D,Unknown,-100,3,
23:28:16,fakeeee,64:A8:4D:00:26:7B,Unknown,-100,3,
23:28:16,fakeeee,EF:2B:C3:0D:11:96,Unknown,-100,3,
23:28:16,fakeeee,C8:23:66:30:D4:E2,Unknown,-100,3,
23:28:16,fakeeee,BB:EE:FD:15:E7:DC,Unknown,-100,3,
23:28:16,fakeeee,5A:6C:88:74:07:96,Unknown,-100,3,
23:28:16,fakeeee,B1:6B:3F:FE:6B:65,Unknown,-100,3,
23:28:16,fakeeee,79:5A:90:3C:68:A1,Unknown,-100,3,
23:28:16,fakeeee,D3:30:C4:39:60:98,Unknown,-100,3,
23:28:16,fakeeee,1B:1B:87:18:31:6E,Unknown,-100,3,
23:28:16,fakeeee,F4:8B:DB:7D:FF:E2,Unknown,-100,3,
23:28:16,fakeeee,13:B0:4D:52:AE:B9,Unknown,-100,3,
23:28:16,fakeeee,B7:27:13:47:64:7B,Unknown,-100,3,
23:28:16,fakeeee,E9:37:AB:AD:70:0B,Unknown,-100,3,
23:28:16,fakeeee,46:8B:27:CD:A3:58,Unknown,-100,3,
23:28:16,fakeeee,3B:97:E3:16:14:E2,Unknown,-100,3,
23:28:16,fakeeee,F8:28:92:46:7A:40,Unknown,-100,3,
23:28:16,fakeeee,FF:32:67:12:79:CB,Unknown,-100,3,
23:28:16,fakeeee,8E:62:02:39:10:72,Unknown,-100,3,
23:28:16,fakeeee,45:56:FD:6C:23:A0,Unknown,-100,3,
23:28:16,fakeeee,C4:5E:38:A7:75:4C,Unknown,-100,3,
23:28:16,fakeeee,89:6D:74:1B:B3:EF,Unknown,-100,3,
23:28:16,fakeeee,5B:B2:21:C2:C5:9A,Unknown,-100,3,
23:28:16,fakeeee,8E:53:FD:90:8C:0D,Unknown,-100,3,
23:28:16,fakeeee,03:D1:63:00:3D:86,Unknown,-100,3,
23:28:16,fakeeee,A1:01:E4:D9:A8:59,Unknown,-100,3,
23:28:16,fakeeee,25:31:C7:9A:4C:7A,Unknown,-100,3,
23:28:16,fakeeee,89:A7:2D:AA:6A:F2,Unknown,-100,3,
23:28:16,fakeeee,44:F8:45:41:88:D1,Unknown,-100,3,
23:28:16,fakeeee,4E:8B:A3:B1:8C:E0,Unknown,-100,3,
23:28:16,fakeeee,37:2D:E2:1C:06:8A,Unknown,-100,3,
23:28:16,fakeeee,75:2B:BC:3C:C5:08,Unknown,-100,3,
23:28:16,fakeeee,B7:4E:B0:E4:F8:1A,Unknown,-100,3,
23:28:16,fakeeee,D6:3D:12:1B:7E:9A,Unknown,-100,3,
23:28:16,fakeeee,EC:CD:26:8F:7E:B2,Unknown,-100,3,
23:28:16,fakeeee,70:B6:DF:52:D2:E5,Unknown,-100,3,
23:28:16,fakeeee,DC:47:10:98:84:D6,Unknown,-100,3,
23:28:16,fakeeee,A1:3B:24:51:1F:1D,Unknown,-100,3,
23:28:16,fakeeee,6B:F5:5A:7D:10:D8,Unknown,-100,3,
23:28:16,fakeeee,17:FC:A5:3D:8C:24,Unknown,-100,3,
23:28:16,fakeeee,EF:FC:DA:CE:4E:AC,Unknown,-100,3,
23:28:16,fakeeee,DB:20:C6:35:9D:D6,Unknown,-100,3,
23:28:16,fakeeee,0E:B4:D3:B3:F2:5F,Unknown,-100,3,
23:28:16,fakeeee,E9:9F:21:BC:52:13,Unknown,-100,3,
23:28:16,fakeeee,1B:2A:F4:76:DB:A4,Unknown,-100,3,
23:28:16,fakeeee,1F:39:08:F3:8A:2F,Unknown,-100,3,
23:28:16,fakeeee,89:52:F1:84:CD:71,Unknown,-100,3,
23:28:16,fakeeee,33:1A:CC:03:2D:5D,Unknown,-100,3,
23:28:16,fakeeee,6F:16:FC:90:D3:4F,Unknown,-100,3,
23:28:16,fakeeee,A3:EE:79:98:65:54,Unknown,-100,3,
23:28:16,fakeeee,3C:84:8D:44:77:17,Unknown,-100,3,
23:28:16,fakeeee,74:01:6A:65:85:37,Unknown,-100,3,
23:28:16,fakeeee,D6:B8:51:A2:BB:7E,Unknown,-100,3,
23:28:16,fakeeee,00:2B:95:FC:BB:68,Unknown,-100,3,
23:28:16,fakeeee,4B:5F:56:C4:F7:BB,Unknown,-100,3,
23:28:16,fakeeee,19:33:40:A6:78:B7,Unknown,-100,3,
23:28:16,fakeeee,BE:EC:B8:28:51:3D,Unknown,-100,3,
23:28:16,fakeeee,5F:27:F6:B1:C9:B1,Unknown,-100,3,
23:28:16,fakeeee,2F:C9:DC:C4:C6:98,Unknown,-100,3,
23:28:16,fakeeee,2C:11:F7:83:D6:EE,Unknown,-100,3,
23:28:16,fakeeee,3E:EF:21:7E:95:99,Unknown,-100,3,
23:28:16,fakeeee,36:53:85:EE:7B:D6,Unknown,-100,3,
23:28:16,fakeeee,2C:DB:FD:22:8C:C7,Unknown,-100,3,
23:28:16,fakeeee,D3:BB:90:B0:80:56,Unknown,-100,3,
23:28:16,fakeeee,48:AC:68:3F:2F:3E,Unknown,-100,3,
23:28:16,fakeeee,2D:6E:2D:4E:EC:C2,Unknown,-100,3,
23:28:16,fakeeee,E8:22:16:6D:11:91,Unknown,-100,3,
23:28:16,fakeeee,44:3D:6C:41:5F:F8,Unknown,-100,3,
23:28:16,fakeeee,08:32:B4:99:E2:34,Unknown,-100,3,
23:28:16,fakeeee,EF:2A:E0:57:69:10,Unknown,-100,3,
23:28:16,fakeeee,95:96:7E:C2:E5:6A,Unknown,-100,3,
23:28:16,fakeeee,85:CD:8D:9B:3A:9E,Unknown,-100,3,
23:28:16,fakeeee,2C:7E:DB:99:C0:3A,Unknown,-100,3,
23:28:16,fakeeee,91:C8:6C:45:61:4F,Unknown,-100,3,
23:28:16,fakeeee,79:51:79:5A:A8:E3,Unknown,-100,3,
23:28:16,fakeeee,6A:3E:79:E8:00:5E,Unknown,-100,3,
23:28:16,fakeeee,52:85:2B:DF:20:66,Unknown,-100,3,
23:28:16,fakeeee,7D:4D:E4:58:E6:A4,Unknown,-100,3,
23:28:16,fakeeee,92:77:6D:FF:BD:CE,Unknown,-100,3,
23:28:16,fakeeee,4E:36:1F:C7:90:C8,Unknown,-100,3,
23:28:16,fakeeee,AA:FA:06:24:E2:06,Unknown,-100,3,
23:28:16,fakeeee,82:35:8C:AE:14:AC,Unknown,-100,3,
23:28:16,fakeeee,14:92:F9:F8:EA:DF,Unknown,-100,3,
23:28:16,fakeeee,9D:7D:57:0A:7C:14,Unknown,-100,3,
23:28:16,fakeeee,D8:CA:4A:F8:91:DB,Unknown,-100,3,
23:28:16,fakeeee,C0:3C:D5:C6:60:B8,Unknown,-100,3,
23:28:16,fakeeee,CC:E2:ED:58:90:01,Unknown,-100,3,
23:28:16,fakeeee,05:A4:93:FE:9D:7E,Unknown,-100,3,
23:28:16,fakeeee,DE:3A:FB:35:44:77,Unknown,-100,3,
23:28:16,fakeeee,49:1C:41:93:14:D2,Unknown,-100,3,
23:28:16,fakeeee,6E:D4:0E:44:9A:6E,Unknown,-100,3,
23:28:16,fakeeee,FC:67:51:E9:BF:E1,Unknown,-100,3,
23:28:16,fakeeee,EA:C4:86:7E:C3:23,Unknown,-100,3,
23:28:16,fakeeee,FC:A1:5D:F7:D6:A1,Unknown,-100,3,
23:28:16,fakeeee,6E:1F:BD:AF:B2:D2,Unknown,-100,3,
23:28:16,fakeeee,81:21:A6:90:65:41,Unknown,-100,3,
23:28:16,fakeeee,FE:61:A8:4F:4A:67,Unknown,-100,3,
23:28:16,fakeeee,31:34:2C:B7:B2:EF,Unknown,-100,3,
23:28:16,fakeeee,D8:13:85:95:C2:37,Unknown,-100,3,
23:28:16,fakeeee,67:44:58:0E:D4:BD,Unknown,-100,3,
23:28:16,fakeeee,4F:D2:1E:F7:22:68,Unknown,-100,3,
23:28:16,fakeeee,5E:53:9D:8A:0A:4F,Unknown,-100,3,
23:28:16,fakeeee,79:E4:FE:09:1B:A3,Unknown,-100,3,
23:28:16,fakeeee,C9:A2:D9:66:2D:E3,Unknown,-100,3,
23:28:16,fakeeee,B5:A6:C7:B3:B0:E2,Unknown,-100,3,
23:28:16,fakeeee,57:1F:D5:0E:14:5D,Unknown,-100,3,
23:28:16,fakeeee,87:40:4D:45:C4:4B,Unknown,-100,3,
23:28:16,fakeeee,D6:06:98:3A:67:DC,Unknown,-100,3,
23:28:16,fakeeee,C0:30:7F:99:96:AC,Unknown,-100,3,
23:28:16,fakeeee,7C:4B:52:43:FF:02,Unknown,-100,3,
23:28:16,fakeeee,25:56:22:FA:64:36,Unknown,-100,3,
23:28:16,fakeeee,58:EB:76:A5:30:3A,Unknown,-100,3,
23:28:16,fakeeee,F1:07:41:89:41:A8,Unknown,-100,3,
23:28:16,fakeeee,66:02:D8:E5:9B:6E,Unknown,-100,3,
23:28:16,fakeeee,91:18:B9:E3:5B:B8,Unknown,-100,3,
23:28:16,fakeeee,E6:81:0E:08:7B:72,Unknown,-100,3,
23:28:16,fakeeee,3E:D3:5E:B4:79:8E,Unknown,-100,3,
23:28:16,fakeeee,EE:6A:95:2F:F3:D7,Unknown,-100,3,
23:28:16,fakeeee,D7:59:D9:AF:3E:74,Unknown,-100,3,
23:28:16,fakeeee,1D:CF:8C:D7:B3:E8,Unknown,-100,3,
23:28:16,fakeeee,8F:99:69:9E:A1:E4,Unknown,-100,3,
23:28:16,fakeeee,10:DF:B8:6E:93:31,Unknown,-100,3,
23:28:16,fakeeee,FD:81:9B:92:B1:8E,Unknown,-100,3,
23:28:16,fakeeee,B7:55:F6:43:2C:A9,Unknown,-100,3,
23:28:16,fakeeee,2B:BC:42:94:5A:E3,Unknown,-100,3,
23:28:16,fakeeee,79:6A:C2:31:D9:55,Unknown,-100,3,
23:28:16,fakeeee,62:D6:D6:FD:68:87,Unknown,-100,3,
23:28:16,fakeeee,8B:D2:10:73:14:48,Unknown,-100,3,
23:28:16,fakeeee,39:3A:86:7B:CF:E0,Unknown,-100,3,
23:28:16,fakeeee,5E:48:4A:20:79:23,Unknown,-100,3,
23:28:16,fakeeee,75:DB:F9:4B:D8:62,Unknown,-100,3,
23:28:16,fakeeee,D3:63:34:E3:D7:48,Unknown,-100,3,
23:28:16,fakeeee,2B:71:14:C8:01:23,Unknown,-100,3,
23:28:16,fakeeee,92:3A:5D:18:B5:2C,Unknown,-100,3,
23:28:16,fakeeee,F8:13:74:43:33:ED,Unknown,-100,3,
23:28:16,fakeeee,66:A8:C8:60:F3:A0,Unknown,-100,3,
23:28:16,fakeeee,C2:C6:04:F6:A9:DB,Unknown,-100,3,
23:28:16,fakeeee,3E:D4:4C:52:9D:4D,Unknown,-100,3,
23:28:16,fakeeee,75:2F:87:D3:48:3C,Unknown,-100,3,
23:28:16,fakeeee,FF:40:4F:74:83:82,Unknown,-100,3,
23:28:16,fakeeee,61:EA:2A:2A:4A:1D,Unknown,-100,3,
23:28:16,fakeeee,CA:0C:E4:CE:02:8D,Unknown,-100,3,
23:28:16,fakeeee,A9:40:62:F5:93:FF,Unknown,-100,3,
23:28:16,fakeeee,42:08:2E:C9:DB:76,Unknown,-100,3,
23:28:16,fakeeee,05:DB:B7:54:4F:3A,Unknown,-100,3,
23:28:16,fakeeee,D6:B0:24:00:DA:6E,Unknown,-100,3,
23:28:16,fakeeee,1E:A5:7A:02:73:7C,Unknown,-100,3,
23:28:16,fakeeee,8F:1D:BD:F1:12:50,Unknown,-100,3,
23:28:16,fakeeee,F0:55:58:1F:1E:34,Unknown,-100,3,
23:28:16,fakeeee,95:24:0F:4C:78:5E,Unknown,-100,3,
23:28:16,fakeeee,1A:6D:8E:94:6F:01,Unknown,-100,3,
23:28:16,fakeeee,11:FF:1E:CE:F0:31,Unknown,-100,3,
23:28:16,fakeeee,1E:E1:86:76:00:A4,Unknown,-100,3,
23:28:16,fakeeee,AA:95:C8:B9:E2:41,Unknown,-100,3,
23:28:16,fakeeee,17:69:90:26:14:DF,Unknown,-100,3,
23:28:16,fakeeee,0F:2E:4D:9D:C3:BC,Unknown,-100,3,
23:28:16,fakeeee,9E:D4:BB:BD:A2:AC,Unknown,-100,3,
23:28:16,fakeeee,EE:C0:8D:74:36:8D,Unknown,-100,3,
23:28:16,fakeeee,18:E1:22:E1:9A:04,Unknown,-100,3,
23:28:16,fakeeee,22:B2:6D:B2:D8:82,Unknown,-100,3,
23:28:16,fakeeee,91:E7:B0:DE:84:73,Unknown,-100,3,
23:28:16,fakeeee,43:5D:0D:B1:0F:E5,Unknown,-100,3,
23:28:16,fakeeee,33:A0:CC:E3:7F:50,Unknown,-100,3,
23:28:16,fakeeee,57:1A:73:9E:70:52,Unknown,-100,3,
23:28:16,fakeeee,88:73:20:31:02:61,Unknown,-100,3,
23:28:16,fakeeee,11:1F:BB:D2:5E:F6,Unknown,-100,3,
23:28:16,fakeeee,2E:A1:53:3B:52:62,Unknown,-100,3,
23:28:16,fakeeee,21:85:03:ED:69:82,Unknown,-100,3,
23:28:16,fakeeee,3E:C0:9C:B1:5E:0C,Unknown,-100,3,
23:28:16,fakeeee,03:E6:7F:23:18:82,Unknown,-100,3,
23:28:16,fakeeee,85:29:A1:40:FC:FF,Unknown,-100,3,
23:28:16,fakeeee,37:2A:A0:8A:65:F3,Unknown,-100,3,
23:28:16,fakeeee,ED:86:78:F0:74:E1,Unknown,-100,3,
23:28:16,fakeeee,72:B2:A1:0E:63:00,Unknown,-100,3,
23:28:16,fakeeee,1A:66:E6:9A:8A:FE,Unknown,-100,3,
23:28:16,fakeeee,1C:0F:28:BD:4F:24,Unknown,-100,3,
23:28:16,fakeeee,BC:86:4E:5C:11:B3,Unknown,-100,3,
23:28:16,fakeeee,4F:FE:3A:C8:EE:AE,Unknown,-100,3,
23:28:16,fakeeee,A9:60:60:4B:6E:C3,Unknown,-100,3,
23:28:16,fakeeee,4B:88:29:31:22:B3,Unknown,-100,3,
23:28:16,fakeeee,30:3E:C2:58:FB:12,Unknown,-100,3,
23:28:16,fakeeee,7C:B7:98:CA:14:A9,Unknown,-100,3,
23:28:16,fakeeee,7D:63:A7:B7:2B:95,Unknown,-100,3,
23:28:16,fakeeee,65:D5:F5:C5:20:63,Unknown,-100,3,
23:28:16,fakeeee,88:6B:EC:B2:9C:0E,Unknown,-100,3,
23:28:16,fakeeee,65:CC:4D:28:24:48,Unknown,-100,3,
23:28:16,fakeeee,3A:A0:00:D2:6A:14,Unknown,-100,3,
23:28:16,fakeeee,7C:E8:77:23:9F:A3,Unknown,-100,3,
23:28:16,fakeeee,B9:05:78:AE:CA:98,Unknown,-100,3,
23:28:16,fakeeee,12:53:03:FE:05:9F,Unknown,-100,3,
23:28:16,fakeeee,0C:6A:6C:59:92:90,Unknown,-100,3,
23:28:16,fakeeee,A2:CC:31:A2:9F:9B,Unknown,-100,3,
23:28:16,fakeeee,B6:1B:83:2D:3E:23,Unknown,-100,3,
23:28:16,fakeeee,D0:F7:28:48:A6:F2,Unknown,-100,3,
23:28:16,fakeeee,E0:B8:45:E3:B6:4A,Unknown,-100,3,
23:28:16,fakeeee,83:C2:B5:EF:1C:47,Unknown,-100,3,
23:28:16,fakeeee,7F:BE:14:B0:60:B3,Unknown,-100,3,
23:28:16,fakeeee,4C:16:CE:CF:43:0C,Unknown,-100,3,
23:28:16,fakeeee,F2:14:04:1A:5C:AA,Unknown,-100,3,
23:28:16,fakeeee,0D:3D:62:52:20:18,Unknown,-100,3,
23:28:16,fakeeee,9D:A3:DA:52:92:F6,Unknown,-100,3,
23:28:16,fakeeee,99:12:B4:AD:C2:14,Unknown,-100,3,
23:28:16,fakeeee,60:0E:2A:2E:DE:6E,Unknown,-100,3,
23:28:16,fakeeee,3B:D0:82:3F:EB:DE,Unknown,-100,3,
23:28:16,fakeeee,E9:F8:1B:4B:4A:3C,Unknown,-100,3,
23:28:16,fakeeee,63:E7:DF:3D:39:72,Unknown,-100,3,
23:28:16,fakeeee,34:D3:84:E8:80:46,Unknown,-100,3,
23:28:16,fakeeee,FD:E1:55:27:0F:33,Unknown,-100,3,
23:28:16,fakeeee,95:4A:03:17:89:EE,Unknown,-100,3,
23:28:16,fakeeee,F6:72:E6:11:BD:31,Unknown,-100,3,
23:28:16,fakeeee,4D:20:18:2D:5E:52,Unknown,-100,3,
23:28:16,fakeeee,9F:92:25:23:7A:A5,Unknown,-100,3,
23:28:16,fakeeee,69:77:86:BE:9F:96,Unknown,-100,3,
23:28:16,fakeeee,F1:34:E0:F5:4C:6A,Unknown,-100,3,
23:28:16,fakeeee,E3:42:DC:CA:53:9A,Unknown,-100,3,
23:28:16,fakeeee,FB:A1:BA:13:CE:18,Unknown,-100,0,
23:28:16,fakeeee,65:6D:AA:8A:90:25,Unknown,-100,0,
23:28:16,fakeeee,30:F9:9C:B6:B8:3B,Unknown,-100,0,
23:28:16,fakeeee,4C:A9:70:2D:9E:BC,Unknown,-100,0,
23:28:16,fakeeee,97:82:FE:73:4C:51,Unknown,-100,0,
23:28:16,fakeeee,0D:47:F2:C8:5A:C0,Unknown,-100,0,
23:28:16,fakeeee,E0:C0:2D:8B:4A:BD,Unknown,-100,0,
23:28:16,fakeeee,03:C2:CC:F6:8A:26,Unknown,-100,0,
23:28:16,fakeeee,B6:6B:E6:E4:F6:31,Unknown,-100,0,
23:28:16,fakeeee,A1:A6:AB:58:F2:DC,Unknown,-100,0,
23:28:16,fakeeee,C7:7A:5A:E0:72:04,Unknown,-100,0,
23:28:16,fakeeee,97:26:46:D0:D8:FB,Unknown,-100,0,
23:28:16,fakeeee,55:DC:BD:21:D2:48,Unknown,-100,0,
23:28:16,fakeeee,47:88:B3:2E:6C:A9,Unknown,-100,0,
23:28:16,fakeeee,5F:0E:4F:0A:66:41,Unknown,-100,0,
23:28:16,fakeeee,E7:2E:BC:41:0E:2E,Unknown,-100,0,
23:28:16,fakeeee,45:A5:55:8B:75:2D,Unknown,-100,0,
23:28:16,fakeeee,86:CA:09:44:EB:DB,Unknown,-100,0,
23:28:16,fakeeee,8C:32:64:3F:60:D0,Unknown,-100,0,
23:28:16,fakeeee,E8:BF:DE:37:CA:45,Unknown,-100,0,
23:28:16,fakeeee,78:B1:73:34:F2:81,Unknown,-100,0,
23:28:16,fakeeee,63:37:26:B8:C3:9B,Unknown,-100,0,
23:28:16,fakeeee,E5:49:65:EF:8D:50,Unknown,-100,0,
23:28:16,fakeeee,CA:19:82:2E:58:E3,Unknown,-100,0,
23:28:16,fakeeee,FF:40:A2:DD:77:6C,Unknown,-100,0,
23:28:16,fakeeee,22:F0:1D:95:24:0F,Unknown,-100,0,
23:28:16,fakeeee,16:87:47:3C:3F:0A,Unknown,-100,0,
23:28:16,fakeeee,D7:25:53:3C:14:E1,Unknown,-100,0,
23:28:16,fakeeee,8C:DE:FA:0F:0D:53,Unknown,-100,0,
23:28:16,fakeeee,F2:0C:93:94:E9:0B,Unknown,-100,0,
23:28:16,fakeeee,01:0C:FB:1E:A1:1F,Unknown,-100,0,
23:28:16,fakeeee,2E:B8:A7:75:F4:E6,Unknown,-100,0,
23:28:16,fakeeee,7F:CC:0B:D2:08:1F,Unknown,-100,0,
23:28:16,fakeeee,B3:95:FE:AE:A4:0B,Unknown,-100,0,
23:28:16,fakeeee,01:96:17:94:2A:00,Unknown,-100,0,
23:28:16,fakeeee,9F:2B:0C:9A:4A:AE,Unknown,-100,0,
23:28:16,fakeeee,BA:78:66:61:ED:5A,Unknown,-100,0,
23:28:16,fakeeee,47:6C:26:53:3E:2F,Unknown,-100,0,
23:28:16,fakeeee,72:F2:C4:70:A0:68,Unknown,-100,0,
23:28:16,fakeeee,7B:A1:FE:92:35:28,Unknown,-100,0,
23:28:16,fakeeee,93:D5:54:9F:6F:9E,Unknown,-100,0,
23:28:16,fakeeee,4D:29:16:B3:8A:03,Unknown,-100,0,
23:28:16,fakeeee,0E:D2:6F:34:25:AD,Unknown,-100,0,
23:28:16,fakeeee,63:97:9F:27:08:3F,Unknown,-100,0,
23:28:16,fakeeee,8F:83:E0:8D:16:16,Unknown,-100,0,
23:28:16,fakeeee,B6:A9:EB:0A:48:5A,Unknown,-100,0,
23:28:16,fakeeee,A8:96:84:BE:49:0E,Unknown,-100,0,
23:28:16,fakeeee,C1:57:E0:30:8C:05,Unknown,-100,0,
23:28:16,fakeeee,DD:EF:9D:7D:17:A5,Unknown,-100,0,
23:28:16,fakeeee,BC:A6:28:9D:34:3E,Unknown,-100,0,
23:28:16,fakeeee,B3:EA:E7:9E:F4:30,Unknown,-100,0,
23:28:16,fakeeee,F8:9C:C6:7C:5A:0F,Unknown,-100,0,
23:28:16,fakeeee,8B:1B:67:6B:4B:F3,Unknown,-100,0,
23:28:16,fakeeee,71:28:E2:0E:A5:F9,Unknown,-100,0,
23:28:16,fakeeee,B3:62:A0:DB:FF:D4,Unknown,-100,0,
23:28:16,fakeeee,1A:B2:BE:01:50:B2,Unknown,-100,0,
23:28:16,fakeeee,31:48:4E:F7:C5:A8,Unknown,-100,0,
23:28:16,fakeeee,07:50:C3:6E:BB:0E,Unknown,-100,0,
23:28:16,fakeeee,61:2C:36:43:3A:DC,Unknown,-100,0,
23:28:16,fakeeee,3D:ED:3E:DD:C9:3D,Unknown,-100,0,
23:28:16,fakeeee,B1:E3:EF:6F:E4:3F,Unknown,-100,0,
23:28:16,fakeeee,21:16:87:6F:0D:4C,Unknown,-100,0,
23:28:16,fakeeee,17:14:9C:DA:82:58,Unknown,-100,0,
23:28:16,fakeeee,E8:E3:84:1E:27:BF,Unknown,-100,0,
23:28:16,fakeeee,FA:64:AC:38:41:75,Unknown,-100,0,
23:28:16,fakeeee,75:F2:58:64:61:3D,Unknown,-100,0,
23:28:16,fakeeee,A3:82:53:2B:F1:60,Unknown,-100,0,
23:28:16,fakeeee,77:08:75:14:E2:F7,Unknown,-100,0,
23:28:16,fakeeee,67:99:7C:BA:C4:6D,Unknown,-100,0,
23:28:16,fakeeee,1A:3B:75:8F:4F:57,Unknown,-100,0,
23:28:16,fakeeee,87:BB:21:62:AC:09,Unknown,-100,0,
23:28:16,fakeeee,64:5B:EC:CA:B7:08,Unknown,-100,0,
23:28:16,fakeeee,71:89:99:0A:B3:8E,Unknown,-100,0,
23:28:16,fakeeee,04:1A:27:80:D4:EB,Unknown,-100,0,
23:28:16,fakeeee,ED:EE:27:62:7E:76,Unknown,-100,0,
23:28:16,fakeeee,B9:05:32:DA:67:DE,Unknown,-100,0,
23:28:16,fakeeee,E3:CB:39:D0:95:F1,Unknown,-100,0,
23:28:16,fakeeee,D8:06:7A:71:10:2D,Unknown,-100,0,
23:28:16,fakeeee,FF:14:47:27:94:1B,Unknown,-100,0,
23:28:16,fakeeee,12:81:09:39:E3:87,Unknown,-100,0,
23:28:16,fakeeee,B0:9C:8C:E2:76:F3,Unknown,-100,0,
23:28:16,fakeeee,C0:59:BE:F9:29:53,Unknown,-100,0,
23:28:16,fakeeee,EA:01:59:64:72:69,Unknown,-100,0,
23:28:16,fakeeee,91:72:7D:D8:99:11,Unknown,-100,0,
23:28:16,fakeeee,F3:AB:92:FD:E5:75,Unknown,-100,0,
23:28:16,fakeeee,84:95:11:11:77:87,Unknown,-100,0,
23:28:17,Idoom 4G_EA51A,54:1F:8D:8E:A5:1A,Unknown,-100,3,
23:28:17,fakeeee,67:C6:69:73:51:FF,Unknown,-100,3,
23:28:17,fakeeee,4A:EC:29:CD:BA:AB,Unknown,-100,3,
23:28:17,fakeeee,F2:FB:E3:46:7C:C2,Unknown,-100,3,
23:28:17,fakeeee,54:F8:1B:E8:E7:8D,Unknown,-100,3,
23:28:17,fakeeee,76:5A:2E:63:33:9F,Unknown,-100,3,
23:28:17,fakeeee,C9:9A:66:32:0D:B7,Unknown,-100,3,
23:28:17,fakeeee,31:58:A3:5A:25:5D,Unknown,-100,3,
23:28:17,fakeeee,05:17:58:E9:5E:D4,Unknown,-100,3,
23:28:17,fakeeee,AB:B2:CD:C6:9B:B4,Unknown,-100,3,
23:28:17,fakeeee,54:11:0E:82:74:41,Unknown,-100,3,
23:28:17,fakeeee,21:3D:DC:87:70:E9,Unknown,-100,3,
23:28:17,fakeeee,3E:A1:41:E1:FC:67,Unknown,-100,3,
23:28:17,fakeeee,3E:01:7E:97:EA:DC,Unknown,-100,3,
23:28:17,fakeeee,EC:B0:3B:FB:32:AF,Unknown,-100,3,
23:28:17,fakeeee,3C:54:EC:18:DB:5C,Unknown,-100,3,
23:28:17,fakeeee,02:1A:FE:43:FB:FA,Unknown,-100,3,
23:28:17,fakeeee,AA:3A:FB:29:D1:E6,Unknown,-100,3,
23:28:17,fakeeee,1F:23:1E:A8:1C:7B,Unknown,-100,3,
23:28:17,fakeeee,64:C5:14:73:5A:C5,Unknown,-100,3,
23:28:17,fakeeee,5E:4B:79:63:3B:70,Unknown,-100,3,
23:28:17,fakeeee,64:24:11:9E:09:DC,Unknown,-100,3,
23:28:17,fakeeee,AA:D4:AC:F2:1B:10,Unknown,-100,3,
23:28:17,fakeeee,AF:3B:33:CD:E3:50,Unknown,-100,3,
23:28:17,fakeeee,22:19:BA:9B:7D:F5,Unknown,-100,3,
23:28:17,fakeeee,0B:E1:1A:1C:7F:23,Unknown,-100,3,
23:28:17,fakeeee,F8:29:F8:A4:1B:13,Unknown,-100,3,
23:28:17,fakeeee,B5:CA:4E:E8:98:32,Unknown,-100,3,
23:28:17,fakeeee,38:E0:79:4D:3D:34,Unknown,-100,3,
23:28:17,fakeeee,BC:5F:4E:77:FA:CB,Unknown,-100,3,
23:28:17,fakeeee,6C:05:AC:86:21:2B,Unknown,-100,3,
23:28:17,fakeeee,AA:1A:55:A2:BE:70,Unknown,-100,3,
23:28:17,fakeeee,B5:73:3B:04:5C:D3,Unknown,-100,3,
23:28:17,fakeeee,36:94:B3:AF:E2:F0,Unknown,-100,3,
23:28:17,fakeeee,E4:9E:4F:32:15:49,Unknown,-100,3,
23:28:17,fakeeee,FD:82:4E:A9:08:70,Unknown,-100,3,
23:28:17,fakeeee,D4:B2:8A:29:54:48,Unknown,-100,3,
23:28:17,fakeeee,9A:0A:BC:D5:0E:18,Unknown,-100,3,
23:28:17,fakeeee,A8:44:AC:5B:F3:8E,Unknown,-100,3,
23:28:17,fakeeee,4C:D7:2D:9B:09:42,Unknown,-100,3,
23:28:17,fakeeee,E5:06:C4:33:AF:CD,Unknown,-100,3,
23:28:17,fakeeee,A3:84:7F:2D:AD:D4,Unknown,-100,3,
23:28:17,fakeeee,76:47:DE:32:1C:EC,Unknown,-100,3,
23:28:17,fakeeee,4A:C4:30:F6:20:23,Unknown,-100,3,
23:28:17,fakeeee,85:6C:FB:B2:07:04,Unknown,-100,3,
23:28:17,fakeeee,F4:EC:0B:B9:20:BA,Unknown,-100,3,
23:28:17,fakeeee,86:C3:3E:05:F1:EC,Unknown,-100,3,
23:28:17,fakeeee,D9:67:33:B7:99:50,Unknown,-100,3,
23:28:17,fakeeee,A3:E3:14:D3:D9:34,Unknown,-100,3,
23:28:17,fakeeee,F7:5E:A0:F2:10:A8,Unknown,-100,3,
23:28:17,fakeeee,F6:05:94:01:BE:B4,Unknown,-100,3,
23:28:17,fakeeee,BC:44:78:FA:49:69,Unknown,-100,3,
23:28:17,fakeeee,E6:23:D0:1A:DA:69,Unknown,-100,3,
23:28:17,fakeeee,6A:7E:4C:7E:51:25,Unknown,-100,3,
23:28:17,fakeeee,B3:48:84:53:3A:94,Unknown,-100,3,
23:28:17,fakeeee,FB:31:99:90:32:57,Unknown,-100,3,
23:28:17,fakeeee,44:EE:9B:BC:E9:E5,Unknown,-100,3,
23:28:17,fakeeee,25:CF:08:F5:E9:E2,Unknown,-100,3,
23:28:17,fakeeee,5E:53:60:AA:D2:B2,Unknown,-100,3,
23:28:17,fakeeee,D0:85:FA:54:D8:35,Unknown,-100,3,
23:28:17,fakeeee,E8:D4:66:82:64:98,Unknown,-100,3,
23:28:17,fakeeee,D9:A8:87:75:65:70,Unknown,-100,3,
23:28:17,fakeeee,5A:8A:3F:62:80:29,Unknown,-100,3,
23:28:17,fakeeee,44:DE:7C:A5:89:4E,Unknown,-100,3,
23:28:17,fakeeee,57:59:D3:51:AD:AC,Unknown,-100,3,
23:28:17,fakeeee,86:95:80:EC:17:E4,Unknown,-100,3,
23:28:17,fakeeee,85:F1:8C:0C:66:F1,Unknown,-100,3,
23:28:17,fakeeee,7C:C0:7C:BB:22:FC,Unknown,-100,3,
23:28:17,fakeeee,E4:66:DA:61:0B:63,Unknown,-100,3,
23:28:17,fakeeee,AF:62:BC:83:B4:69,Unknown,-100,3,
23:28:17,fakeeee,2F:3A:FF:AF:27:16,Unknown,-100,3,
23:28:17,fakeeee,93:AC:07:1F:B8:6D,Unknown,-100,3,
23:28:17,fakeeee,11:34:2D:8D:EF:4F,Unknown,-100,3,
23:28:17,fakeeee,89:D4:B6:63:35:C1,Unknown,-100,3,
23:28:17,fakeeee,C7:E4:24:83:67:D8,Unknown,-100,3,
23:28:17,fakeeee,ED:96:12:EC:45:39,Unknown,-100,3,
23:28:17,fakeeee,02:D8:E5:0A:F8:9D,Unknown,-100,3,
23:28:17,fakeeee,77:09:D1:A5:96:C1,Unknown,-100,3,
23:28:17,fakeeee,68:BA:AC:7A:A6:F2,Unknown,-100,3,
23:28:17,fakeeee,B4:A8:CA:99:B2:C2,Unknown,-100,3,
23:28:17,fakeeee,37:2A:CB:08:CF:61,Unknown,-100,3,
23:28:17,fakeeee,C9:C3:80:5E:6E:03,Unknown,-100,3,
23:28:17,fakeeee,28:DA:4C:D7:6A:19,Unknown,-100,3,
23:28:17,fakeeee,ED:D2:D3:99:4C:79,Unknown,-100,3,
23:28:17,fakeeee,8B:00:22:56:9A:D4,Unknown,-100,3,
23:28:17,fakeeee,18:D1:FE:E4:D9:CD,Unknown,-100,3,
23:28:17,fakeeee,45:A3:91:C6:01:FF,Unknown,-100,3,
23:28:17,fakeeee,C9:2A:D9:15:01:43,Unknown,-100,3,
23:28:17,fakeeee,2F:EE:15:02:87:61,Unknown,-100,3,
23:28:17,fakeeee,7C:13:62:9E:69:FC,Unknown,-100,3,
23:28:17,fakeeee,72:81:CD:71:65:A6,Unknown,-100,3,
23:28:17,fakeeee,3E:AB:49:CF:71:4B,Unknown,-100,3,
23:28:17,fakeeee,CE:3A:75:A7:4F:76,Unknown,-100,3,
23:28:17,fakeeee,EA:7E:64:FF:81:EB,Unknown,-100,3,
23:28:17,fakeeee,61:FD:FE:C3:9B:67,Unknown,-100,3,
23:28:17,fakeeee,BF:0D:E9:8C:7E:4E,Unknown,-100,3,
23:28:17,fakeeee,32:BD:F9:7C:8C:6A,Unknown,-100,3,
23:28:17,fakeeee,C7:5B:A4:3C:02:F4,Unknown,-100,3,
23:28:17,fakeeee,B2:ED:72:16:EC:F3,Unknown,-100,3,
23:28:17,fakeeee,01:4D:F0:00:10:8B,Unknown,-100,3,
23:28:17,fakeeee,67:CF:99:50:5B:17,Unknown,-100,3,
23:28:17,fakeeee,9F:8E:D4:98:0A:61,Unknown,-100,3,
23:28:17,fakeeee,03:D1:BC:A7:0D:BE,Unknown,-100,3,
23:28:17,fakeeee,9B:BF:AB:0E:D5:98,Unknown,-100,3,
23:28:17,fakeeee,01:D6:E5:F2:D6:F6,Unknown,-100,3,
23:28:17,fakeeee,7D:3E:C5:16:8E:21,Unknown,-100,3,
23:28:17,fakeeee,2E:2D:AF:02:C6:B9,Unknown,-100,3,
23:28:17,fakeeee,63:C9:8A:1F:70:97,Unknown,-100,3,
23:28:17,fakeeee,DE:0C:56:89:1A:2B,Unknown,-100,3,
23:28:17,fakeeee,21:1B:01:07:0D:D8,Unknown,-100,3,
23:28:17,fakeeee,FD:8B:16:C2:A1:A4,Unknown,-100,3,
23:28:17,fakeeee,E3:CF:D2:92:D2:98,Unknown,-100,3,
23:28:17,fakeeee,4B:35:61:D5:55:D1,Unknown,-100,3,
23:28:17,fakeeee,6C:33:DD:C2:BC:F7,Unknown,-100,3,
23:28:17,fakeeee,ED:DE:13:EF:E5:20,Unknown,-100,3,
23:28:17,fakeeee,C7:E2:AB:DD:A4:4D,Unknown,-100,3,
23:28:17,fakeeee,81:88:1C:53:1A:EE,Unknown,-100,3,
23:28:17,fakeeee,EB:66:24:4C:3B:79,Unknown,-100,3,
23:28:17,fakeeee,1E:A8:AC:FB:6A:68,Unknown,-100,3,
23:28:17,fakeeee,F3:58:46:06:47:2B,Unknown,-100,3,
23:28:17,fakeeee,26:0E:0D:D2:EB:B2,Unknown,-100,3,
23:28:17,fakeeee,1F:6C:3A:3B:C0:54,Unknown,-100,3,
23:28:17,fakeeee,2A:AB:BA:4E:F8:F6,Unknown,-100,3,
23:28:17,fakeeee,C7:16:9E:73:11:08,Unknown,-100,3,
23:28:17,fakeeee,DB:04:60:22:0A:A7,Unknown,-100,3,
23:28:17,fakeeee,4D:31:B5:5B:03:A0,Unknown,-100,3,
23:28:17,fakeeee,0D:22:0D:47:5D:CD,Unknown,-100,3,
23:28:17,fakeeee,9B:87:78:56:D5:70,Unknown,-100,3,
23:28:17,fakeeee,4C:9C:86:EA:0F:98,Unknown,-100,3,
23:28:17,fakeeee,F2:EB:9C:53:0D:A7,Unknown,-100,3,
23:28:17,fakeeee,FA:5A:D8:B0:B5:DB,Unknown,-100,3,
23:28:17,fakeeee,50:C2:FD:5D:09:5A,Unknown,-100,3,
23:28:17,fakeeee,2A:A5:E2:A3:FB:B7,Unknown,-100,3,
23:28:17,fakeeee,13:47:54:9A:31:63,Unknown,-100,3,
23:28:17,fakeeee,32:23:4E:CE:76:5B,Unknown,-100,3,
23:28:17,fakeeee,75:71:B6:4D:21:6B,Unknown,-100,3,
23:28:17,fakeeee,28:71:2E:25:CF:37,Unknown,-100,3,
23:28:17,fakeeee,80:F9:DC:62:9C:D7,Unknown,-100,3,
23:28:17,fakeeee,19:B0:1E:6D:4A:4F,Unknown,-100,3,
23:28:17,fakeeee,02:DB:B5:DE:3D:52,Unknown,-100,3,
23:28:17,fakeeee,B6:57:02:D4:C4:4C,Unknown,-100,3,
23:28:17,fakeeee,24:95:C8:97:B5:12,Unknown,-100,3,
23:28:17,fakeeee,80:30:D2:DB:61:E0,Unknown,-100,3,
23:28:17,fakeeee,56:FD:16:43:C8:71,Unknown,-100,3,
23:28:17,fakeeee,FF:CA:4D:B5:A8:8A,Unknown,-100,3,
23:28:17,fakeeee,07:5E:E1:09:33:A6,Unknown,-100,3,
23:28:17,fakeeee,55:57:3B:1D:EE:F0,Unknown,-100,3,
23:28:17,fakeeee,2F:6E:20:02:49:81,Unknown,-100,3,
23:28:17,fakeeee,E2:A0:7F:F8:E3:47,Unknown,-100,3,
23:28:17,fakeeee,69:E3:11:B6:98:B9,Unknown,-100,3,
23:28:17,fakeeee,41:9F:18:22:A8:4B,Unknown,-100,3,
23:28:17,fakeeee,C8:FD:A2:04:1A:90,Unknown,-100,3,
23:28:17,fakeeee,F4:49:FE:15:4B:48,Unknown,-100,3,
23:28:17,fakeeee,96:2D:E8:15:25:CB,Unknown,-100,3,
23:28:17,fakeeee,5C:8F:AE:6D:45:46,Unknown,-100,3,
23:28:17,fakeeee,27:86:E5:3F:A9:8D,Unknown,-100,3,
23:28:17,fakeeee,8A:71:8A:2C:75:A4,Unknown,-100,3,
23:28:17,fakeeee,BC:6A:EE:BA:7F:39,Unknown,-100,3,
