Timestamp,SSID,BSSID,Channel,RSSI,Score,Reason
2026-02-11 05:28:52,Ma_Box_Maison,AA:BB:CC:11:22:33,1,-55,0,N/A
2026-02-11 05:28:52,Ma_B0x_Maison,FF:EE:DD:44:55:66,1,-66,0,N/A
2026-02-11 05:28:52,Ma_Box_Maison,FF:FF:FF:EE:EE:EE,1,-30,0,N/A
2026-02-11 05:28:54,Ma_Box_Maison,AA:BB:CC:11:22:33,1,-56,3,N/A
2026-02-11 05:28:54,Ma_B0x_Maison,FF:EE:DD:44:55:66,1,-69,0,N/A
2026-02-11 05:28:54,Ma_Box_Maison,FF:FF:FF:EE:EE:EE,1,-30,3,N/A
2026-02-11 05:28:55,Ma_Box_Maison,AA:BB:CC:11:22:33,1,-61,3,N/A
2026-02-11 05:28:55,Ma_B0x_Maison,FF:EE:DD:44:55:66,1,-60,0,N/A
2026-02-11 05:28:55,Ma_Box_Maison,FF:FF:FF:EE:EE:EE,1,-30,3,N/A
2026-02-11 05:28:57,Ma_Box_Maison,AA:BB:CC:11:22:33,1,-60,3,N/A
2026-02-11 05:28:57,Ma_B0x_Maison,FF:EE:DD:44:55:66,1,-66,0,N/A
2026-02-11 05:28:57,Ma_Box_Maison,FF:FF:FF:EE:EE:EE,1,-30,3,N/A
2026-02-11 05:28:59,Ma_Box_Maison,AA:BB:CC:11:22:33,1,-57,3,N/A
2026-02-11 05:28:59,Ma_B0x_Maison,FF:EE:DD:44:55:66,1,-64,0,N/A
2026-02-11 05:28:59,Ma_Box_Maison,FF:FF:FF:EE:EE:EE,1,-30,3,N/A
2026-02-11 05:29:00,Ma_Box_Maison,AA:BB:CC:11:22:33,1,-56,3,N/A
2026-02-11 05:29:00,Ma_B0x_Maison,FF:EE:DD:44:55:66,1,-66,0,N/A
2026-02-11 05:29:00,Ma_Box_Maison,FF:FF:FF:EE:EE:EE,1,-30,3,N/A
2026-02-11 05:29:02,Ma_Box_Maison,AA:BB:CC:11:22:33,1,-62,3,N/A
2026-02-11 05:29:02,Ma_B0x_Maison,FF:EE:DD:44:55:66,1,-68,0,N/A
2026-02-11 05:29:02,Ma_Box_Maison,FF:FF:FF:EE:EE:EE,1,-30,3,N/A
2026-02-11 05:29:03,Ma_Box_Maison,AA:BB:CC:11:22:33,1,-55,3,N/A
2026-02-11 05:29:03,Ma_B0x_Maison,FF:EE:DD:44:55:66,1,-69,0,N/A
2026-02-11 05:29:03,Ma_Box_Maison,FF:FF:FF:EE:EE:EE,1,-30,3,N/A
2026-02-11 05:29:05,Ma_Box_Maison,AA:BB:CC:11:22:33,1,-59,3,N/A
2026-02-11 05:29:05,Ma_B0x_Maison,FF:EE:DD:44:55:66,1,-70,0,N/A
2026-02-11 05:29:05,Ma_Box_Maison,FF:FF:FF:EE:EE:EE,1,-30,3,N/A
2026-02-11 05:29:06,Ma_Box_Maison,AA:BB:CC:11:22:33,1,-59,3,N/A
2026-02-11 05:29:06,Ma_B0x_Maison,FF:EE:DD:44:55:66,1,-68,0,N/A
2026-02-11 05:29:06,Ma_Box_Maison,FF:FF:FF:EE:EE:EE,1,-30,3,N/A
2026-02-11 05:29:08,Ma_Box_Maison,AA:BB:CC:11:22:33,1,-62,3,N/A
2026-02-11 05:29:08,Ma_B0x_Maison,FF:EE:DD:44:55:66,1,-67,0,N/A
2026-02-11 05:29:08,Ma_Box_Maison,FF:FF:FF:EE:EE:EE,1,-30,3,N/A
2026-02-11 05:29:09,Ma_Box_Maison,AA:BB:CC:11:22:33,1,-55,3,N/A
2026-02-11 05:29:09,Ma_B0x_Maison,FF:EE:DD:44:55:66,1,-68,0,N/A
2026-02-11 05:29:09,Ma_Box_Maison,FF:FF:FF:EE:EE:EE,1,-30,3,N/A
2026-02-11 05:29:11,Ma_Box_Maison,AA:BB:CC:11:22:33,1,-57,3,N/A
2026-02-11 05:29:11,Ma_B0x_Maison,FF:EE:DD:44:55:66,1,-67,0,N/A
2026-02-11 05:29:11,Ma_Box_Maison,FF:FF:FF:EE:EE:EE,1,-30,3,N/A
2026-02-11 05:29:12,Ma_Box_Maison,AA:BB:CC:11:22:33,1,-62,3,N/A
2026-02-11 05:29:12,Ma_B0x_Maison,FF:EE:DD:44:55:66,1,-64,0,N/A
2026-02-11 05:29:12,Ma_Box_Maison,FF:FF:FF:EE:EE:EE,1,-30,5,Jitter/Timing Anomaly
2026-02-11 05:29:14,Ma_Box_Maison,AA:BB:CC:11:22:33,1,-55,3,N/A
2026-02-11 05:29:14,Ma_B0x_Maison,FF:EE:DD:44:55:66,1,-61,0,N/A
2026-02-11 05:29:14,Ma_Box_Maison,FF:FF:FF:EE:EE:EE,1,-30,5,Jitter/Timing Anomaly
2026-02-11 05:29:15,Ma_Box_Maison,AA:BB:CC:11:22:33,1,-57,3,N/A
2026-02-11 05:29:15,Ma_B0x_Maison,FF:EE:DD:44:55:66,1,-64,0,N/A
2026-02-11 05:29:15,Ma_Box_Maison,FF:FF:FF:EE:EE:EE,1,-30,5,Jitter/Timing Anomaly
2026-02-11 05:29:17,Ma_Box_Maison,AA:BB:CC:11:22:33,1,-57,3,N/A
2026-02-11 05:29:17,Ma_B0x_Maison,FF:EE:DD:44:55:66,1,-69,0,N/A
2026-02-11 05:29:17,Ma_Box_Maison,FF:FF:FF:EE:EE:EE,1,-30,5,Jitter/Timing Anomaly
2026-02-11 05:29:18,Ma_Box_Maison,AA:BB:CC:11:22:33,1,-60,3,N/A
2026-02-11 05:29:18,Ma_B0x_Maison,FF:EE:DD:44:55:66,1,-69,0,N/A
2026-02-11 05:29:18,Ma_Box_Maison,FF:FF:FF:EE:EE:EE,1,-30,5,Jitter/Timing Anomaly
2026-02-11 05:29:20,Ma_Box_Maison,AA:BB:CC:11:22:33,1,-62,3,N/A
2026-02-11 05:29:20,Ma_B0x_Maison,FF:EE:DD:44:55:66,1,-70,0,N/A
2026-02-11 05:29:20,Ma_Box_Maison,FF:FF:FF:EE:EE:EE,1,-30,5,Jitter/Timing Anomaly
2026-02-11 05:29:21,Ma_Box_Maison,AA:BB:CC:11:22:33,1,-60,3,N/A
2026-02-11 05:29:21,Ma_B0x_Maison,FF:EE:DD:44:55:66,1,-69,0,N/A
2026-02-11 05:29:21,Ma_Box_Maison,FF:FF:FF:EE:EE:EE,1,-30,5,Jitter/Timing Anomaly
2026-02-11 05:29:23,Ma_Box_Maison,AA:BB:CC:11:22:33,1,-64,3,N/A
2026-02-11 05:29:23,Ma_B0x_Maison,FF:EE:DD:44:55:66,1,-61,0,N/A
2026-02-11 05:29:23,Ma_Box_Maison,FF:FF:FF:EE:EE:EE,1,-30,5,Jitter/Timing Anomaly
2026-02-11 05:29:24,Ma_Box_Maison,AA:BB:CC:11:22:33,1,-62,3,N/A
2026-02-11 05:29:24,Ma_B0x_Maison,FF:EE:DD:44:55:66,1,-68,0,N/A
2026-02-11 05:29:24,Ma_Box_Maison,FF:FF:FF:EE:EE:EE,1,-30,5,Jitter/Timing Anomaly
2026-02-11 05:29:26,Ma_Box_Maison,AA:BB:CC:11:22:33,1,-63,3,N/A
2026-02-11 05:29:26,Ma_B0x_Maison,FF:EE:DD:44:55:66,1,-66,0,N/A
2026-02-11 05:29:26,Ma_Box_Maison,FF:FF:FF:EE:EE:EE,1,-30,5,Jitter/Timing Anomaly
2026-02-11 05:29:27,Ma_Box_Maison,AA:BB:CC:11:22:33,1,-59,3,N/A
2026-02-11 05:29:27,Ma_B0x_Maison,FF:EE:DD:44:55:66,1,-67,0,N/A
2026-02-11 05:29:27,Ma_Box_Maison,FF:FF:FF:EE:EE:EE,1,-30,5,Jitter/Timing Anomaly
2026-02-11 05:29:29,Ma_Box_Maison,AA:BB:CC:11:22:33,1,-57,3,N/A
2026-02-11 05:29:29,Ma_B0x_Maison,FF:EE:DD:44:55:66,1,-68,0,N/A
2026-02-11 05:29:29,Ma_Box_Maison,FF:FF:FF:EE:EE:EE,1,-30,5,Jitter/Timing Anomaly
2026-02-11 05:29:30,Ma_Box_Maison,AA:BB:CC:11:22:33,1,-59,3,N/A
2026-02-11 05:29:30,Ma_B0x_Maison,FF:EE:DD:44:55:66,1,-62,0,N/A
2026-02-11 05:29:30,Ma_Box_Maison,FF:FF:FF:EE:EE:EE,1,-30,5,Jitter/Timing Anomaly
2026-02-11 05:29:32,Ma_Box_Maison,AA:BB:CC:11:22:33,1,-61,3,N/A
2026-02-11 05:29:32,Ma_B0x_Maison,FF:EE:DD:44:55:66,1,-66,0,N/A
2026-02-11 05:29:32,Ma_Box_Maison,FF:FF:FF:EE:EE:EE,1,-30,5,Jitter/Timing Anomaly
2026-02-11 05:29:33,Ma_Box_Maison,AA:BB:CC:11:22:33,1,-65,3,N/A
2026-02-11 05:29:33,Ma_B0x_Maison,FF:EE:DD:44:55:66,1,-60,0,N/A
2026-02-11 05:29:33,Ma_Box_Maison,FF:FF:FF:EE:EE:EE,1,-30,5,Jitter/Timing Anomaly
2026-02-11 05:29:35,Ma_Box_Maison,AA:BB:CC:11:22:33,1,-60,3,N/A
2026-02-11 05:29:35,Ma_B0x_Maison,FF:EE:DD:44:55:66,1,-70,0,N/A
2026-02-11 05:29:35,Ma_Box_Maison,FF:FF:FF:EE:EE:EE,1,-30,5,Jitter/Timing Anomaly
2026-02-11 05:29:36,Ma_Box_Maison,AA:BB:CC:11:22:33,1,-62,3,N/A
2026-02-11 05:29:36,Ma_B0x_Maison,FF:EE:DD:44:55:66,1,-65,0,N/A
2026-02-11 05:29:36,Ma_Box_Maison,FF:FF:FF:EE:EE:EE,1,-30,5,Jitter/Timing Anomaly
2026-02-11 05:29:38,Ma_Box_Maison,AA:BB:CC:11:22:33,1,-56,3,N/A
2026-02-11 05:29:38,Ma_B0x_Maison,FF:EE:DD:44:55:66,1,-68,0,N/A
2026-02-11 05:29:38,Ma_Box_Maison,FF:FF:FF:EE:EE:EE,1,-30,5,Jitter/Timing Anomaly
2026-02-11 05:29:39,Ma_Box_Maison,AA:BB:CC:11:22:33,1,-56,3,N/A
2026-02-11 05:29:39,Ma_B0x_Maison,FF:EE:DD:44:55:66,1,-61,0,N/A
2026-02-11 05:29:39,Ma_Box_Maison,FF:FF:FF:EE:EE:EE,1,-30,5,Jitter/Timing Anomaly
2026-02-11 05:29:41,Ma_Box_Maison,AA:BB:CC:11:22:33,1,-63,3,N/A
2026-02-11 05:29:41,Ma_B0x_Maison,FF:EE:DD:44:55:66,1,-65,0,N/A
2026-02-11 05:29:41,Ma_Box_Maison,FF:FF:FF:EE:EE:EE,1,-30,5,Jitter/Timing Anomaly
2026-02-11 05:29:42,Ma_Box_Maison,AA:BB:CC:11:22:33,1,-65,3,N/A
2026-02-11 05:29:42,Ma_B0x_Maison,FF:EE:DD:44:55:66,1,-69,0,N/A
2026-02-11 05:29:42,Ma_Box_Maison,FF:FF:FF:EE:EE:EE,1,-30,5,Jitter/Timing Anomaly
2026-02-11 05:29:44,Ma_Box_Maison,AA:BB:CC:11:22:33,1,-61,3,N/A
2026-02-11 05:29:44,Ma_B0x_Maison,FF:EE:DD:44:55:66,1,-63,0,N/A
2026-02-11 05:29:44,Ma_Box_Maison,FF:FF:FF:EE:EE:EE,1,-30,5,Jitter/Timing Anomaly
2026-02-11 05:29:45,Ma_Box_Maison,AA:BB:CC:11:22:33,1,-56,3,N/A
2026-02-11 05:29:45,Ma_B0x_Maison,FF:EE:DD:44:55:66,1,-62,0,N/A
2026-02-11 05:29:45,Ma_Box_Maison,FF:FF:FF:EE:EE:EE,1,-30,5,Jitter/Timing Anomaly
2026-02-11 05:29:47,Ma_Box_Maison,AA:BB:CC:11:22:33,1,-63,3,N/A
2026-02-11 05:29:47,Ma_B0x_Maison,FF:EE:DD:44:55:66,1,-68,0,N/A
2026-02-11 05:29:47,Ma_Box_Maison,FF:FF:FF:EE:EE:EE,1,-30,5,Jitter/Timing Anomaly
2026-02-11 05:29:48,Ma_Box_Maison,AA:BB:CC:11:22:33,1,-63,3,N/A
2026-02-11 05:29:48,Ma_B0x_Maison,FF:EE:DD:44:55:66,1,-66,0,N/A
2026-02-11 05:29:48,Ma_Box_Maison,FF:FF:FF:EE:EE:EE,1,-30,5,Jitter/Timing Anomaly
2026-02-11 05:29:50,Ma_Box_Maison,AA:BB:CC:11:22:33,1,-61,3,N/A
2026-02-11 05:29:50,Ma_B0x_Maison,FF:EE:DD:44:55:66,1,-67,0,N/A
2026-02-11 05:29:50,Ma_Box_Maison,FF:FF:FF:EE:EE:EE,1,-30,5,Jitter/Timing Anomaly
2026-02-11 05:29:51,Ma_Box_Maison,AA:BB:CC:11:22:33,1,-63,3,N/A
2026-02-11 05:29:51,Ma_B0x_Maison,FF:EE:DD:44:55:66,1,-63,0,N/A
2026-02-11 05:29:51,Ma_Box_Maison,FF:FF:FF:EE:EE:EE,1,-30,5,Jitter/Timing Anomaly
2026-02-11 05:29:53,Ma_Box_Maison,AA:BB:CC:11:22:33,1,-62,3,N/A
2026-02-11 05:29:53,Ma_B0x_Maison,FF:EE:DD:44:55:66,1,-64,0,N/A
2026-02-11 05:29:53,Ma_Box_Maison,FF:FF:FF:EE:EE:EE,1,-30,5,Jitter/Timing Anomaly
2026-02-11 05:29:54,Ma_Box_Maison,AA:BB:CC:11:22:33,1,-63,3,N/A
2026-02-11 05:29:54,Ma_B0x_Maison,FF:EE:DD:44:55:66,1,-69,0,N/A
2026-02-11 05:29:54,Ma_Box_Maison,FF:FF:FF:EE:EE:EE,1,-30,5,Jitter/Timing Anomaly
2026-02-11 05:29:56,Ma_Box_Maison,AA:BB:CC:11:22:33,1,-61,3,N/A
2026-02-11 05:29:56,Ma_B0x_Maison,FF:EE:DD:44:55:66,1,-70,0,N/A
2026-02-11 05:29:56,Ma_Box_Maison,FF:FF:FF:EE:EE:EE,1,-30,5,Jitter/Timing Anomaly
2026-02-11 05:29:57,Ma_Box_Maison,AA:BB:CC:11:22:33,1,-62,3,N/A
2026-02-11 05:29:57,Ma_B0x_Maison,FF:EE:DD:44:55:66,1,-64,0,N/A
2026-02-11 05:29:57,Ma_Box_Maison,FF:FF:FF:EE:EE:EE,1,-30,5,Jitter/Timing Anomaly
2026-02-11 05:29:59,Ma_Box_Maison,AA:BB:CC:11:22:33,1,-58,3,N/A
2026-02-11 05:29:59,Ma_B0x_Maison,FF:EE:DD:44:55:66,1,-70,0,N/A
2026-02-11 05:29:59,Ma_Box_Maison,FF:FF:FF:EE:EE:EE,1,-30,5,Jitter/Timing Anomaly
2026-02-11 05:30:00,Ma_Box_Maison,AA:BB:CC:11:22:33,1,-63,3,N/A
2026-02-11 05:30:00,Ma_B0x_Maison,FF:EE:DD:44:55:66,1,-70,0,N/A
2026-02-11 05:30:00,Ma_Box_Maison,FF:FF:FF:EE:EE:EE,1,-30,5,Jitter/Timing Anomaly
2026-02-11 05:30:02,Ma_Box_Maison,AA:BB:CC:11:22:33,1,-55,5,RSSI Spike (2.8σ)
2026-02-11 05:30:02,Ma_B0x_Maison,FF:EE:DD:44:55:66,1,-62,0,N/A
2026-02-11 05:30:02,Ma_Box_Maison,FF:FF:FF:EE:EE:EE,1,-30,5,Jitter/Timing Anomaly
2026-02-11 05:30:03,Ma_Box_Maison,AA:BB:CC:11:22:33,1,-58,5,RSSI Spike (2.8σ)
2026-02-11 05:30:03,Ma_B0x_Maison,FF:EE:DD:44:55:66,1,-69,0,N/A
2026-02-11 05:30:03,Ma_Box_Maison,FF:FF:FF:EE:EE:EE,1,-30,5,Jitter/Timing Anomaly
2026-02-11 05:30:05,Ma_Box_Maison,AA:BB:CC:11:22:33,1,-55,5,RSSI Spike (2.8σ)
2026-02-11 05:30:05,Ma_B0x_Maison,FF:EE:DD:44:55:66,1,-65,0,N/A
2026-02-11 05:30:05,Ma_Box_Maison,FF:FF:FF:EE:EE:EE,1,-30,5,Jitter/Timing Anomaly
2026-02-11 05:30:06,Ma_Box_Maison,AA:BB:CC:11:22:33,1,-65,5,RSSI Spike (2.8σ)
2026-02-11 05:30:06,Ma_B0x_Maison,FF:EE:DD:44:55:66,1,-61,0,N/A
2026-02-11 05:30:06,Ma_Box_Maison,FF:FF:FF:EE:EE:EE,1,-30,5,Jitter/Timing Anomaly
2026-02-11 05:30:08,Ma_Box_Maison,AA:BB:CC:11:22:33,1,-55,5,RSSI Spike (2.8σ)
2026-02-11 05:30:08,Ma_B0x_Maison,FF:EE:DD:44:55:66,1,-65,0,N/A
2026-02-11 05:30:08,Ma_Box_Maison,FF:FF:FF:EE:EE:EE,1,-30,5,Jitter/Timing Anomaly
2026-02-11 05:30:09,Ma_Box_Maison,AA:BB:CC:11:22:33,1,-59,5,RSSI Spike (2.8σ)
2026-02-11 05:30:09,Ma_B0x_Maison,FF:EE:DD:44:55:66,1,-61,0,N/A
2026-02-11 05:30:09,Ma_Box_Maison,FF:FF:FF:EE:EE:EE,1,-30,5,Jitter/Timing Anomaly
2026-02-11 05:30:11,Ma_Box_Maison,AA:BB:CC:11:22:33,1,-58,5,RSSI Spike (2.8σ)
2026-02-11 05:30:11,Ma_B0x_Maison,FF:EE:DD:44:55:66,1,-69,0,N/A
2026-02-11 05:30:11,Ma_Box_Maison,FF:FF:FF:EE:EE:EE,1,-30,5,Jitter/Timing Anomaly
2026-02-11 05:30:12,Ma_Box_Maison,AA:BB:CC:11:22:33,1,-57,5,RSSI Spike (2.8σ)
2026-02-11 05:30:12,Ma_B0x_Maison,FF:EE:DD:44:55:66,1,-66,0,N/A
2026-02-11 05:30:12,Ma_Box_Maison,FF:FF:FF:EE:EE:EE,1,-30,5,Jitter/Timing Anomaly
2026-02-11 05:30:14,Ma_Box_Maison,AA:BB:CC:11:22:33,1,-60,5,RSSI Spike (2.8σ)
2026-02-11 05:30:14,Ma_B0x_Maison,FF:EE:DD:44:55:66,1,-70,0,N/A
2026-02-11 05:30:14,Ma_Box_Maison,FF:FF:FF:EE:EE:EE,1,-30,5,Jitter/Timing Anomaly
2026-02-11 05:30:15,Ma_Box_Maison,AA:BB:CC:11:22:33,1,-65,5,RSSI Spike (2.8σ)
2026-02-11 05:30:15,Ma_B0x_Maison,FF:EE:DD:44:55:66,1,-63,0,N/A
2026-02-11 05:30:15,Ma_Box_Maison,FF:FF:FF:EE:EE:EE,1,-30,5,Jitter/Timing Anomaly
2026-02-11 05:30:17,Ma_Box_Maison,AA:BB:CC:11:22:33,1,-60,5,RSSI Spike (2.8σ)
2026-02-11 05:30:17,Ma_B0x_Maison,FF:EE:DD:44:55:66,1,-68,0,N/A
2026-02-11 05:30:17,Ma_Box_Maison,FF:FF:FF:EE:EE:EE,1,-30,5,Jitter/Timing Anomaly
2026-02-11 05:30:18,Ma_Box_Maison,AA:BB:CC:11:22:33,1,-63,5,RSSI Spike (2.8σ)
2026-02-11 05:30:18,Ma_B0x_Maison,FF:EE:DD:44:55:66,1,-70,0,N/A
2026-02-11 05:30:18,Ma_Box_Maison,FF:FF:FF:EE:EE:EE,1,-30,5,Jitter/Timing Anomaly
2026-02-11 05:30:20,Ma_Box_Maison,AA:BB:CC:11:22:33,1,-58,5,RSSI Spike (2.8σ)
2026-02-11 05:30:20,Ma_B0x_Maison,FF:EE:DD:44:55:66,1,-63,0,N/A
2026-02-11 05:30:20,Ma_Box_Maison,FF:FF:FF:EE:EE:EE,1,-30,5,Jitter/Timing Anomaly
2026-02-11 05:30:21,Ma_Box_Maison,AA:BB:CC:11:22:33,1,-64,5,RSSI Spike (2.8σ)
2026-02-11 05:30:21,Ma_B0x_Maison,FF:EE:DD:44:55:66,1,-64,0,N/A
2026-02-11 05:30:21,Ma_Box_Maison,FF:FF:FF:EE:EE:EE,1,-30,5,Jitter/Timing Anomaly
2026-02-11 05:30:23,Ma_Box_Maison,AA:BB:CC:11:22:33,1,-62,5,RSSI Spike (2.8σ)
2026-02-11 05:30:23,Ma_B0x_Maison,FF:EE:DD:44:55:66,1,-64,0,N/A
2026-02-11 05:30:23,Ma_Box_Maison,FF:FF:FF:EE:EE:EE,1,-30,5,Jitter/Timing Anomaly
2026-02-11 05:30:24,Ma_Box_Maison,AA:BB:CC:11:22:33,1,-56,5,RSSI Spike (2.8σ)
2026-02-11 05:30:24,Ma_B0x_Maison,FF:EE:DD:44:55:66,1,-61,0,N/A
2026-02-11 05:30:24,Ma_Box_Maison,FF:FF:FF:EE:EE:EE,1,-30,5,Jitter/Timing Anomaly
2026-02-11 05:30:26,Ma_Box_Maison,AA:BB:CC:11:22:33,1,-63,5,RSSI Spike (2.8σ)
2026-02-11 05:30:26,Ma_B0x_Maison,FF:EE:DD:44:55:66,1,-68,0,N/A
2026-02-11 05:30:26,Ma_Box_Maison,FF:FF:FF:EE:EE:EE,1,-30,5,Jitter/Timing Anomaly
2026-02-11 05:30:27,Ma_Box_Maison,AA:BB:CC:11:22:33,1,-60,5,RSSI Spike (2.8σ)
2026-02-11 05:30:27,Ma_B0x_Maison,FF:EE:DD:44:55:66,1,-64,0,N/A
2026-02-11 05:30:27,Ma_Box_Maison,FF:FF:FF:EE:EE:EE,1,-30,5,Jitter/Timing Anomaly
2026-02-11 05:30:29,Ma_Box_Maison,AA:BB:CC:11:22:33,1,-61,5,RSSI Spike (2.8σ)
2026-02-11 05:30:29,Ma_B0x_Maison,FF:EE:DD:44:55:66,1,-64,0,N/A
2026-02-11 05:30:29,Ma_Box_Maison,FF:FF:FF:EE:EE:EE,1,-30,5,Jitter/Timing Anomaly
2026-02-11 05:30:30,Ma_Box_Maison,AA:BB:CC:11:22:33,1,-63,5,RSSI Spike (2.8σ)
2026-02-11 05:30:30,Ma_B0x_Maison,FF:EE:DD:44:55:66,1,-68,0,N/A
2026-02-11 05:30:30,Ma_Box_Maison,FF:FF:FF:EE:EE:EE,1,-30,5,Jitter/Timing Anomaly
2026-02-11 05:30:32,Ma_Box_Maison,AA:BB:CC:11:22:33,1,-57,5,RSSI Spike (2.8σ)
2026-02-11 05:30:32,Ma_B0x_Maison,FF:EE:DD:44:55:66,1,-63,0,N/A
2026-02-11 05:30:32,Ma_Box_Maison,FF:FF:FF:EE:EE:EE,1,-30,5,Jitter/Timing Anomaly
2026-02-11 05:30:33,Ma_Box_Maison,AA:BB:CC:11:22:33,1,-65,5,RSSI Spike (2.8σ)
2026-02-11 05:30:33,Ma_B0x_Maison,FF:EE:DD:44:55:66,1,-66,0,N/A
2026-02-11 05:30:33,Ma_Box_Maison,FF:FF:FF:EE:EE:EE,1,-30,5,Jitter/Timing Anomaly
2026-02-11 05:30:35,Ma_Box_Maison,AA:BB:CC:11:22:33,1,-59,5,RSSI Spike (2.8σ)
2026-02-11 05:30:35,Ma_B0x_Maison,FF:EE:DD:44:55:66,1,-66,0,N/A
2026-02-11 05:30:35,Ma_Box_Maison,FF:FF:FF:EE:EE:EE,1,-30,5,Jitter/Timing Anomaly
2026-02-11 05:30:36,Ma_Box_Maison,AA:BB:CC:11:22:33,1,-64,5,RSSI Spike (2.8σ)
2026-02-11 05:30:36,Ma_B0x_Maison,FF:EE:DD:44:55:66,1,-65,0,N/A
2026-02-11 05:30:36,Ma_Box_Maison,FF:FF:FF:EE:EE:EE,1,-30,5,Jitter/Timing Anomaly
2026-02-11 05:30:38,Ma_Box_Maison,AA:BB:CC:11:22:33,1,-60,5,RSSI Spike (2.8σ)
2026-02-11 05:30:38,Ma_B0x_Maison,FF:EE:DD:44:55:66,1,-65,0,N/A
2026-02-11 05:30:38,Ma_Box_Maison,FF:FF:FF:EE:EE:EE,1,-30,5,Jitter/Timing Anomaly
2026-02-11 05:30:39,Ma_Box_Maison,AA:BB:CC:11:22:33,1,-56,5,RSSI Spike (2.8σ)
2026-02-11 05:30:39,Ma_B0x_Maison,FF:EE:DD:44:55:66,1,-63,0,N/A
2026-02-11 05:30:39,Ma_Box_Maison,FF:FF:FF:EE:EE:EE,1,-30,5,Jitter/Timing Anomaly
2026-02-11 05:30:41,Ma_Box_Maison,AA:BB:CC:11:22:33,1,-57,5,RSSI Spike (2.8σ)
2026-02-11 05:30:41,Ma_B0x_Maison,FF:EE:DD:44:55:66,1,-62,0,N/A
2026-02-11 05:30:41,Ma_Box_Maison,FF:FF:FF:EE:EE:EE,1,-30,5,Jitter/Timing Anomaly
2026-02-11 05:30:42,Ma_Box_Maison,AA:BB:CC:11:22:33,1,-61,5,RSSI Spike (2.8σ)
2026-02-11 05:30:42,Ma_B0x_Maison,FF:EE:DD:44:55:66,1,-62,0,N/A
2026-02-11 05:30:42,Ma_Box_Maison,FF:FF:FF:EE:EE:EE,1,-30,5,Jitter/Timing Anomaly
2026-02-11 05:30:44,Ma_Box_Maison,AA:BB:CC:11:22:33,1,-56,5,RSSI Spike (2.8σ)
2026-02-11 05:30:44,Ma_B0x_Maison,FF:EE:DD:44:55:66,1,-62,0,N/A
2026-02-11 05:30:44,Ma_Box_Maison,FF:FF:FF:EE:EE:EE,1,-30,5,Jitter/Timing Anomaly
2026-02-11 05:30:45,Ma_Box_Maison,AA:BB:CC:11:22:33,1,-62,5,RSSI Spike (2.8σ)
2026-02-11 05:30:45,Ma_B0x_Maison,FF:EE:DD:44:55:66,1,-65,0,N/A
2026-02-11 05:30:45,Ma_Box_Maison,FF:FF:FF:EE:EE:EE,1,-30,5,Jitter/Timing Anomaly
2026-02-11 05:30:47,Ma_Box_Maison,AA:BB:CC:11:22:33,1,-59,5,RSSI Spike (2.8σ)
2026-02-11 05:30:47,Ma_B0x_Maison,FF:EE:DD:44:55:66,1,-67,0,N/A
2026-02-11 05:30:47,Ma_Box_Maison,FF:FF:FF:EE:EE:EE,1,-30,5,Jitter/Timing Anomaly
2026-02-11 05:30:48,Ma_Box_Maison,AA:BB:CC:11:22:33,1,-65,5,RSSI Spike (2.8σ)
2026-02-11 05:30:48,Ma_B0x_Maison,FF:EE:DD:44:55:66,1,-65,0,N/A
2026-02-11 05:30:48,Ma_Box_Maison,FF:FF:FF:EE:EE:EE,1,-30,5,Jitter/Timing Anomaly
2026-02-11 05:30:50,Ma_Box_Maison,AA:BB:CC:11:22:33,1,-60,5,RSSI Spike (2.8σ)
2026-02-11 05:30:50,Ma_B0x_Maison,FF:EE:DD:44:55:66,1,-70,0,N/A
2026-02-11 05:30:50,Ma_Box_Maison,FF:FF:FF:EE:EE:EE,1,-30,5,Jitter/Timing Anomaly
2026-02-11 05:30:51,Ma_Box_Maison,AA:BB:CC:11:22:33,1,-63,5,RSSI Spike (2.8σ)
2026-02-11 05:30:51,Ma_B0x_Maison,FF:EE:DD:44:55:66,1,-67,0,N/A
2026-02-11 05:30:51,Ma_Box_Maison,FF:FF:FF:EE:EE:EE,1,-30,5,Jitter/Timing Anomaly
2026-02-11 05:30:53,Ma_Box_Maison,AA:BB:CC:11:22:33,1,-65,5,RSSI Spike (2.8σ)
2026-02-11 05:30:53,Ma_B0x_Maison,FF:EE:DD:44:55:66,1,-64,0,N/A
2026-02-11 05:30:53,Ma_Box_Maison,FF:FF:FF:EE:EE:EE,1,-30,5,Jitter/Timing Anomaly
2026-02-11 05:30:54,Ma_Box_Maison,AA:BB:CC:11:22:33,1,-61,5,RSSI Spike (2.8σ)
2026-02-11 05:30:54,Ma_B0x_Maison,FF:EE:DD:44:55:66,1,-64,0,N/A
2026-02-11 05:30:54,Ma_Box_Maison,FF:FF:FF:EE:EE:EE,1,-30,5,Jitter/Timing Anomaly
2026-02-11 05:30:56,Ma_Box_Maison,AA:BB:CC:11:22:33,1,-59,5,RSSI Spike (2.8σ)
2026-02-11 05:30:56,Ma_B0x_Maison,FF:EE:DD:44:55:66,1,-61,0,N/A
2026-02-11 05:30:56,Ma_Box_Maison,FF:FF:FF:EE:EE:EE,1,-30,5,Jitter/Timing Anomaly
2026-02-11 05:30:57,Ma_Box_Maison,AA:BB:CC:11:22:33,1,-61,5,RSSI Spike (2.8σ)
2026-02-11 05:30:57,Ma_B0x_Maison,FF:EE:DD:44:55:66,1,-69,0,N/A
2026-02-11 05:30:57,Ma_Box_Maison,FF:FF:FF:EE:EE:EE,1,-30,5,Jitter/Timing Anomaly
2026-02-11 05:30:59,Ma_Box_Maison,AA:BB:CC:11:22:33,1,-57,5,RSSI Spike (2.8σ)
2026-02-11 05:30:59,Ma_B0x_Maison,FF:EE:DD:44:55:66,1,-67,0,N/A
2026-02-11 05:30:59,Ma_Box_Maison,FF:FF:FF:EE:EE:EE,1,-30,5,Jitter/Timing Anomaly
2026-02-11 05:31:00,Ma_Box_Maison,AA:BB:CC:11:22:33,1,-62,5,RSSI Spike (2.8σ)
2026-02-11 05:31:00,Ma_B0x_Maison,FF:EE:DD:44:55:66,1,-62,0,N/A
2026-02-11 05:31:00,Ma_Box_Maison,FF:FF:FF:EE:EE:EE,1,-30,5,Jitter/Timing Anomaly
2026-02-11 05:31:02,Ma_Box_Maison,AA:BB:CC:11:22:33,1,-60,5,RSSI Spike (2.8σ)
2026-02-11 05:31:02,Ma_B0x_Maison,FF:EE:DD:44:55:66,1,-68,0,N/A
2026-02-11 05:31:02,Ma_Box_Maison,FF:FF:FF:EE:EE:EE,1,-30,5,Jitter/Timing Anomaly
2026-02-11 05:31:03,Ma_Box_Maison,AA:BB:CC:11:22:33,1,-55,5,RSSI Spike (2.8σ)
2026-02-11 05:31:03,Ma_B0x_Maison,FF:EE:DD:44:55:66,1,-67,0,N/A
2026-02-11 05:31:03,Ma_Box_Maison,FF:FF:FF:EE:EE:EE,1,-30,5,Jitter/Timing Anomaly
2026-02-11 05:31:05,Ma_Box_Maison,AA:BB:CC:11:22:33,1,-59,5,RSSI Spike (2.8σ)
2026-02-11 05:31:05,Ma_B0x_Maison,FF:EE:DD:44:55:66,1,-65,0,N/A
2026-02-11 05:31:05,Ma_Box_Maison,FF:FF:FF:EE:EE:EE,1,-30,5,Jitter/Timing Anomaly
2026-02-11 05:31:06,Ma_Box_Maison,AA:BB:CC:11:22:33,1,-59,5,RSSI Spike (2.8σ)
2026-02-11 05:31:06,Ma_B0x_Maison,FF:EE:DD:44:55:66,1,-66,0,N/A
2026-02-11 05:31:06,Ma_Box_Maison,FF:FF:FF:EE:EE:EE,1,-30,5,Jitter/Timing Anomaly
2026-02-11 05:31:08,Ma_Box_Maison,AA:BB:CC:11:22:33,1,-56,5,RSSI Spike (2.8σ)
2026-02-11 05:31:08,Ma_B0x_Maison,FF:EE:DD:44:55:66,1,-68,0,N/A
2026-02-11 05:31:08,Ma_Box_Maison,FF:FF:FF:EE:EE:EE,1,-30,5,Jitter/Timing Anomaly
2026-02-11 05:31:09,Ma_Box_Maison,AA:BB:CC:11:22:33,1,-57,5,RSSI Spike (2.8σ)
2026-02-11 05:31:09,Ma_B0x_Maison,FF:EE:DD:44:55:66,1,-60,0,N/A
2026-02-11 05:31:09,Ma_Box_Maison,FF:FF:FF:EE:EE:EE,1,-30,5,Jitter/Timing Anomaly
2026-02-11 05:31:11,Ma_Box_Maison,AA:BB:CC:11:22:33,1,-62,5,RSSI Spike (2.8σ)
2026-02-11 05:31:11,Ma_B0x_Maison,FF:EE:DD:44:55:66,1,-61,0,N/A
2026-02-11 05:31:11,Ma_Box_Maison,FF:FF:FF:EE:EE:EE,1,-30,5,Jitter/Timing Anomaly
2026-02-11 05:31:12,Ma_Box_Maison,AA:BB:CC:11:22:33,1,-57,5,RSSI Spike (2.8σ)
2026-02-11 05:31:12,Ma_B0x_Maison,FF:EE:DD:44:55:66,1,-63,0,N/A
2026-02-11 05:31:12,Ma_Box_Maison,FF:FF:FF:EE:EE:EE,1,-30,5,Jitter/Timing Anomaly
2026-02-11 05:31:14,Ma_Box_Maison,AA:BB:CC:11:22:33,1,-61,5,RSSI Spike (2.8σ)
2026-02-11 05:31:14,Ma_B0x_Maison,FF:EE:DD:44:55:66,1,-65,0,N/A
2026-02-11 05:31:14,Ma_Box_Maison,FF:FF:FF:EE:EE:EE,1,-30,5,Jitter/Timing Anomaly
2026-02-11 05:31:15,Ma_Box_Maison,AA:BB:CC:11:22:33,1,-64,5,RSSI Spike (2.8σ)
2026-02-11 05:31:15,Ma_B0x_Maison,FF:EE:DD:44:55:66,1,-65,0,N/A
2026-02-11 05:31:15,Ma_Box_Maison,FF:FF:FF:EE:EE:EE,1,-30,5,Jitter/Timing Anomaly
2026-02-11 05:31:17,Ma_Box_Maison,AA:BB:CC:11:22:33,1,-60,5,RSSI Spike (2.8σ)
2026-02-11 05:31:17,Ma_B0x_Maison,FF:EE:DD:44:55:66,1,-66,0,N/A
2026-02-11 05:31:17,Ma_Box_Maison,FF:FF:FF:EE:EE:EE,1,-30,5,Jitter/Timing Anomaly
2026-02-11 05:31:18,Ma_Box_Maison,AA:BB:CC:11:22:33,1,-55,5,RSSI Spike (2.8σ)
2026-02-11 05:31:18,Ma_B0x_Maison,FF:EE:DD:44:55:66,1,-67,0,N/A
2026-02-11 05:31:18,Ma_Box_Maison,FF:FF:FF:EE:EE:EE,1,-30,5,Jitter/Timing Anomaly
2026-02-11 05:31:20,Ma_Box_Maison,AA:BB:CC:11:22:33,1,-62,5,RSSI Spike (2.8σ)
2026-02-11 05:31:20,Ma_B0x_Maison,FF:EE:DD:44:55:66,1,-62,0,N/A
2026-02-11 05:31:20,Ma_Box_Maison,FF:FF:FF:EE:EE:EE,1,-30,5,Jitter/Timing Anomaly
2026-02-11 05:31:21,Ma_Box_Maison,AA:BB:CC:11:22:33,1,-64,5,RSSI Spike (2.8σ)
2026-02-11 05:31:21,Ma_B0x_Maison,FF:EE:DD:44:55:66,1,-61,0,N/A
2026-02-11 05:31:21,Ma_Box_Maison,FF:FF:FF:EE:EE:EE,1,-30,5,Jitter/Timing Anomaly
2026-02-11 05:31:23,Ma_Box_Maison,AA:BB:CC:11:22:33,1,-55,5,RSSI Spike (2.8σ)
2026-02-11 05:31:23,Ma_B0x_Maison,FF:EE:DD:44:55:66,1,-60,0,N/A
2026-02-11 05:31:23,Ma_Box_Maison,FF:FF:FF:EE:EE:EE,1,-30,5,Jitter/Timing Anomaly
2026-02-11 05:31:24,Ma_Box_Maison,AA:BB:CC:11:22:33,1,-62,5,RSSI Spike (2.8σ)
2026-02-11 05:31:24,Ma_B0x_Maison,FF:EE:DD:44:55:66,1,-62,0,N/A
2026-02-11 05:31:24,Ma_Box_Maison,FF:FF:FF:EE:EE:EE,1,-30,5,Jitter/Timing Anomaly
2026-02-11 05:31:26,Ma_Box_Maison,AA:BB:CC:11:22:33,1,-57,5,RSSI Spike (2.8σ)
2026-02-11 05:31:26,Ma_B0x_Maison,FF:EE:DD:44:55:66,1,-69,0,N/A
2026-02-11 05:31:26,Ma_Box_Maison,FF:FF:FF:EE:EE:EE,1,-30,5,Jitter/Timing Anomaly
2026-02-11 05:31:27,Ma_Box_Maison,AA:BB:CC:11:22:33,1,-58,5,RSSI Spike (2.8σ)
2026-02-11 05:31:27,Ma_B0x_Maison,FF:EE:DD:44:55:66,1,-62,0,N/A
2026-02-11 05:31:27,Ma_Box_Maison,FF:FF:FF:EE:EE:EE,1,-30,5,Jitter/Timing Anomaly
2026-02-11 05:31:29,Ma_Box_Maison,AA:BB:CC:11:22:33,1,-64,5,RSSI Spike (2.8σ)
2026-02-11 05:31:29,Ma_B0x_Maison,FF:EE:DD:44:55:66,1,-62,0,N/A
2026-02-11 05:31:29,Ma_Box_Maison,FF:FF:FF:EE:EE:EE,1,-30,5,Jitter/Timing Anomaly
2026-02-11 05:31:31,Ma_Box_Maison,AA:BB:CC:11:22:33,1,-56,5,RSSI Spike (2.8σ)
2026-02-11 05:31:31,Ma_B0x_Maison,FF:EE:DD:44:55:66,1,-60,0,N/A
2026-02-11 05:31:31,Ma_Box_Maison,FF:FF:FF:EE:EE:EE,1,-30,5,Jitter/Timing Anomaly
2026-02-11 05:31:32,Ma_Box_Maison,AA:BB:CC:11:22:33,1,-64,5,RSSI Spike (2.8σ)
2026-02-11 05:31:32,Ma_B0x_Maison,FF:EE:DD:44:55:66,1,-62,0,N/A
2026-02-11 05:31:32,Ma_Box_Maison,FF:FF:FF:EE:EE:EE,1,-30,5,Jitter/Timing Anomaly
2026-02-11 05:31:34,Ma_Box_Maison,AA:BB:CC:11:22:33,1,-59,5,RSSI Spike (2.8σ)
2026-02-11 05:31:34,Ma_B0x_Maison,FF:EE:DD:44:55:66,1,-69,0,N/A
2026-02-11 05:31:34,Ma_Box_Maison,FF:FF:FF:EE:EE:EE,1,-30,5,Jitter/Timing Anomaly
2026-02-11 05:31:35,Ma_Box_Maison,AA:BB:CC:11:22:33,1,-60,5,RSSI Spike (2.8σ)
2026-02-11 05:31:35,Ma_B0x_Maison,FF:EE:DD:44:55:66,1,-70,0,N/A
2026-02-11 05:31:35,Ma_Box_Maison,FF:FF:FF:EE:EE:EE,1,-30,5,Jitter/Timing Anomaly
2026-02-11 05:31:37,Ma_Box_Maison,AA:BB:CC:11:22:33,1,-60,5,RSSI Spike (2.8σ)
2026-02-11 05:31:37,Ma_B0x_Maison,FF:EE:DD:44:55:66,1,-64,0,N/A
2026-02-11 05:31:37,Ma_Box_Maison,FF:FF:FF:EE:EE:EE,1,-30,5,Jitter/Timing Anomaly
2026-02-11 05:31:38,Ma_Box_Maison,AA:BB:CC:11:22:33,1,-56,5,RSSI Spike (2.8σ)
2026-02-11 05:31:38,Ma_B0x_Maison,FF:EE:DD:44:55:66,1,-60,0,N/A
2026-02-11 05:31:38,Ma_Box_Maison,FF:FF:FF:EE:EE:EE,1,-30,5,Jitter/Timing Anomaly
2026-02-11 05:31:40,Ma_Box_Maison,AA:BB:CC:11:22:33,1,-58,5,RSSI Spike (2.8σ)
2026-02-11 05:31:40,Ma_B0x_Maison,FF:EE:DD:44:55:66,1,-60,0,N/A
2026-02-11 05:31:40,Ma_Box_Maison,FF:FF:FF:EE:EE:EE,1,-30,5,Jitter/Timing Anomaly
2026-02-11 05:31:41,Ma_Box_Maison,AA:BB:CC:11:22:33,1,-63,5,RSSI Spike (2.8σ)
2026-02-11 05:31:41,Ma_B0x_Maison,FF:EE:DD:44:55:66,1,-70,0,N/A
2026-02-11 05:31:41,Ma_Box_Maison,FF:FF:FF:EE:EE:EE,1,-30,5,Jitter/Timing Anomaly
2026-02-11 05:31:43,Ma_Box_Maison,AA:BB:CC:11:22:33,1,-62,5,RSSI Spike (2.8σ)
2026-02-11 05:31:43,Ma_B0x_Maison,FF:EE:DD:44:55:66,1,-62,0,N/A
2026-02-11 05:31:43,Ma_Box_Maison,FF:FF:FF:EE:EE:EE,1,-30,5,Jitter/Timing Anomaly
2026-02-11 05:31:44,Ma_Box_Maison,AA:BB:CC:11:22:33,1,-62,5,RSSI Spike (2.8σ)
2026-02-11 05:31:44,Ma_B0x_Maison,FF:EE:DD:44:55:66,1,-61,0,N/A
2026-02-11 05:31:44,Ma_Box_Maison,FF:FF:FF:EE:EE:EE,1,-30,5,Jitter/Timing Anomaly
2026-02-11 05:31:46,Ma_Box_Maison,AA:BB:CC:11:22:33,1,-65,5,RSSI Spike (2.8σ)
2026-02-11 05:31:46,Ma_B0x_Maison,FF:EE:DD:44:55:66,1,-64,0,N/A
2026-02-11 05:31:46,Ma_Box_Maison,FF:FF:FF:EE:EE:EE,1,-30,5,Jitter/Timing Anomaly
2026-02-11 05:31:47,Ma_Box_Maison,AA:BB:CC:11:22:33,1,-64,5,RSSI Spike (2.8σ)
2026-02-11 05:31:47,Ma_B0x_Maison,FF:EE:DD:44:55:66,1,-68,0,N/A
2026-02-11 05:31:47,Ma_Box_Maison,FF:FF:FF:EE:EE:EE,1,-30,5,Jitter/Timing Anomaly
2026-02-11 05:31:49,Ma_Box_Maison,AA:BB:CC:11:22:33,1,-60,5,RSSI Spike (2.8σ)
2026-02-11 05:31:49,Ma_B0x_Maison,FF:EE:DD:44:55:66,1,-61,0,N/A
2026-02-11 05:31:49,Ma_Box_Maison,FF:FF:FF:EE:EE:EE,1,-30,5,Jitter/Timing Anomaly
2026-02-11 05:31:50,Ma_Box_Maison,AA:BB:CC:11:22:33,1,-62,5,RSSI Spike (2.8σ)
2026-02-11 05:31:50,Ma_B0x_Maison,FF:EE:DD:44:55:66,1,-61,0,N/A
2026-02-11 05:31:50,Ma_Box_Maison,FF:FF:FF:EE:EE:EE,1,-30,5,Jitter/Timing Anomaly
2026-02-11 05:31:52,Ma_Box_Maison,AA:BB:CC:11:22:33,1,-55,5,RSSI Spike (2.8σ)
2026-02-11 05:31:52,Ma_B0x_Maison,FF:EE:DD:44:55:66,1,-68,0,N/A
2026-02-11 05:31:52,Ma_Box_Maison,FF:FF:FF:EE:EE:EE,1,-30,5,Jitter/Timing Anomaly
2026-02-11 05:31:53,Ma_Box_Maison,AA:BB:CC:11:22:33,1,-60,5,RSSI Spike (2.8σ)
2026-02-11 05:31:53,Ma_B0x_Maison,FF:EE:DD:44:55:66,1,-63,0,N/A
2026-02-11 05:31:53,Ma_Box_Maison,FF:FF:FF:EE:EE:EE,1,-30,5,Jitter/Timing Anomaly
2026-02-11 05:31:55,Ma_Box_Maison,AA:BB:CC:11:22:33,1,-56,5,RSSI Spike (2.8σ)
2026-02-11 05:31:55,Ma_B0x_Maison,FF:EE:DD:44:55:66,1,-68,0,N/A
2026-02-11 05:31:55,Ma_Box_Maison,FF:FF:FF:EE:EE:EE,1,-30,5,Jitter/Timing Anomaly
2026-02-11 05:31:56,Ma_Box_Maison,AA:BB:CC:11:22:33,1,-60,5,RSSI Spike (2.8σ)
2026-02-11 05:31:56,Ma_B0x_Maison,FF:EE:DD:44:55:66,1,-61,0,N/A
2026-02-11 05:31:56,Ma_Box_Maison,FF:FF:FF:EE:EE:EE,1,-30,5,Jitter/Timing Anomaly
2026-02-11 05:31:58,Ma_Box_Maison,AA:BB:CC:11:22:33,1,-61,5,RSSI Spike (2.8σ)
2026-02-11 05:31:58,Ma_B0x_Maison,FF:EE:DD:44:55:66,1,-66,0,N/A
2026-02-11 05:31:58,Ma_Box_Maison,FF:FF:FF:EE:EE:EE,1,-30,5,Jitter/Timing Anomaly
2026-02-11 05:31:59,Ma_Box_Maison,AA:BB:CC:11:22:33,1,-57,5,RSSI Spike (2.8σ)
2026-02-11 05:31:59,Ma_B0x_Maison,FF:EE:DD:44:55:66,1,-70,0,N/A
2026-02-11 05:31:59,Ma_Box_Maison,FF:FF:FF:EE:EE:EE,1,-30,5,Jitter/Timing Anomaly
2026-02-11 05:32:01,Ma_Box_Maison,AA:BB:CC:11:22:33,1,-60,5,RSSI Spike (2.8σ)
2026-02-11 05:32:01,Ma_B0x_Maison,FF:EE:DD:44:55:66,1,-61,0,N/A
2026-02-11 05:32:01,Ma_Box_Maison,FF:FF:FF:EE:EE:EE,1,-30,5,Jitter/Timing Anomaly
2026-02-11 05:32:02,Ma_Box_Maison,AA:BB:CC:11:22:33,1,-62,5,RSSI Spike (2.8σ)
2026-02-11 05:32:02,Ma_B0x_Maison,FF:EE:DD:44:55:66,1,-65,0,N/A
2026-02-11 05:32:02,Ma_Box_Maison,FF:FF:FF:EE:EE:EE,1,-30,5,Jitter/Timing Anomaly
2026-02-11 05:32:04,Ma_Box_Maison,AA:BB:CC:11:22:33,1,-63,5,RSSI Spike (2.8σ)
2026-02-11 05:32:04,Ma_B0x_Maison,FF:EE:DD:44:55:66,1,-69,0,N/A
2026-02-11 05:32:04,Ma_Box_Maison,FF:FF:FF:EE:EE:EE,1,-30,5,Jitter/Timing Anomaly
2026-02-11 05:32:05,Ma_Box_Maison,AA:BB:CC:11:22:33,1,-63,5,RSSI Spike (2.8σ)
2026-02-11 05:32:05,Ma_B0x_Maison,FF:EE:DD:44:55:66,1,-70,0,N/A
2026-02-11 05:32:05,Ma_Box_Maison,FF:FF:FF:EE:EE:EE,1,-30,5,Jitter/Timing Anomaly
2026-02-11 05:32:07,Ma_Box_Maison,AA:BB:CC:11:22:33,1,-60,5,RSSI Spike (2.8σ)
2026-02-11 05:32:07,Ma_B0x_Maison,FF:EE:DD:44:55:66,1,-69,0,N/A
2026-02-11 05:32:07,Ma_Box_Maison,FF:FF:FF:EE:EE:EE,1,-30,5,Jitter/Timing Anomaly
2026-02-11 05:32:08,Ma_Box_Maison,AA:BB:CC:11:22:33,1,-63,5,RSSI Spike (2.8σ)
2026-02-11 05:32:08,Ma_B0x_Maison,FF:EE:DD:44:55:66,1,-61,0,N/A
2026-02-11 05:32:08,Ma_Box_Maison,FF:FF:FF:EE:EE:EE,1,-30,5,Jitter/Timing Anomaly
2026-02-11 05:32:10,Ma_Box_Maison,AA:BB:CC:11:22:33,1,-60,5,RSSI Spike (2.8σ)
2026-02-11 05:32:10,Ma_B0x_Maison,FF:EE:DD:44:55:66,1,-64,0,N/A
2026-02-11 05:32:10,Ma_Box_Maison,FF:FF:FF:EE:EE:EE,1,-30,5,Jitter/Timing Anomaly
2026-02-11 05:32:11,Ma_Box_Maison,AA:BB:CC:11:22:33,1,-59,5,RSSI Spike (2.8σ)
2026-02-11 05:32:11,Ma_B0x_Maison,FF:EE:DD:44:55:66,1,-69,0,N/A
2026-02-11 05:32:11,Ma_Box_Maison,FF:FF:FF:EE:EE:EE,1,-30,5,Jitter/Timing Anomaly
2026-02-11 05:32:13,Ma_Box_Maison,AA:BB:CC:11:22:33,1,-64,5,RSSI Spike (2.8σ)
2026-02-11 05:32:13,Ma_B0x_Maison,FF:EE:DD:44:55:66,1,-67,0,N/A
2026-02-11 05:32:13,Ma_Box_Maison,FF:FF:FF:EE:EE:EE,1,-30,5,Jitter/Timing Anomaly
2026-02-11 05:32:14,Ma_Box_Maison,AA:BB:CC:11:22:33,1,-58,5,RSSI Spike (2.8σ)
2026-02-11 05:32:14,Ma_B0x_Maison,FF:EE:DD:44:55:66,1,-63,0,N/A
2026-02-11 05:32:14,Ma_Box_Maison,FF:FF:FF:EE:EE:EE,1,-30,5,Jitter/Timing Anomaly
2026-02-11 05:32:16,Ma_Box_Maison,AA:BB:CC:11:22:33,1,-62,5,RSSI Spike (2.8σ)
2026-02-11 05:32:16,Ma_B0x_Maison,FF:EE:DD:44:55:66,1,-65,0,N/A
2026-02-11 05:32:16,Ma_Box_Maison,FF:FF:FF:EE:EE:EE,1,-30,5,Jitter/Timing Anomaly
2026-02-11 05:32:17,Ma_Box_Maison,AA:BB:CC:11:22:33,1,-57,5,RSSI Spike (2.8σ)
2026-02-11 05:32:17,Ma_B0x_Maison,FF:EE:DD:44:55:66,1,-68,0,N/A
2026-02-11 05:32:17,Ma_Box_Maison,FF:FF:FF:EE:EE:EE,1,-30,5,Jitter/Timing Anomaly
2026-02-11 05:32:19,Ma_Box_Maison,AA:BB:CC:11:22:33,1,-59,5,RSSI Spike (2.8σ)
2026-02-11 05:32:19,Ma_B0x_Maison,FF:EE:DD:44:55:66,1,-65,0,N/A
2026-02-11 05:32:19,Ma_Box_Maison,FF:FF:FF:EE:EE:EE,1,-30,5,Jitter/Timing Anomaly
2026-02-11 05:32:20,Ma_Box_Maison,AA:BB:CC:11:22:33,1,-56,5,RSSI Spike (2.8σ)
2026-02-11 05:32:20,Ma_B0x_Maison,FF:EE:DD:44:55:66,1,-63,0,N/A
2026-02-11 05:32:20,Ma_Box_Maison,FF:FF:FF:EE:EE:EE,1,-30,5,Jitter/Timing Anomaly
2026-02-11 05:32:22,Ma_Box_Maison,AA:BB:CC:11:22:33,1,-63,5,RSSI Spike (2.8σ)
2026-02-11 05:32:22,Ma_B0x_Maison,FF:EE:DD:44:55:66,1,-62,0,N/A
2026-02-11 05:32:22,Ma_Box_Maison,FF:FF:FF:EE:EE:EE,1,-30,5,Jitter/Timing Anomaly
2026-02-11 05:32:23,Ma_Box_Maison,AA:BB:CC:11:22:33,1,-55,5,RSSI Spike (2.8σ)
2026-02-11 05:32:23,Ma_B0x_Maison,FF:EE:DD:44:55:66,1,-65,0,N/A
2026-02-11 05:32:23,Ma_Box_Maison,FF:FF:FF:EE:EE:EE,1,-30,5,Jitter/Timing Anomaly
2026-02-11 05:32:25,Ma_Box_Maison,AA:BB:CC:11:22:33,1,-59,5,RSSI Spike (2.8σ)
2026-02-11 05:32:25,Ma_B0x_Maison,FF:EE:DD:44:55:66,1,-65,0,N/A
2026-02-11 05:32:25,Ma_Box_Maison,FF:FF:FF:EE:EE:EE,1,-30,5,Jitter/Timing Anomaly
2026-02-11 05:32:26,Ma_Box_Maison,AA:BB:CC:11:22:33,1,-61,5,RSSI Spike (2.8σ)
2026-02-11 05:32:26,Ma_B0x_Maison,FF:EE:DD:44:55:66,1,-68,0,N/A
2026-02-11 05:32:26,Ma_Box_Maison,FF:FF:FF:EE:EE:EE,1,-30,5,Jitter/Timing Anomaly
2026-02-11 05:32:28,Ma_Box_Maison,AA:BB:CC:11:22:33,1,-58,5,RSSI Spike (2.8σ)
2026-02-11 05:32:28,Ma_B0x_Maison,FF:EE:DD:44:55:66,1,-63,0,N/A
2026-02-11 05:32:28,Ma_Box_Maison,FF:FF:FF:EE:EE:EE,1,-30,5,Jitter/Timing Anomaly
2026-02-11 05:32:29,Ma_Box_Maison,AA:BB:CC:11:22:33,1,-64,5,RSSI Spike (2.8σ)
2026-02-11 05:32:29,Ma_B0x_Maison,FF:EE:DD:44:55:66,1,-65,0,N/A
2026-02-11 05:32:29,Ma_Box_Maison,FF:FF:FF:EE:EE:EE,1,-30,5,Jitter/Timing Anomaly
2026-02-11 05:32:31,Ma_Box_Maison,AA:BB:CC:11:22:33,1,-58,5,RSSI Spike (2.8σ)
2026-02-11 05:32:31,Ma_B0x_Maison,FF:EE:DD:44:55:66,1,-62,0,N/A
2026-02-11 05:32:31,Ma_Box_Maison,FF:FF:FF:EE:EE:EE,1,-30,5,Jitter/Timing Anomaly
2026-02-11 05:32:32,Ma_Box_Maison,AA:BB:CC:11:22:33,1,-57,5,RSSI Spike (2.8σ)
2026-02-11 05:32:32,Ma_B0x_Maison,FF:EE:DD:44:55:66,1,-64,0,N/A
2026-02-11 05:32:32,Ma_Box_Maison,FF:FF:FF:EE:EE:EE,1,-30,5,Jitter/Timing Anomaly
2026-02-11 05:32:34,Ma_Box_Maison,AA:BB:CC:11:22:33,1,-65,5,RSSI Spike (2.8σ)
2026-02-11 05:32:34,Ma_B0x_Maison,FF:EE:DD:44:55:66,1,-70,0,N/A
2026-02-11 05:32:34,Ma_Box_Maison,FF:FF:FF:EE:EE:EE,1,-30,5,Jitter/Timing Anomaly
2026-02-11 05:32:35,Ma_Box_Maison,AA:BB:CC:11:22:33,1,-58,5,RSSI Spike (2.8σ)
2026-02-11 05:32:35,Ma_B0x_Maison,FF:EE:DD:44:55:66,1,-63,0,N/A
2026-02-11 05:32:35,Ma_Box_Maison,FF:FF:FF:EE:EE:EE,1,-30,5,Jitter/Timing Anomaly
2026-02-11 05:32:37,Ma_Box_Maison,AA:BB:CC:11:22:33,1,-57,5,RSSI Spike (2.8σ)
2026-02-11 05:32:37,Ma_B0x_Maison,FF:EE:DD:44:55:66,1,-62,0,N/A
2026-02-11 05:32:37,Ma_Box_Maison,FF:FF:FF:EE:EE:EE,1,-30,5,Jitter/Timing Anomaly
2026-02-11 05:32:38,Ma_Box_Maison,AA:BB:CC:11:22:33,1,-59,5,RSSI Spike (2.8σ)
2026-02-11 05:32:38,Ma_B0x_Maison,FF:EE:DD:44:55:66,1,-65,0,N/A
2026-02-11 05:32:38,Ma_Box_Maison,FF:FF:FF:EE:EE:EE,1,-30,5,Jitter/Timing Anomaly
2026-02-11 05:32:40,Ma_Box_Maison,AA:BB:CC:11:22:33,1,-56,5,RSSI Spike (2.8σ)
2026-02-11 05:32:40,Ma_B0x_Maison,FF:EE:DD:44:55:66,1,-67,0,N/A
2026-02-11 05:32:40,Ma_Box_Maison,FF:FF:FF:EE:EE:EE,1,-30,5,Jitter/Timing Anomaly
2026-02-11 05:32:41,Ma_Box_Maison,AA:BB:CC:11:22:33,1,-59,5,RSSI Spike (2.8σ)
2026-02-11 05:32:41,Ma_B0x_Maison,FF:EE:DD:44:55:66,1,-67,0,N/A
2026-02-11 05:32:41,Ma_Box_Maison,FF:FF:FF:EE:EE:EE,1,-30,5,Jitter/Timing Anomaly
2026-02-11 05:32:43,Ma_Box_Maison,AA:BB:CC:11:22:33,1,-63,5,RSSI Spike (2.8σ)
2026-02-11 05:32:43,Ma_B0x_Maison,FF:EE:DD:44:55:66,1,-70,0,N/A
2026-02-11 05:32:43,Ma_Box_Maison,FF:FF:FF:EE:EE:EE,1,-30,5,Jitter/Timing Anomaly
2026-02-11 05:32:44,Ma_Box_Maison,AA:BB:CC:11:22:33,1,-58,5,RSSI Spike (2.8σ)
2026-02-11 05:32:44,Ma_B0x_Maison,FF:EE:DD:44:55:66,1,-70,0,N/A
2026-02-11 05:32:44,Ma_Box_Maison,FF:FF:FF:EE:EE:EE,1,-30,5,Jitter/Timing Anomaly
2026-02-11 05:32:46,Ma_Box_Maison,AA:BB:CC:11:22:33,1,-60,5,RSSI Spike (2.8σ)
2026-02-11 05:32:46,Ma_B0x_Maison,FF:EE:DD:44:55:66,1,-66,0,N/A
2026-02-11 05:32:46,Ma_Box_Maison,FF:FF:FF:EE:EE:EE,1,-30,5,Jitter/Timing Anomaly
2026-02-11 05:32:47,Ma_Box_Maison,AA:BB:CC:11:22:33,1,-58,5,RSSI Spike (2.8σ)
2026-02-11 05:32:47,Ma_B0x_Maison,FF:EE:DD:44:55:66,1,-66,0,N/A
2026-02-11 05:32:47,Ma_Box_Maison,FF:FF:FF:EE:EE:EE,1,-30,5,Jitter/Timing Anomaly
2026-02-11 05:32:49,Ma_Box_Maison,AA:BB:CC:11:22:33,1,-57,5,RSSI Spike (2.8σ)
2026-02-11 05:32:49,Ma_B0x_Maison,FF:EE:DD:44:55:66,1,-61,0,N/A
2026-02-11 05:32:49,Ma_Box_Maison,FF:FF:FF:EE:EE:EE,1,-30,5,Jitter/Timing Anomaly
2026-02-11 05:32:50,Ma_Box_Maison,AA:BB:CC:11:22:33,1,-58,5,RSSI Spike (2.8σ)
2026-02-11 05:32:50,Ma_B0x_Maison,FF:EE:DD:44:55:66,1,-63,0,N/A
2026-02-11 05:32:50,Ma_Box_Maison,FF:FF:FF:EE:EE:EE,1,-30,5,Jitter/Timing Anomaly
2026-02-11 05:32:52,Ma_Box_Maison,AA:BB:CC:11:22:33,1,-64,5,RSSI Spike (2.8σ)
2026-02-11 05:32:52,Ma_B0x_Maison,FF:EE:DD:44:55:66,1,-70,0,N/A
2026-02-11 05:32:52,Ma_Box_Maison,FF:FF:FF:EE:EE:EE,1,-30,5,Jitter/Timing Anomaly
2026-02-11 05:32:53,Ma_Box_Maison,AA:BB:CC:11:22:33,1,-64,5,RSSI Spike (2.8σ)
2026-02-11 05:32:53,Ma_B0x_Maison,FF:EE:DD:44:55:66,1,-61,0,N/A
2026-02-11 05:32:53,Ma_Box_Maison,FF:FF:FF:EE:EE:EE,1,-30,5,Jitter/Timing Anomaly
2026-02-11 05:32:55,Ma_Box_Maison,AA:BB:CC:11:22:33,1,-65,5,RSSI Spike (2.8σ)
2026-02-11 05:32:55,Ma_B0x_Maison,FF:EE:DD:44:55:66,1,-67,0,N/A
2026-02-11 05:32:55,Ma_Box_Maison,FF:FF:FF:EE:EE:EE,1,-30,5,Jitter/Timing Anomaly
2026-02-11 05:32:56,Ma_Box_Maison,AA:BB:CC:11:22:33,1,-61,5,RSSI Spike (2.8σ)
2026-02-11 05:32:56,Ma_B0x_Maison,FF:EE:DD:44:55:66,1,-67,0,N/A
2026-02-11 05:32:56,Ma_Box_Maison,FF:FF:FF:EE:EE:EE,1,-30,5,Jitter/Timing Anomaly
2026-02-11 05:32:58,Ma_Box_Maison,AA:BB:CC:11:22:33,1,-56,5,RSSI Spike (2.8σ)
2026-02-11 05:32:58,Ma_B0x_Maison,FF:EE:DD:44:55:66,1,-61,0,N/A
2026-02-11 05:32:58,Ma_Box_Maison,FF:FF:FF:EE:EE:EE,1,-30,5,Jitter/Timing Anomaly
2026-02-11 05:32:59,Ma_Box_Maison,AA:BB:CC:11:22:33,1,-65,5,RSSI Spike (2.8σ)
2026-02-11 05:32:59,Ma_B0x_Maison,FF:EE:DD:44:55:66,1,-67,0,N/A
2026-02-11 05:32:59,Ma_Box_Maison,FF:FF:FF:EE:EE:EE,1,-30,5,Jitter/Timing Anomaly
2026-02-11 05:33:01,Ma_Box_Maison,AA:BB:CC:11:22:33,1,-61,5,RSSI Spike (2.8σ)
2026-02-11 05:33:01,Ma_B0x_Maison,FF:EE:DD:44:55:66,1,-69,0,N/A
2026-02-11 05:33:01,Ma_Box_Maison,FF:FF:FF:EE:EE:EE,1,-30,5,Jitter/Timing Anomaly
2026-02-11 05:33:02,Ma_Box_Maison,AA:BB:CC:11:22:33,1,-62,5,RSSI Spike (2.8σ)
2026-02-11 05:33:02,Ma_B0x_Maison,FF:EE:DD:44:55:66,1,-68,0,N/A
2026-02-11 05:33:02,Ma_Box_Maison,FF:FF:FF:EE:EE:EE,1,-30,5,Jitter/Timing Anomaly
2026-02-11 05:33:04,Ma_Box_Maison,AA:BB:CC:11:22:33,1,-56,5,RSSI Spike (2.8σ)
2026-02-11 05:33:04,Ma_B0x_Maison,FF:EE:DD:44:55:66,1,-70,0,N/A
2026-02-11 05:33:04,Ma_Box_Maison,FF:FF:FF:EE:EE:EE,1,-30,5,Jitter/Timing Anomaly
2026-02-11 05:33:05,Ma_Box_Maison,AA:BB:CC:11:22:33,1,-60,5,RSSI Spike (2.8σ)
2026-02-11 05:33:05,Ma_B0x_Maison,FF:EE:DD:44:55:66,1,-69,0,N/A
2026-02-11 05:33:05,Ma_Box_Maison,FF:FF:FF:EE:EE:EE,1,-30,5,Jitter/Timing Anomaly
2026-02-11 05:33:07,Ma_Box_Maison,AA:BB:CC:11:22:33,1,-56,5,RSSI Spike (2.8σ)
2026-02-11 05:33:07,Ma_B0x_Maison,FF:EE:DD:44:55:66,1,-70,0,N/A
2026-02-11 05:33:07,Ma_Box_Maison,FF:FF:FF:EE:EE:EE,1,-30,5,Jitter/Timing Anomaly
2026-02-11 05:33:08,Ma_Box_Maison,AA:BB:CC:11:22:33,1,-63,5,RSSI Spike (2.8σ)
2026-02-11 05:33:08,Ma_B0x_Maison,FF:EE:DD:44:55:66,1,-65,0,N/A
2026-02-11 05:33:08,Ma_Box_Maison,FF:FF:FF:EE:EE:EE,1,-30,5,Jitter/Timing Anomaly
2026-02-11 05:33:10,Ma_Box_Maison,AA:BB:CC:11:22:33,1,-61,5,RSSI Spike (2.8σ)
2026-02-11 05:33:10,Ma_B0x_Maison,FF:EE:DD:44:55:66,1,-64,0,N/A
2026-02-11 05:33:10,Ma_Box_Maison,FF:FF:FF:EE:EE:EE,1,-30,5,Jitter/Timing Anomaly
2026-02-11 05:33:11,Ma_Box_Maison,AA:BB:CC:11:22:33,1,-55,5,RSSI Spike (2.8σ)
2026-02-11 05:33:11,Ma_B0x_Maison,FF:EE:DD:44:55:66,1,-61,0,N/A
2026-02-11 05:33:11,Ma_Box_Maison,FF:FF:FF:EE:EE:EE,1,-30,5,Jitter/Timing Anomaly
2026-02-11 05:33:13,Ma_Box_Maison,AA:BB:CC:11:22:33,1,-65,5,RSSI Spike (2.8σ)
2026-02-11 05:33:13,Ma_B0x_Maison,FF:EE:DD:44:55:66,1,-70,0,N/A
2026-02-11 05:33:13,Ma_Box_Maison,FF:FF:FF:EE:EE:EE,1,-30,5,Jitter/Timing Anomaly
2026-02-11 05:33:14,Ma_Box_Maison,AA:BB:CC:11:22:33,1,-60,5,RSSI Spike (2.8σ)
2026-02-11 05:33:14,Ma_B0x_Maison,FF:EE:DD:44:55:66,1,-63,0,N/A
2026-02-11 05:33:14,Ma_Box_Maison,FF:FF:FF:EE:EE:EE,1,-30,5,Jitter/Timing Anomaly
2026-02-11 05:33:16,Ma_Box_Maison,AA:BB:CC:11:22:33,1,-57,5,RSSI Spike (2.8σ)
2026-02-11 05:33:16,Ma_B0x_Maison,FF:EE:DD:44:55:66,1,-67,0,N/A
2026-02-11 05:33:16,Ma_Box_Maison,FF:FF:FF:EE:EE:EE,1,-30,5,Jitter/Timing Anomaly
2026-02-11 05:33:17,Ma_Box_Maison,AA:BB:CC:11:22:33,1,-64,5,RSSI Spike (2.8σ)
2026-02-11 05:33:17,Ma_B0x_Maison,FF:EE:DD:44:55:66,1,-61,0,N/A
2026-02-11 05:33:17,Ma_Box_Maison,FF:FF:FF:EE:EE:EE,1,-30,5,Jitter/Timing Anomaly
2026-02-11 05:33:19,Ma_Box_Maison,AA:BB:CC:11:22:33,1,-59,5,RSSI Spike (2.8σ)
2026-02-11 05:33:19,Ma_B0x_Maison,FF:EE:DD:44:55:66,1,-70,0,N/A
2026-02-11 05:33:19,Ma_Box_Maison,FF:FF:FF:EE:EE:EE,1,-30,5,Jitter/Timing Anomaly
2026-02-11 05:33:20,Ma_Box_Maison,AA:BB:CC:11:22:33,1,-63,5,RSSI Spike (2.8σ)
2026-02-11 05:33:20,Ma_B0x_Maison,FF:EE:DD:44:55:66,1,-70,0,N/A
2026-02-11 05:33:20,Ma_Box_Maison,FF:FF:FF:EE:EE:EE,1,-30,5,Jitter/Timing Anomaly
2026-02-11 05:33:22,Ma_Box_Maison,AA:BB:CC:11:22:33,1,-56,5,RSSI Spike (2.8σ)
2026-02-11 05:33:22,Ma_B0x_Maison,FF:EE:DD:44:55:66,1,-61,0,N/A
2026-02-11 05:33:22,Ma_Box_Maison,FF:FF:FF:EE:EE:EE,1,-30,5,Jitter/Timing Anomaly
2026-02-11 05:33:23,Ma_Box_Maison,AA:BB:CC:11:22:33,1,-56,5,RSSI Spike (2.8σ)
2026-02-11 05:33:23,Ma_B0x_Maison,FF:EE:DD:44:55:66,1,-66,0,N/A
2026-02-11 05:33:23,Ma_Box_Maison,FF:FF:FF:EE:EE:EE,1,-30,5,Jitter/Timing Anomaly
2026-02-11 05:33:25,Ma_Box_Maison,AA:BB:CC:11:22:33,1,-55,5,RSSI Spike (2.8σ)
2026-02-11 05:33:25,Ma_B0x_Maison,FF:EE:DD:44:55:66,1,-64,0,N/A
2026-02-11 05:33:25,Ma_Box_Maison,FF:FF:FF:EE:EE:EE,1,-30,5,Jitter/Timing Anomaly
2026-02-11 05:33:26,Ma_Box_Maison,AA:BB:CC:11:22:33,1,-58,5,RSSI Spike (2.8σ)
2026-02-11 05:33:26,Ma_B0x_Maison,FF:EE:DD:44:55:66,1,-62,0,N/A
2026-02-11 05:33:26,Ma_Box_Maison,FF:FF:FF:EE:EE:EE,1,-30,5,Jitter/Timing Anomaly
2026-02-11 05:33:28,Ma_Box_Maison,AA:BB:CC:11:22:33,1,-60,5,RSSI Spike (2.8σ)
2026-02-11 05:33:28,Ma_B0x_Maison,FF:EE:DD:44:55:66,1,-70,0,N/A
2026-02-11 05:33:28,Ma_Box_Maison,FF:FF:FF:EE:EE:EE,1,-30,5,Jitter/Timing Anomaly
2026-02-11 05:33:29,Ma_Box_Maison,AA:BB:CC:11:22:33,1,-55,5,RSSI Spike (2.8σ)
2026-02-11 05:33:29,Ma_B0x_Maison,FF:EE:DD:44:55:66,1,-64,0,N/A
2026-02-11 05:33:29,Ma_Box_Maison,FF:FF:FF:EE:EE:EE,1,-30,5,Jitter/Timing Anomaly
2026-02-11 05:33:31,Ma_Box_Maison,AA:BB:CC:11:22:33,1,-61,5,RSSI Spike (2.8σ)
2026-02-11 05:33:31,Ma_B0x_Maison,FF:EE:DD:44:55:66,1,-66,0,N/A
2026-02-11 05:33:31,Ma_Box_Maison,FF:FF:FF:EE:EE:EE,1,-30,5,Jitter/Timing Anomaly
2026-02-11 05:33:32,Ma_Box_Maison,AA:BB:CC:11:22:33,1,-55,5,RSSI Spike (2.8σ)
2026-02-11 05:33:32,Ma_B0x_Maison,FF:EE:DD:44:55:66,1,-65,0,N/A
2026-02-11 05:33:32,Ma_Box_Maison,FF:FF:FF:EE:EE:EE,1,-30,5,Jitter/Timing Anomaly
2026-02-11 05:33:34,Ma_Box_Maison,AA:BB:CC:11:22:33,1,-65,5,RSSI Spike (2.8σ)
2026-02-11 05:33:34,Ma_B0x_Maison,FF:EE:DD:44:55:66,1,-68,0,N/A
2026-02-11 05:33:34,Ma_Box_Maison,FF:FF:FF:EE:EE:EE,1,-30,5,Jitter/Timing Anomaly
2026-02-11 05:33:35,Ma_Box_Maison,AA:BB:CC:11:22:33,1,-56,5,RSSI Spike (2.8σ)
2026-02-11 05:33:35,Ma_B0x_Maison,FF:EE:DD:44:55:66,1,-69,0,N/A
2026-02-11 05:33:35,Ma_Box_Maison,FF:FF:FF:EE:EE:EE,1,-30,5,Jitter/Timing Anomaly
2026-02-11 05:33:37,Ma_Box_Maison,AA:BB:CC:11:22:33,1,-61,5,RSSI Spike (2.8σ)
2026-02-11 05:33:37,Ma_B0x_Maison,FF:EE:DD:44:55:66,1,-68,0,N/A
2026-02-11 05:33:37,Ma_Box_Maison,FF:FF:FF:EE:EE:EE,1,-30,5,Jitter/Timing Anomaly
2026-02-11 05:33:38,Ma_Box_Maison,AA:BB:CC:11:22:33,1,-56,5,RSSI Spike (2.8σ)
2026-02-11 05:33:38,Ma_B0x_Maison,FF:EE:DD:44:55:66,1,-65,0,N/A
2026-02-11 05:33:38,Ma_Box_Maison,FF:FF:FF:EE:EE:EE,1,-30,5,Jitter/Timing Anomaly
2026-02-11 05:33:40,Ma_Box_Maison,AA:BB:CC:11:22:33,1,-57,5,RSSI Spike (2.8σ)
2026-02-11 05:33:40,Ma_B0x_Maison,FF:EE:DD:44:55:66,1,-68,0,N/A
2026-02-11 05:33:40,Ma_Box_Maison,FF:FF:FF:EE:EE:EE,1,-30,5,Jitter/Timing Anomaly
2026-02-11 05:33:41,Ma_Box_Maison,AA:BB:CC:11:22:33,1,-65,5,RSSI Spike (2.8σ)
2026-02-11 05:33:41,Ma_B0x_Maison,FF:EE:DD:44:55:66,1,-67,0,N/A
2026-02-11 05:33:41,Ma_Box_Maison,FF:FF:FF:EE:EE:EE,1,-30,5,Jitter/Timing Anomaly
2026-02-11 05:33:43,Ma_Box_Maison,AA:BB:CC:11:22:33,1,-59,5,RSSI Spike (2.8σ)
2026-02-11 05:33:43,Ma_B0x_Maison,FF:EE:DD:44:55:66,1,-62,2,RSSI Spike (3.1σ)
2026-02-11 05:33:43,Ma_Box_Maison,FF:FF:FF:EE:EE:EE,1,-30,5,Jitter/Timing Anomaly
2026-02-11 05:33:44,Ma_Box_Maison,AA:BB:CC:11:22:33,1,-55,5,RSSI Spike (2.8σ)
2026-02-11 05:33:44,Ma_B0x_Maison,FF:EE:DD:44:55:66,1,-61,2,RSSI Spike (3.0σ)
2026-02-11 05:33:44,Ma_Box_Maison,FF:FF:FF:EE:EE:EE,1,-30,5,Jitter/Timing Anomaly
2026-02-11 05:33:46,Ma_Box_Maison,AA:BB:CC:11:22:33,1,-64,5,RSSI Spike (2.8σ)
2026-02-11 05:33:46,Ma_B0x_Maison,FF:EE:DD:44:55:66,1,-62,2,RSSI Spike (3.0σ)
2026-02-11 05:33:46,Ma_Box_Maison,FF:FF:FF:EE:EE:EE,1,-30,5,Jitter/Timing Anomaly
2026-02-11 05:33:47,Ma_Box_Maison,AA:BB:CC:11:22:33,1,-59,5,RSSI Spike (2.8σ)
2026-02-11 05:33:47,Ma_B0x_Maison,FF:EE:DD:44:55:66,1,-67,2,RSSI Spike (3.0σ)
2026-02-11 05:33:47,Ma_Box_Maison,FF:FF:FF:EE:EE:EE,1,-30,5,Jitter/Timing Anomaly
2026-02-11 05:33:49,Ma_Box_Maison,AA:BB:CC:11:22:33,1,-60,5,RSSI Spike (2.8σ)
2026-02-11 05:33:49,Ma_B0x_Maison,FF:EE:DD:44:55:66,1,-67,2,RSSI Spike (3.0σ)
2026-02-11 05:33:49,Ma_Box_Maison,FF:FF:FF:EE:EE:EE,1,-30,5,Jitter/Timing Anomaly
2026-02-11 05:33:50,Ma_Box_Maison,AA:BB:CC:11:22:33,1,-58,5,RSSI Spike (2.8σ)
2026-02-11 05:33:50,Ma_B0x_Maison,FF:EE:DD:44:55:66,1,-66,2,RSSI Spike (3.0σ)
2026-02-11 05:33:50,Ma_Box_Maison,FF:FF:FF:EE:EE:EE,1,-30,5,Jitter/Timing Anomaly
2026-02-11 05:33:52,Ma_Box_Maison,AA:BB:CC:11:22:33,1,-58,5,RSSI Spike (2.8σ)
2026-02-11 05:33:52,Ma_B0x_Maison,FF:EE:DD:44:55:66,1,-63,2,RSSI Spike (3.0σ)
2026-02-11 05:33:52,Ma_Box_Maison,FF:FF:FF:EE:EE:EE,1,-30,5,Jitter/Timing Anomaly
2026-02-11 05:33:53,Ma_Box_Maison,AA:BB:CC:11:22:33,1,-64,5,RSSI Spike (2.8σ)
2026-02-11 05:33:53,Ma_B0x_Maison,FF:EE:DD:44:55:66,1,-70,2,RSSI Spike (3.0σ)
2026-02-11 05:33:53,Ma_Box_Maison,FF:FF:FF:EE:EE:EE,1,-30,5,Jitter/Timing Anomaly
2026-02-11 05:33:55,Ma_Box_Maison,AA:BB:CC:11:22:33,1,-57,5,RSSI Spike (2.8σ)
2026-02-11 05:33:55,Ma_B0x_Maison,FF:EE:DD:44:55:66,1,-70,2,RSSI Spike (3.0σ)
2026-02-11 05:33:55,Ma_Box_Maison,FF:FF:FF:EE:EE:EE,1,-30,5,Jitter/Timing Anomaly
2026-02-11 05:33:56,Ma_Box_Maison,AA:BB:CC:11:22:33,1,-61,5,RSSI Spike (2.8σ)
2026-02-11 05:33:56,Ma_B0x_Maison,FF:EE:DD:44:55:66,1,-61,2,RSSI Spike (3.0σ)
2026-02-11 05:33:56,Ma_Box_Maison,FF:FF:FF:EE:EE:EE,1,-30,5,Jitter/Timing Anomaly
2026-02-11 05:33:58,Ma_Box_Maison,AA:BB:CC:11:22:33,1,-61,5,RSSI Spike (2.8σ)
2026-02-11 05:33:58,Ma_B0x_Maison,FF:EE:DD:44:55:66,1,-64,2,RSSI Spike (3.0σ)
2026-02-11 05:33:58,Ma_Box_Maison,FF:FF:FF:EE:EE:EE,1,-30,5,Jitter/Timing Anomaly
2026-02-11 05:33:59,Ma_Box_Maison,AA:BB:CC:11:22:33,1,-55,5,RSSI Spike (2.8σ)
2026-02-11 05:33:59,Ma_B0x_Maison,FF:EE:DD:44:55:66,1,-69,2,RSSI Spike (3.0σ)
2026-02-11 05:33:59,Ma_Box_Maison,FF:FF:FF:EE:EE:EE,1,-30,5,Jitter/Timing Anomaly
2026-02-11 05:34:01,Ma_Box_Maison,AA:BB:CC:11:22:33,1,-59,5,RSSI Spike (2.8σ)
2026-02-11 05:34:01,Ma_B0x_Maison,FF:EE:DD:44:55:66,1,-61,2,RSSI Spike (3.0σ)
2026-02-11 05:34:01,Ma_Box_Maison,FF:FF:FF:EE:EE:EE,1,-30,5,Jitter/Timing Anomaly
2026-02-11 05:34:02,Ma_Box_Maison,AA:BB:CC:11:22:33,1,-56,5,RSSI Spike (2.8σ)
2026-02-11 05:34:02,Ma_B0x_Maison,FF:EE:DD:44:55:66,1,-64,2,RSSI Spike (3.0σ)
2026-02-11 05:34:02,Ma_Box_Maison,FF:FF:FF:EE:EE:EE,1,-30,5,Jitter/Timing Anomaly
2026-02-11 05:34:04,Ma_Box_Maison,AA:BB:CC:11:22:33,1,-56,5,RSSI Spike (2.8σ)
2026-02-11 05:34:04,Ma_B0x_Maison,FF:EE:DD:44:55:66,1,-62,2,RSSI Spike (3.0σ)
2026-02-11 05:34:04,Ma_Box_Maison,FF:FF:FF:EE:EE:EE,1,-30,5,Jitter/Timing Anomaly
2026-02-11 05:34:06,Ma_Box_Maison,AA:BB:CC:11:22:33,1,-55,5,RSSI Spike (2.8σ)
2026-02-11 05:34:06,Ma_B0x_Maison,FF:EE:DD:44:55:66,1,-70,2,RSSI Spike (3.0σ)
2026-02-11 05:34:06,Ma_Box_Maison,FF:FF:FF:EE:EE:EE,1,-30,5,Jitter/Timing Anomaly
2026-02-11 05:34:07,Ma_Box_Maison,AA:BB:CC:11:22:33,1,-58,5,RSSI Spike (2.8σ)
2026-02-11 05:34:07,Ma_B0x_Maison,FF:EE:DD:44:55:66,1,-66,2,RSSI Spike (3.0σ)
2026-02-11 05:34:07,Ma_Box_Maison,FF:FF:FF:EE:EE:EE,1,-30,5,Jitter/Timing Anomaly
2026-02-11 05:34:09,Ma_Box_Maison,AA:BB:CC:11:22:33,1,-65,5,RSSI Spike (2.8σ)
2026-02-11 05:34:09,Ma_B0x_Maison,FF:EE:DD:44:55:66,1,-64,2,RSSI Spike (3.0σ)
2026-02-11 05:34:09,Ma_Box_Maison,FF:FF:FF:EE:EE:EE,1,-30,5,Jitter/Timing Anomaly
2026-02-11 05:34:10,Ma_Box_Maison,AA:BB:CC:11:22:33,1,-55,5,RSSI Spike (2.8σ)
2026-02-11 05:34:10,Ma_B0x_Maison,FF:EE:DD:44:55:66,1,-66,2,RSSI Spike (3.0σ)
2026-02-11 05:34:10,Ma_Box_Maison,FF:FF:FF:EE:EE:EE,1,-30,5,Jitter/Timing Anomaly
2026-02-11 05:34:12,Ma_Box_Maison,AA:BB:CC:11:22:33,1,-55,5,RSSI Spike (2.8σ)
2026-02-11 05:34:12,Ma_B0x_Maison,FF:EE:DD:44:55:66,1,-62,2,RSSI Spike (3.0σ)
2026-02-11 05:34:12,Ma_Box_Maison,FF:FF:FF:EE:EE:EE,1,-30,5,Jitter/Timing Anomaly
2026-02-11 05:34:13,Ma_Box_Maison,AA:BB:CC:11:22:33,1,-63,5,RSSI Spike (2.8σ)
2026-02-11 05:34:13,Ma_B0x_Maison,FF:EE:DD:44:55:66,1,-61,2,RSSI Spike (3.0σ)
2026-02-11 05:34:13,Ma_Box_Maison,FF:FF:FF:EE:EE:EE,1,-30,5,Jitter/Timing Anomaly
2026-02-11 05:34:15,Ma_Box_Maison,AA:BB:CC:11:22:33,1,-55,5,RSSI Spike (2.8σ)
2026-02-11 05:34:15,Ma_B0x_Maison,FF:EE:DD:44:55:66,1,-63,2,RSSI Spike (3.0σ)
2026-02-11 05:34:15,Ma_Box_Maison,FF:FF:FF:EE:EE:EE,1,-30,5,Jitter/Timing Anomaly
2026-02-11 05:34:16,Ma_Box_Maison,AA:BB:CC:11:22:33,1,-55,5,RSSI Spike (2.8σ)
2026-02-11 05:34:16,Ma_B0x_Maison,FF:EE:DD:44:55:66,1,-70,2,RSSI Spike (3.0σ)
2026-02-11 05:34:16,Ma_Box_Maison,FF:FF:FF:EE:EE:EE,1,-30,5,Jitter/Timing Anomaly
2026-02-11 05:34:18,Ma_Box_Maison,AA:BB:CC:11:22:33,1,-55,5,RSSI Spike (2.8σ)
2026-02-11 05:34:18,Ma_B0x_Maison,FF:EE:DD:44:55:66,1,-63,2,RSSI Spike (3.0σ)
2026-02-11 05:34:18,Ma_Box_Maison,FF:FF:FF:EE:EE:EE,1,-30,5,Jitter/Timing Anomaly
2026-02-11 05:34:19,Ma_Box_Maison,AA:BB:CC:11:22:33,1,-55,5,RSSI Spike (2.8σ)
2026-02-11 05:34:19,Ma_B0x_Maison,FF:EE:DD:44:55:66,1,-63,2,RSSI Spike (3.0σ)
2026-02-11 05:34:19,Ma_Box_Maison,FF:FF:FF:EE:EE:EE,1,-30,5,Jitter/Timing Anomaly
2026-02-11 05:34:21,Ma_Box_Maison,AA:BB:CC:11:22:33,1,-62,5,RSSI Spike (2.8σ)
2026-02-11 05:34:21,Ma_B0x_Maison,FF:EE:DD:44:55:66,1,-65,2,RSSI Spike (3.0σ)
2026-02-11 05:34:21,Ma_Box_Maison,FF:FF:FF:EE:EE:EE,1,-30,5,Jitter/Timing Anomaly
2026-02-11 05:34:22,Ma_Box_Maison,AA:BB:CC:11:22:33,1,-62,5,RSSI Spike (2.8σ)
2026-02-11 05:34:22,Ma_B0x_Maison,FF:EE:DD:44:55:66,1,-61,2,RSSI Spike (3.0σ)
2026-02-11 05:34:22,Ma_Box_Maison,FF:FF:FF:EE:EE:EE,1,-30,5,Jitter/Timing Anomaly
2026-02-11 05:34:24,Ma_Box_Maison,AA:BB:CC:11:22:33,1,-63,5,RSSI Spike (2.8σ)
2026-02-11 05:34:24,Ma_B0x_Maison,FF:EE:DD:44:55:66,1,-64,2,RSSI Spike (3.0σ)
2026-02-11 05:34:24,Ma_Box_Maison,FF:FF:FF:EE:EE:EE,1,-30,5,Jitter/Timing Anomaly
2026-02-11 05:34:25,Ma_Box_Maison,AA:BB:CC:11:22:33,1,-58,5,RSSI Spike (2.8σ)
2026-02-11 05:34:25,Ma_B0x_Maison,FF:EE:DD:44:55:66,1,-68,2,RSSI Spike (3.0σ)
2026-02-11 05:34:25,Ma_Box_Maison,FF:FF:FF:EE:EE:EE,1,-30,5,Jitter/Timing Anomaly
2026-02-11 05:34:27,Ma_Box_Maison,AA:BB:CC:11:22:33,1,-65,5,RSSI Spike (2.8σ)
2026-02-11 05:34:27,Ma_B0x_Maison,FF:EE:DD:44:55:66,1,-60,2,RSSI Spike (3.0σ)
2026-02-11 05:34:27,Ma_Box_Maison,FF:FF:FF:EE:EE:EE,1,-30,5,Jitter/Timing Anomaly
2026-02-11 05:34:28,Ma_Box_Maison,AA:BB:CC:11:22:33,1,-55,5,RSSI Spike (2.8σ)
2026-02-11 05:34:28,Ma_B0x_Maison,FF:EE:DD:44:55:66,1,-63,2,RSSI Spike (3.0σ)
2026-02-11 05:34:28,Ma_Box_Maison,FF:FF:FF:EE:EE:EE,1,-30,5,Jitter/Timing Anomaly
2026-02-11 05:34:30,Ma_Box_Maison,AA:BB:CC:11:22:33,1,-61,5,RSSI Spike (2.8σ)
2026-02-11 05:34:30,Ma_B0x_Maison,FF:EE:DD:44:55:66,1,-63,2,RSSI Spike (3.0σ)
2026-02-11 05:34:30,Ma_Box_Maison,FF:FF:FF:EE:EE:EE,1,-30,5,Jitter/Timing Anomaly
2026-02-11 05:34:31,Ma_Box_Maison,AA:BB:CC:11:22:33,1,-59,5,RSSI Spike (2.8σ)
2026-02-11 05:34:31,Ma_B0x_Maison,FF:EE:DD:44:55:66,1,-67,2,RSSI Spike (3.0σ)
2026-02-11 05:34:31,Ma_Box_Maison,FF:FF:FF:EE:EE:EE,1,-30,5,Jitter/Timing Anomaly
2026-02-11 05:34:33,Ma_Box_Maison,AA:BB:CC:11:22:33,1,-61,5,RSSI Spike (2.8σ)
2026-02-11 05:34:33,Ma_B0x_Maison,FF:EE:DD:44:55:66,1,-63,2,RSSI Spike (3.0σ)
2026-02-11 05:34:33,Ma_Box_Maison,FF:FF:FF:EE:EE:EE,1,-30,5,Jitter/Timing Anomaly
2026-02-11 05:34:34,Ma_Box_Maison,AA:BB:CC:11:22:33,1,-55,5,RSSI Spike (2.8σ)
2026-02-11 05:34:34,Ma_B0x_Maison,FF:EE:DD:44:55:66,1,-68,2,RSSI Spike (3.0σ)
2026-02-11 05:34:34,Ma_Box_Maison,FF:FF:FF:EE:EE:EE,1,-30,5,Jitter/Timing Anomaly
2026-02-11 05:34:36,Ma_Box_Maison,AA:BB:CC:11:22:33,1,-61,5,RSSI Spike (2.8σ)
2026-02-11 05:34:36,Ma_B0x_Maison,FF:EE:DD:44:55:66,1,-64,2,RSSI Spike (3.0σ)
2026-02-11 05:34:36,Ma_Box_Maison,FF:FF:FF:EE:EE:EE,1,-30,5,Jitter/Timing Anomaly
2026-02-11 05:34:37,Ma_Box_Maison,AA:BB:CC:11:22:33,1,-60,5,RSSI Spike (2.8σ)
2026-02-11 05:34:37,Ma_B0x_Maison,FF:EE:DD:44:55:66,1,-61,2,RSSI Spike (3.0σ)
2026-02-11 05:34:37,Ma_Box_Maison,FF:FF:FF:EE:EE:EE,1,-30,5,Jitter/Timing Anomaly
2026-02-11 05:34:39,Ma_Box_Maison,AA:BB:CC:11:22:33,1,-59,5,RSSI Spike (2.8σ)
2026-02-11 05:34:39,Ma_B0x_Maison,FF:EE:DD:44:55:66,1,-70,2,RSSI Spike (3.0σ)
2026-02-11 05:34:39,Ma_Box_Maison,FF:FF:FF:EE:EE:EE,1,-30,5,Jitter/Timing Anomaly
2026-02-11 05:34:40,Ma_Box_Maison,AA:BB:CC:11:22:33,1,-61,5,RSSI Spike (2.8σ)
2026-02-11 05:34:40,Ma_B0x_Maison,FF:EE:DD:44:55:66,1,-61,2,RSSI Spike (3.0σ)
2026-02-11 05:34:40,Ma_Box_Maison,FF:FF:FF:EE:EE:EE,1,-30,5,Jitter/Timing Anomaly
2026-02-11 05:34:42,Ma_Box_Maison,AA:BB:CC:11:22:33,1,-61,5,RSSI Spike (2.8σ)
2026-02-11 05:34:42,Ma_B0x_Maison,FF:EE:DD:44:55:66,1,-69,2,RSSI Spike (3.0σ)
2026-02-11 05:34:42,Ma_Box_Maison,FF:FF:FF:EE:EE:EE,1,-30,5,Jitter/Timing Anomaly
2026-02-11 05:34:43,Ma_Box_Maison,AA:BB:CC:11:22:33,1,-55,5,RSSI Spike (2.8σ)
2026-02-11 05:34:43,Ma_B0x_Maison,FF:EE:DD:44:55:66,1,-70,2,RSSI Spike (3.0σ)
2026-02-11 05:34:43,Ma_Box_Maison,FF:FF:FF:EE:EE:EE,1,-30,5,Jitter/Timing Anomaly
2026-02-11 05:34:45,Ma_Box_Maison,AA:BB:CC:11:22:33,1,-59,5,RSSI Spike (2.8σ)
2026-02-11 05:34:45,Ma_B0x_Maison,FF:EE:DD:44:55:66,1,-68,2,RSSI Spike (3.0σ)
2026-02-11 05:34:45,Ma_Box_Maison,FF:FF:FF:EE:EE:EE,1,-30,5,Jitter/Timing Anomaly
2026-02-11 05:34:46,Ma_Box_Maison,AA:BB:CC:11:22:33,1,-64,5,RSSI Spike (2.8σ)
2026-02-11 05:34:46,Ma_B0x_Maison,FF:EE:DD:44:55:66,1,-60,2,RSSI Spike (3.0σ)
2026-02-11 05:34:46,Ma_Box_Maison,FF:FF:FF:EE:EE:EE,1,-30,5,Jitter/Timing Anomaly
2026-02-11 05:34:48,Ma_Box_Maison,AA:BB:CC:11:22:33,1,-57,5,RSSI Spike (2.8σ)
2026-02-11 05:34:48,Ma_B0x_Maison,FF:EE:DD:44:55:66,1,-66,2,RSSI Spike (3.0σ)
2026-02-11 05:34:48,Ma_Box_Maison,FF:FF:FF:EE:EE:EE,1,-30,5,Jitter/Timing Anomaly
2026-02-11 05:34:49,Ma_Box_Maison,AA:BB:CC:11:22:33,1,-65,5,RSSI Spike (2.8σ)
2026-02-11 05:34:49,Ma_B0x_Maison,FF:EE:DD:44:55:66,1,-63,2,RSSI Spike (3.0σ)
2026-02-11 05:34:49,Ma_Box_Maison,FF:FF:FF:EE:EE:EE,1,-30,5,Jitter/Timing Anomaly
2026-02-11 05:34:51,Ma_Box_Maison,AA:BB:CC:11:22:33,1,-58,5,RSSI Spike (2.8σ)
2026-02-11 05:34:51,Ma_B0x_Maison,FF:EE:DD:44:55:66,1,-62,2,RSSI Spike (3.0σ)
2026-02-11 05:34:51,Ma_Box_Maison,FF:FF:FF:EE:EE:EE,1,-30,5,Jitter/Timing Anomaly
2026-02-11 05:34:52,Ma_Box_Maison,AA:BB:CC:11:22:33,1,-65,5,RSSI Spike (2.8σ)
2026-02-11 05:34:52,Ma_B0x_Maison,FF:EE:DD:44:55:66,1,-65,2,RSSI Spike (3.0σ)
2026-02-11 05:34:52,Ma_Box_Maison,FF:FF:FF:EE:EE:EE,1,-30,5,Jitter/Timing Anomaly
2026-02-11 05:34:54,Ma_Box_Maison,AA:BB:CC:11:22:33,1,-58,5,RSSI Spike (2.8σ)
2026-02-11 05:34:54,Ma_B0x_Maison,FF:EE:DD:44:55:66,1,-69,2,RSSI Spike (3.0σ)
2026-02-11 05:34:54,Ma_Box_Maison,FF:FF:FF:EE:EE:EE,1,-30,5,Jitter/Timing Anomaly
2026-02-11 05:34:55,Ma_Box_Maison,AA:BB:CC:11:22:33,1,-63,5,RSSI Spike (2.8σ)
2026-02-11 05:34:55,Ma_B0x_Maison,FF:EE:DD:44:55:66,1,-67,2,RSSI Spike (3.0σ)
2026-02-11 05:34:55,Ma_Box_Maison,FF:FF:FF:EE:EE:EE,1,-30,5,Jitter/Timing Anomaly
2026-02-11 05:34:57,Ma_Box_Maison,AA:BB:CC:11:22:33,1,-56,5,RSSI Spike (2.8σ)
2026-02-11 05:34:57,Ma_B0x_Maison,FF:EE:DD:44:55:66,1,-60,2,RSSI Spike (3.0σ)
2026-02-11 05:34:57,Ma_Box_Maison,FF:FF:FF:EE:EE:EE,1,-30,5,Jitter/Timing Anomaly
2026-02-11 05:34:58,Ma_Box_Maison,AA:BB:CC:11:22:33,1,-60,5,RSSI Spike (2.8σ)
2026-02-11 05:34:58,Ma_B0x_Maison,FF:EE:DD:44:55:66,1,-64,2,RSSI Spike (3.0σ)
2026-02-11 05:34:58,Ma_Box_Maison,FF:FF:FF:EE:EE:EE,1,-30,5,Jitter/Timing Anomaly
2026-02-11 05:35:00,Ma_Box_Maison,AA:BB:CC:11:22:33,1,-62,5,RSSI Spike (2.8σ)
2026-02-11 05:35:00,Ma_B0x_Maison,FF:EE:DD:44:55:66,1,-62,2,RSSI Spike (3.0σ)
2026-02-11 05:35:00,Ma_Box_Maison,FF:FF:FF:EE:EE:EE,1,-30,5,Jitter/Timing Anomaly
2026-02-11 05:35:01,Ma_Box_Maison,AA:BB:CC:11:22:33,1,-59,5,RSSI Spike (2.8σ)
2026-02-11 05:35:01,Ma_B0x_Maison,FF:EE:DD:44:55:66,1,-61,2,RSSI Spike (3.0σ)
2026-02-11 05:35:01,Ma_Box_Maison,FF:FF:FF:EE:EE:EE,1,-30,5,Jitter/Timing Anomaly
2026-02-11 05:35:03,Ma_Box_Maison,AA:BB:CC:11:22:33,1,-60,5,RSSI Spike (2.8σ)
2026-02-11 05:35:03,Ma_B0x_Maison,FF:EE:DD:44:55:66,1,-66,2,RSSI Spike (3.0σ)
2026-02-11 05:35:03,Ma_Box_Maison,FF:FF:FF:EE:EE:EE,1,-30,5,Jitter/Timing Anomaly
2026-02-11 05:35:04,Ma_Box_Maison,AA:BB:CC:11:22:33,1,-63,5,RSSI Spike (2.8σ)
2026-02-11 05:35:04,Ma_B0x_Maison,FF:EE:DD:44:55:66,1,-70,2,RSSI Spike (3.0σ)
2026-02-11 05:35:04,Ma_Box_Maison,FF:FF:FF:EE:EE:EE,1,-30,5,Jitter/Timing Anomaly
2026-02-11 05:35:06,Ma_Box_Maison,AA:BB:CC:11:22:33,1,-57,5,RSSI Spike (2.8σ)
2026-02-11 05:35:06,Ma_B0x_Maison,FF:EE:DD:44:55:66,1,-67,2,RSSI Spike (3.0σ)
2026-02-11 05:35:06,Ma_Box_Maison,FF:FF:FF:EE:EE:EE,1,-30,5,Jitter/Timing Anomaly
2026-02-11 05:35:07,Ma_Box_Maison,AA:BB:CC:11:22:33,1,-55,5,RSSI Spike (2.8σ)
2026-02-11 05:35:07,Ma_B0x_Maison,FF:EE:DD:44:55:66,1,-69,2,RSSI Spike (3.0σ)
2026-02-11 05:35:07,Ma_Box_Maison,FF:FF:FF:EE:EE:EE,1,-30,5,Jitter/Timing Anomaly
2026-02-11 05:35:09,Ma_Box_Maison,AA:BB:CC:11:22:33,1,-56,5,RSSI Spike (2.8σ)
2026-02-11 05:35:09,Ma_B0x_Maison,FF:EE:DD:44:55:66,1,-63,2,RSSI Spike (3.0σ)
2026-02-11 05:35:09,Ma_Box_Maison,FF:FF:FF:EE:EE:EE,1,-30,5,Jitter/Timing Anomaly
2026-02-11 05:35:10,Ma_Box_Maison,AA:BB:CC:11:22:33,1,-64,5,RSSI Spike (2.8σ)
2026-02-11 05:35:10,Ma_B0x_Maison,FF:EE:DD:44:55:66,1,-61,2,RSSI Spike (3.0σ)
2026-02-11 05:35:10,Ma_Box_Maison,FF:FF:FF:EE:EE:EE,1,-30,5,Jitter/Timing Anomaly
2026-02-11 05:35:12,Ma_Box_Maison,AA:BB:CC:11:22:33,1,-62,5,RSSI Spike (2.8σ)
2026-02-11 05:35:12,Ma_B0x_Maison,FF:EE:DD:44:55:66,1,-61,2,RSSI Spike (3.0σ)
2026-02-11 05:35:12,Ma_Box_Maison,FF:FF:FF:EE:EE:EE,1,-30,5,Jitter/Timing Anomaly
2026-02-11 05:35:13,Ma_Box_Maison,AA:BB:CC:11:22:33,1,-64,5,RSSI Spike (2.8σ)
2026-02-11 05:35:13,Ma_B0x_Maison,FF:EE:DD:44:55:66,1,-70,2,RSSI Spike (3.0σ)
2026-02-11 05:35:13,Ma_Box_Maison,FF:FF:FF:EE:EE:EE,1,-30,5,Jitter/Timing Anomaly
2026-02-11 05:35:15,Ma_Box_Maison,AA:BB:CC:11:22:33,1,-63,5,RSSI Spike (2.8σ)
2026-02-11 05:35:15,Ma_B0x_Maison,FF:EE:DD:44:55:66,1,-67,2,RSSI Spike (3.0σ)
2026-02-11 05:35:15,Ma_Box_Maison,FF:FF:FF:EE:EE:EE,1,-30,5,Jitter/Timing Anomaly
2026-02-11 05:35:16,Ma_Box_Maison,AA:BB:CC:11:22:33,1,-58,5,RSSI Spike (2.8σ)
2026-02-11 05:35:16,Ma_B0x_Maison,FF:EE:DD:44:55:66,1,-61,2,RSSI Spike (3.0σ)
2026-02-11 05:35:16,Ma_Box_Maison,FF:FF:FF:EE:EE:EE,1,-30,5,Jitter/Timing Anomaly
2026-02-11 05:35:18,Ma_Box_Maison,AA:BB:CC:11:22:33,1,-63,5,RSSI Spike (2.8σ)
2026-02-11 05:35:18,Ma_B0x_Maison,FF:EE:DD:44:55:66,1,-63,2,RSSI Spike (3.0σ)
2026-02-11 05:35:18,Ma_Box_Maison,FF:FF:FF:EE:EE:EE,1,-30,5,Jitter/Timing Anomaly
2026-02-11 05:35:19,Ma_Box_Maison,AA:BB:CC:11:22:33,1,-55,5,RSSI Spike (2.8σ)
2026-02-11 05:35:19,Ma_B0x_Maison,FF:EE:DD:44:55:66,1,-68,2,RSSI Spike (3.0σ)
2026-02-11 05:35:19,Ma_Box_Maison,FF:FF:FF:EE:EE:EE,1,-30,5,Jitter/Timing Anomaly
2026-02-11 05:35:21,Ma_Box_Maison,AA:BB:CC:11:22:33,1,-61,5,RSSI Spike (2.8σ)
2026-02-11 05:35:21,Ma_B0x_Maison,FF:EE:DD:44:55:66,1,-69,2,RSSI Spike (3.0σ)
2026-02-11 05:35:21,Ma_Box_Maison,FF:FF:FF:EE:EE:EE,1,-30,5,Jitter/Timing Anomaly
2026-02-11 05:35:22,Ma_Box_Maison,AA:BB:CC:11:22:33,1,-61,5,RSSI Spike (2.8σ)
2026-02-11 05:35:22,Ma_B0x_Maison,FF:EE:DD:44:55:66,1,-66,2,RSSI Spike (3.0σ)
2026-02-11 05:35:22,Ma_Box_Maison,FF:FF:FF:EE:EE:EE,1,-30,5,Jitter/Timing Anomaly
2026-02-11 05:35:24,Ma_Box_Maison,AA:BB:CC:11:22:33,1,-63,5,RSSI Spike (2.8σ)
2026-02-11 05:35:24,Ma_B0x_Maison,FF:EE:DD:44:55:66,1,-70,2,RSSI Spike (3.0σ)
2026-02-11 05:35:24,Ma_Box_Maison,FF:FF:FF:EE:EE:EE,1,-30,5,Jitter/Timing Anomaly
2026-02-11 05:35:25,Ma_Box_Maison,AA:BB:CC:11:22:33,1,-65,5,RSSI Spike (2.8σ)
2026-02-11 05:35:25,Ma_B0x_Maison,FF:EE:DD:44:55:66,1,-60,2,RSSI Spike (3.0σ)
2026-02-11 05:35:25,Ma_Box_Maison,FF:FF:FF:EE:EE:EE,1,-30,5,Jitter/Timing Anomaly
2026-02-11 05:35:27,Ma_Box_Maison,AA:BB:CC:11:22:33,1,-63,5,RSSI Spike (2.8σ)
2026-02-11 05:35:27,Ma_B0x_Maison,FF:EE:DD:44:55:66,1,-66,2,RSSI Spike (3.0σ)
2026-02-11 05:35:27,Ma_Box_Maison,FF:FF:FF:EE:EE:EE,1,-30,5,Jitter/Timing Anomaly
2026-02-11 05:35:28,Ma_Box_Maison,AA:BB:CC:11:22:33,1,-60,5,RSSI Spike (2.8σ)
2026-02-11 05:35:28,Ma_B0x_Maison,FF:EE:DD:44:55:66,1,-63,2,RSSI Spike (3.0σ)
2026-02-11 05:35:28,Ma_Box_Maison,FF:FF:FF:EE:EE:EE,1,-30,5,Jitter/Timing Anomaly
2026-02-11 05:35:30,Ma_Box_Maison,AA:BB:CC:11:22:33,1,-62,5,RSSI Spike (2.8σ)
2026-02-11 05:35:30,Ma_B0x_Maison,FF:EE:DD:44:55:66,1,-62,2,RSSI Spike (3.0σ)
2026-02-11 05:35:30,Ma_Box_Maison,FF:FF:FF:EE:EE:EE,1,-30,5,Jitter/Timing Anomaly
2026-02-11 05:35:31,Ma_Box_Maison,AA:BB:CC:11:22:33,1,-59,5,RSSI Spike (2.8σ)
2026-02-11 05:35:31,Ma_B0x_Maison,FF:EE:DD:44:55:66,1,-62,2,RSSI Spike (3.0σ)
2026-02-11 05:35:31,Ma_Box_Maison,FF:FF:FF:EE:EE:EE,1,-30,5,Jitter/Timing Anomaly
2026-02-11 05:35:33,Ma_Box_Maison,AA:BB:CC:11:22:33,1,-56,5,RSSI Spike (2.8σ)
2026-02-11 05:35:33,Ma_B0x_Maison,FF:EE:DD:44:55:66,1,-62,2,RSSI Spike (3.0σ)
2026-02-11 05:35:33,Ma_Box_Maison,FF:FF:FF:EE:EE:EE,1,-30,5,Jitter/Timing Anomaly
2026-02-11 05:35:34,Ma_Box_Maison,AA:BB:CC:11:22:33,1,-62,5,RSSI Spike (2.8σ)
2026-02-11 05:35:34,Ma_B0x_Maison,FF:EE:DD:44:55:66,1,-62,2,RSSI Spike (3.0σ)
2026-02-11 05:35:34,Ma_Box_Maison,FF:FF:FF:EE:EE:EE,1,-30,5,Jitter/Timing Anomaly
2026-02-11 05:35:36,Ma_Box_Maison,AA:BB:CC:11:22:33,1,-56,5,RSSI Spike (2.8σ)
2026-02-11 05:35:36,Ma_B0x_Maison,FF:EE:DD:44:55:66,1,-69,2,RSSI Spike (3.0σ)
2026-02-11 05:35:36,Ma_Box_Maison,FF:FF:FF:EE:EE:EE,1,-30,5,Jitter/Timing Anomaly
2026-02-11 05:35:37,Ma_Box_Maison,AA:BB:CC:11:22:33,1,-58,5,RSSI Spike (2.8σ)
2026-02-11 05:35:37,Ma_B0x_Maison,FF:EE:DD:44:55:66,1,-70,2,RSSI Spike (3.0σ)
2026-02-11 05:35:37,Ma_Box_Maison,FF:FF:FF:EE:EE:EE,1,-30,5,Jitter/Timing Anomaly
2026-02-11 05:35:39,Ma_Box_Maison,AA:BB:CC:11:22:33,1,-57,5,RSSI Spike (2.8σ)
2026-02-11 05:35:39,Ma_B0x_Maison,FF:EE:DD:44:55:66,1,-67,2,RSSI Spike (3.0σ)
2026-02-11 05:35:39,Ma_Box_Maison,FF:FF:FF:EE:EE:EE,1,-30,5,Jitter/Timing Anomaly
2026-02-11 05:35:40,Ma_Box_Maison,AA:BB:CC:11:22:33,1,-57,5,RSSI Spike (2.8σ)
2026-02-11 05:35:40,Ma_B0x_Maison,FF:EE:DD:44:55:66,1,-61,2,RSSI Spike (3.0σ)
2026-02-11 05:35:40,Ma_Box_Maison,FF:FF:FF:EE:EE:EE,1,-30,5,Jitter/Timing Anomaly
2026-02-11 05:35:42,Ma_Box_Maison,AA:BB:CC:11:22:33,1,-55,5,RSSI Spike (2.8σ)
2026-02-11 05:35:42,Ma_B0x_Maison,FF:EE:DD:44:55:66,1,-60,2,RSSI Spike (3.0σ)
2026-02-11 05:35:42,Ma_Box_Maison,FF:FF:FF:EE:EE:EE,1,-30,5,Jitter/Timing Anomaly
2026-02-11 05:35:43,Ma_Box_Maison,AA:BB:CC:11:22:33,1,-59,5,RSSI Spike (2.8σ)
2026-02-11 05:35:43,Ma_B0x_Maison,FF:EE:DD:44:55:66,1,-65,2,RSSI Spike (3.0σ)
2026-02-11 05:35:43,Ma_Box_Maison,FF:FF:FF:EE:EE:EE,1,-30,5,Jitter/Timing Anomaly
2026-02-11 05:35:45,Ma_Box_Maison,AA:BB:CC:11:22:33,1,-61,5,RSSI Spike (2.8σ)
2026-02-11 05:35:45,Ma_B0x_Maison,FF:EE:DD:44:55:66,1,-70,2,RSSI Spike (3.0σ)
2026-02-11 05:35:45,Ma_Box_Maison,FF:FF:FF:EE:EE:EE,1,-30,5,Jitter/Timing Anomaly
2026-02-11 05:35:46,Ma_Box_Maison,AA:BB:CC:11:22:33,1,-56,5,RSSI Spike (2.8σ)
2026-02-11 05:35:46,Ma_B0x_Maison,FF:EE:DD:44:55:66,1,-64,2,RSSI Spike (3.0σ)
2026-02-11 05:35:46,Ma_Box_Maison,FF:FF:FF:EE:EE:EE,1,-30,5,Jitter/Timing Anomaly
2026-02-11 05:35:48,Ma_Box_Maison,AA:BB:CC:11:22:33,1,-61,5,RSSI Spike (2.8σ)
2026-02-11 05:35:48,Ma_B0x_Maison,FF:EE:DD:44:55:66,1,-68,2,RSSI Spike (3.0σ)
2026-02-11 05:35:48,Ma_Box_Maison,FF:FF:FF:EE:EE:EE,1,-30,5,Jitter/Timing Anomaly
2026-02-11 05:35:49,Ma_Box_Maison,AA:BB:CC:11:22:33,1,-60,5,RSSI Spike (2.8σ)
2026-02-11 05:35:49,Ma_B0x_Maison,FF:EE:DD:44:55:66,1,-62,2,RSSI Spike (3.0σ)
2026-02-11 05:35:49,Ma_Box_Maison,FF:FF:FF:EE:EE:EE,1,-30,5,Jitter/Timing Anomaly
2026-02-11 05:35:51,Ma_Box_Maison,AA:BB:CC:11:22:33,1,-61,5,RSSI Spike (2.8σ)
2026-02-11 05:35:51,Ma_B0x_Maison,FF:EE:DD:44:55:66,1,-70,2,RSSI Spike (3.0σ)
2026-02-11 05:35:51,Ma_Box_Maison,FF:FF:FF:EE:EE:EE,1,-30,5,Jitter/Timing Anomaly
2026-02-11 05:35:52,Ma_Box_Maison,AA:BB:CC:11:22:33,1,-57,5,RSSI Spike (2.8σ)
2026-02-11 05:35:52,Ma_B0x_Maison,FF:EE:DD:44:55:66,1,-69,2,RSSI Spike (3.0σ)
2026-02-11 05:35:52,Ma_Box_Maison,FF:FF:FF:EE:EE:EE,1,-30,5,Jitter/Timing Anomaly
2026-02-11 05:35:54,Ma_Box_Maison,AA:BB:CC:11:22:33,1,-55,5,RSSI Spike (2.8σ)
2026-02-11 05:35:54,Ma_B0x_Maison,FF:EE:DD:44:55:66,1,-64,2,RSSI Spike (3.0σ)
2026-02-11 05:35:54,Ma_Box_Maison,FF:FF:FF:EE:EE:EE,1,-30,5,Jitter/Timing Anomaly
2026-02-11 05:35:55,Ma_Box_Maison,AA:BB:CC:11:22:33,1,-65,5,RSSI Spike (2.8σ)
2026-02-11 05:35:55,Ma_B0x_Maison,FF:EE:DD:44:55:66,1,-65,2,RSSI Spike (3.0σ)
2026-02-11 05:35:55,Ma_Box_Maison,FF:FF:FF:EE:EE:EE,1,-30,5,Jitter/Timing Anomaly
2026-02-11 05:35:57,Ma_Box_Maison,AA:BB:CC:11:22:33,1,-57,5,RSSI Spike (2.8σ)
2026-02-11 05:35:57,Ma_B0x_Maison,FF:EE:DD:44:55:66,1,-63,2,RSSI Spike (3.0σ)
2026-02-11 05:35:57,Ma_Box_Maison,FF:FF:FF:EE:EE:EE,1,-30,5,Jitter/Timing Anomaly
2026-02-11 05:35:58,Ma_Box_Maison,AA:BB:CC:11:22:33,1,-64,5,RSSI Spike (2.8σ)
2026-02-11 05:35:58,Ma_B0x_Maison,FF:EE:DD:44:55:66,1,-63,2,RSSI Spike (3.0σ)
2026-02-11 05:35:58,Ma_Box_Maison,FF:FF:FF:EE:EE:EE,1,-30,5,Jitter/Timing Anomaly
2026-02-11 05:36:00,Ma_Box_Maison,AA:BB:CC:11:22:33,1,-64,5,RSSI Spike (2.8σ)
2026-02-11 05:36:00,Ma_B0x_Maison,FF:EE:DD:44:55:66,1,-64,2,RSSI Spike (3.0σ)
2026-02-11 05:36:00,Ma_Box_Maison,FF:FF:FF:EE:EE:EE,1,-30,5,Jitter/Timing Anomaly
2026-02-11 05:36:01,Ma_Box_Maison,AA:BB:CC:11:22:33,1,-57,5,RSSI Spike (2.8σ)
2026-02-11 05:36:01,Ma_B0x_Maison,FF:EE:DD:44:55:66,1,-61,2,RSSI Spike (3.0σ)
2026-02-11 05:36:01,Ma_Box_Maison,FF:FF:FF:EE:EE:EE,1,-30,5,Jitter/Timing Anomaly
2026-02-11 05:36:03,Ma_Box_Maison,AA:BB:CC:11:22:33,1,-58,5,RSSI Spike (2.8σ)
2026-02-11 05:36:03,Ma_B0x_Maison,FF:EE:DD:44:55:66,1,-60,2,RSSI Spike (3.0σ)
2026-02-11 05:36:03,Ma_Box_Maison,FF:FF:FF:EE:EE:EE,1,-30,5,Jitter/Timing Anomaly
2026-02-11 05:36:04,Ma_Box_Maison,AA:BB:CC:11:22:33,1,-61,5,RSSI Spike (2.8σ)
2026-02-11 05:36:04,Ma_B0x_Maison,FF:EE:DD:44:55:66,1,-68,2,RSSI Spike (3.0σ)
2026-02-11 05:36:04,Ma_Box_Maison,FF:FF:FF:EE:EE:EE,1,-30,5,Jitter/Timing Anomaly
2026-02-11 05:36:06,Ma_Box_Maison,AA:BB:CC:11:22:33,1,-55,5,RSSI Spike (2.8σ)
2026-02-11 05:36:06,Ma_B0x_Maison,FF:EE:DD:44:55:66,1,-65,2,RSSI Spike (3.0σ)
2026-02-11 05:36:06,Ma_Box_Maison,FF:FF:FF:EE:EE:EE,1,-30,5,Jitter/Timing Anomaly
2026-02-11 05:36:07,Ma_Box_Maison,AA:BB:CC:11:22:33,1,-58,5,RSSI Spike (2.8σ)
2026-02-11 05:36:07,Ma_B0x_Maison,FF:EE:DD:44:55:66,1,-64,2,RSSI Spike (3.0σ)
2026-02-11 05:36:07,Ma_Box_Maison,FF:FF:FF:EE:EE:EE,1,-30,5,Jitter/Timing Anomaly
2026-02-11 05:36:09,Ma_Box_Maison,AA:BB:CC:11:22:33,1,-60,5,RSSI Spike (2.8σ)
2026-02-11 05:36:09,Ma_B0x_Maison,FF:EE:DD:44:55:66,1,-70,2,RSSI Spike (3.0σ)
2026-02-11 05:36:09,Ma_Box_Maison,FF:FF:FF:EE:EE:EE,1,-30,5,Jitter/Timing Anomaly
2026-02-11 05:36:10,Ma_Box_Maison,AA:BB:CC:11:22:33,1,-62,5,RSSI Spike (2.8σ)
2026-02-11 05:36:10,Ma_B0x_Maison,FF:EE:DD:44:55:66,1,-61,2,RSSI Spike (3.0σ)
2026-02-11 05:36:10,Ma_Box_Maison,FF:FF:FF:EE:EE:EE,1,-30,5,Jitter/Timing Anomaly
2026-02-11 05:36:12,Ma_Box_Maison,AA:BB:CC:11:22:33,1,-62,5,RSSI Spike (2.8σ)
2026-02-11 05:36:12,Ma_B0x_Maison,FF:EE:DD:44:55:66,1,-64,2,RSSI Spike (3.0σ)
2026-02-11 05:36:12,Ma_Box_Maison,FF:FF:FF:EE:EE:EE,1,-30,5,Jitter/Timing Anomaly
2026-02-11 05:36:13,Ma_Box_Maison,AA:BB:CC:11:22:33,1,-55,5,RSSI Spike (2.8σ)
2026-02-11 05:36:13,Ma_B0x_Maison,FF:EE:DD:44:55:66,1,-69,2,RSSI Spike (3.0σ)
2026-02-11 05:36:13,Ma_Box_Maison,FF:FF:FF:EE:EE:EE,1,-30,5,Jitter/Timing Anomaly
2026-02-11 05:36:15,Ma_Box_Maison,AA:BB:CC:11:22:33,1,-58,5,RSSI Spike (2.8σ)
2026-02-11 05:36:15,Ma_B0x_Maison,FF:EE:DD:44:55:66,1,-66,2,RSSI Spike (3.0σ)
2026-02-11 05:36:15,Ma_Box_Maison,FF:FF:FF:EE:EE:EE,1,-30,5,Jitter/Timing Anomaly
2026-02-11 05:36:16,Ma_Box_Maison,AA:BB:CC:11:22:33,1,-58,5,RSSI Spike (2.8σ)
2026-02-11 05:36:16,Ma_B0x_Maison,FF:EE:DD:44:55:66,1,-60,2,RSSI Spike (3.0σ)
2026-02-11 05:36:16,Ma_Box_Maison,FF:FF:FF:EE:EE:EE,1,-30,5,Jitter/Timing Anomaly
2026-02-11 05:36:18,Ma_Box_Maison,AA:BB:CC:11:22:33,1,-62,5,RSSI Spike (2.8σ)
2026-02-11 05:36:18,Ma_B0x_Maison,FF:EE:DD:44:55:66,1,-70,2,RSSI Spike (3.0σ)
2026-02-11 05:36:18,Ma_Box_Maison,FF:FF:FF:EE:EE:EE,1,-30,5,Jitter/Timing Anomaly
2026-02-11 05:36:19,Ma_Box_Maison,AA:BB:CC:11:22:33,1,-64,5,RSSI Spike (2.8σ)
2026-02-11 05:36:19,Ma_B0x_Maison,FF:EE:DD:44:55:66,1,-62,2,RSSI Spike (3.0σ)
2026-02-11 05:36:19,Ma_Box_Maison,FF:FF:FF:EE:EE:EE,1,-30,5,Jitter/Timing Anomaly
2026-02-11 05:36:21,Ma_Box_Maison,AA:BB:CC:11:22:33,1,-64,5,RSSI Spike (2.8σ)
2026-02-11 05:36:21,Ma_B0x_Maison,FF:EE:DD:44:55:66,1,-66,2,RSSI Spike (3.0σ)
2026-02-11 05:36:21,Ma_Box_Maison,FF:FF:FF:EE:EE:EE,1,-30,5,Jitter/Timing Anomaly
2026-02-11 05:36:22,Ma_Box_Maison,AA:BB:CC:11:22:33,1,-56,5,RSSI Spike (2.8σ)
2026-02-11 05:36:22,Ma_B0x_Maison,FF:EE:DD:44:55:66,1,-62,2,RSSI Spike (3.0σ)
2026-02-11 05:36:22,Ma_Box_Maison,FF:FF:FF:EE:EE:EE,1,-30,5,Jitter/Timing Anomaly
2026-02-11 05:36:24,Ma_Box_Maison,AA:BB:CC:11:22:33,1,-63,5,RSSI Spike (2.8σ)
2026-02-11 05:36:24,Ma_B0x_Maison,FF:EE:DD:44:55:66,1,-61,2,RSSI Spike (3.0σ)
2026-02-11 05:36:24,Ma_Box_Maison,FF:FF:FF:EE:EE:EE,1,-30,5,Jitter/Timing Anomaly
2026-02-11 05:36:25,Ma_Box_Maison,AA:BB:CC:11:22:33,1,-57,5,RSSI Spike (2.8σ)
2026-02-11 05:36:25,Ma_B0x_Maison,FF:EE:DD:44:55:66,1,-66,2,RSSI Spike (3.0σ)
2026-02-11 05:36:25,Ma_Box_Maison,FF:FF:FF:EE:EE:EE,1,-30,5,Jitter/Timing Anomaly
2026-02-11 05:36:27,Ma_Box_Maison,AA:BB:CC:11:22:33,1,-56,5,RSSI Spike (2.8σ)
2026-02-11 05:36:27,Ma_B0x_Maison,FF:EE:DD:44:55:66,1,-62,2,RSSI Spike (3.0σ)
2026-02-11 05:36:27,Ma_Box_Maison,FF:FF:FF:EE:EE:EE,1,-30,5,Jitter/Timing Anomaly
2026-02-11 05:36:28,Ma_Box_Maison,AA:BB:CC:11:22:33,1,-65,5,RSSI Spike (2.8σ)
2026-02-11 05:36:28,Ma_B0x_Maison,FF:EE:DD:44:55:66,1,-69,2,RSSI Spike (3.0σ)
2026-02-11 05:36:28,Ma_Box_Maison,FF:FF:FF:EE:EE:EE,1,-30,5,Jitter/Timing Anomaly
2026-02-11 05:36:30,Ma_Box_Maison,AA:BB:CC:11:22:33,1,-60,5,RSSI Spike (2.8σ)
2026-02-11 05:36:30,Ma_B0x_Maison,FF:EE:DD:44:55:66,1,-68,2,RSSI Spike (3.0σ)
2026-02-11 05:36:30,Ma_Box_Maison,FF:FF:FF:EE:EE:EE,1,-30,5,Jitter/Timing Anomaly
2026-02-11 05:36:31,Ma_Box_Maison,AA:BB:CC:11:22:33,1,-59,5,RSSI Spike (2.8σ)
2026-02-11 05:36:31,Ma_B0x_Maison,FF:EE:DD:44:55:66,1,-61,2,RSSI Spike (3.0σ)
2026-02-11 05:36:31,Ma_Box_Maison,FF:FF:FF:EE:EE:EE,1,-30,5,Jitter/Timing Anomaly
2026-02-11 05:36:33,Ma_Box_Maison,AA:BB:CC:11:22:33,1,-64,5,RSSI Spike (2.8σ)
2026-02-11 05:36:33,Ma_B0x_Maison,FF:EE:DD:44:55:66,1,-69,2,RSSI Spike (3.0σ)
2026-02-11 05:36:33,Ma_Box_Maison,FF:FF:FF:EE:EE:EE,1,-30,5,Jitter/Timing Anomaly
2026-02-11 05:36:34,Ma_Box_Maison,AA:BB:CC:11:22:33,1,-59,5,RSSI Spike (2.8σ)
2026-02-11 05:36:34,Ma_B0x_Maison,FF:EE:DD:44:55:66,1,-65,2,RSSI Spike (3.0σ)
2026-02-11 05:36:34,Ma_Box_Maison,FF:FF:FF:EE:EE:EE,1,-30,5,Jitter/Timing Anomaly
2026-02-11 05:36:36,Ma_Box_Maison,AA:BB:CC:11:22:33,1,-61,5,RSSI Spike (2.8σ)
2026-02-11 05:36:36,Ma_B0x_Maison,FF:EE:DD:44:55:66,1,-68,2,RSSI Spike (3.0σ)
2026-02-11 05:36:36,Ma_Box_Maison,FF:FF:FF:EE:EE:EE,1,-30,5,Jitter/Timing Anomaly
2026-02-11 05:36:38,Ma_Box_Maison,AA:BB:CC:11:22:33,1,-59,5,RSSI Spike (2.8σ)
2026-02-11 05:36:38,Ma_B0x_Maison,FF:EE:DD:44:55:66,1,-68,2,RSSI Spike (3.0σ)
2026-02-11 05:36:38,Ma_Box_Maison,FF:FF:FF:EE:EE:EE,1,-30,5,Jitter/Timing Anomaly
2026-02-11 05:36:39,Ma_Box_Maison,AA:BB:CC:11:22:33,1,-62,5,RSSI Spike (2.8σ)
2026-02-11 05:36:39,Ma_B0x_Maison,FF:EE:DD:44:55:66,1,-65,2,RSSI Spike (3.0σ)
2026-02-11 05:36:39,Ma_Box_Maison,FF:FF:FF:EE:EE:EE,1,-30,5,Jitter/Timing Anomaly
2026-02-11 05:36:41,Ma_Box_Maison,AA:BB:CC:11:22:33,1,-64,5,RSSI Spike (2.8σ)
2026-02-11 05:36:41,Ma_B0x_Maison,FF:EE:DD:44:55:66,1,-64,2,RSSI Spike (3.0σ)
2026-02-11 05:36:41,Ma_Box_Maison,FF:FF:FF:EE:EE:EE,1,-30,5,Jitter/Timing Anomaly
2026-02-11 05:36:42,Ma_Box_Maison,AA:BB:CC:11:22:33,1,-57,5,RSSI Spike (2.8σ)
2026-02-11 05:36:42,Ma_B0x_Maison,FF:EE:DD:44:55:66,1,-62,2,RSSI Spike (3.0σ)
2026-02-11 05:36:42,Ma_Box_Maison,FF:FF:FF:EE:EE:EE,1,-30,5,Jitter/Timing Anomaly
2026-02-11 05:36:44,Ma_Box_Maison,AA:BB:CC:11:22:33,1,-56,5,RSSI Spike (2.8σ)
2026-02-11 05:36:44,Ma_B0x_Maison,FF:EE:DD:44:55:66,1,-68,2,RSSI Spike (3.0σ)
2026-02-11 05:36:44,Ma_Box_Maison,FF:FF:FF:EE:EE:EE,1,-30,5,Jitter/Timing Anomaly
2026-02-11 05:36:45,Ma_Box_Maison,AA:BB:CC:11:22:33,1,-56,5,RSSI Spike (2.8σ)
2026-02-11 05:36:45,Ma_B0x_Maison,FF:EE:DD:44:55:66,1,-60,2,RSSI Spike (3.0σ)
2026-02-11 05:36:45,Ma_Box_Maison,FF:FF:FF:EE:EE:EE,1,-30,5,Jitter/Timing Anomaly
2026-02-11 05:36:47,Ma_Box_Maison,AA:BB:CC:11:22:33,1,-62,5,RSSI Spike (2.8σ)
2026-02-11 05:36:47,Ma_B0x_Maison,FF:EE:DD:44:55:66,1,-70,2,RSSI Spike (3.0σ)
2026-02-11 05:36:47,Ma_Box_Maison,FF:FF:FF:EE:EE:EE,1,-30,5,Jitter/Timing Anomaly
2026-02-11 05:36:48,Ma_Box_Maison,AA:BB:CC:11:22:33,1,-55,5,RSSI Spike (2.8σ)
2026-02-11 05:36:48,Ma_B0x_Maison,FF:EE:DD:44:55:66,1,-60,2,RSSI Spike (3.0σ)
2026-02-11 05:36:48,Ma_Box_Maison,FF:FF:FF:EE:EE:EE,1,-30,5,Jitter/Timing Anomaly
2026-02-11 05:36:50,Ma_Box_Maison,AA:BB:CC:11:22:33,1,-56,5,RSSI Spike (2.8σ)
2026-02-11 05:36:50,Ma_B0x_Maison,FF:EE:DD:44:55:66,1,-69,2,RSSI Spike (3.0σ)
2026-02-11 05:36:50,Ma_Box_Maison,FF:FF:FF:EE:EE:EE,1,-30,5,Jitter/Timing Anomaly
2026-02-11 05:36:51,Ma_Box_Maison,AA:BB:CC:11:22:33,1,-65,5,RSSI Spike (2.8σ)
2026-02-11 05:36:51,Ma_B0x_Maison,FF:EE:DD:44:55:66,1,-61,2,RSSI Spike (3.0σ)
2026-02-11 05:36:51,Ma_Box_Maison,FF:FF:FF:EE:EE:EE,1,-30,5,Jitter/Timing Anomaly
2026-02-11 05:36:53,Ma_Box_Maison,AA:BB:CC:11:22:33,1,-55,5,RSSI Spike (2.8σ)
2026-02-11 05:36:53,Ma_B0x_Maison,FF:EE:DD:44:55:66,1,-68,2,RSSI Spike (3.0σ)
2026-02-11 05:36:53,Ma_Box_Maison,FF:FF:FF:EE:EE:EE,1,-30,5,Jitter/Timing Anomaly
2026-02-11 05:36:54,Ma_Box_Maison,AA:BB:CC:11:22:33,1,-56,5,RSSI Spike (2.8σ)
2026-02-11 05:36:54,Ma_B0x_Maison,FF:EE:DD:44:55:66,1,-66,2,RSSI Spike (3.0σ)
2026-02-11 05:36:54,Ma_Box_Maison,FF:FF:FF:EE:EE:EE,1,-30,5,Jitter/Timing Anomaly
2026-02-11 05:36:56,Ma_Box_Maison,AA:BB:CC:11:22:33,1,-64,5,RSSI Spike (2.8σ)
2026-02-11 05:36:56,Ma_B0x_Maison,FF:EE:DD:44:55:66,1,-68,2,RSSI Spike (3.0σ)
2026-02-11 05:36:56,Ma_Box_Maison,FF:FF:FF:EE:EE:EE,1,-30,5,Jitter/Timing Anomaly
2026-02-11 05:36:57,Ma_Box_Maison,AA:BB:CC:11:22:33,1,-65,5,RSSI Spike (2.8σ)
2026-02-11 05:36:57,Ma_B0x_Maison,FF:EE:DD:44:55:66,1,-60,2,RSSI Spike (3.0σ)
2026-02-11 05:36:57,Ma_Box_Maison,FF:FF:FF:EE:EE:EE,1,-30,5,Jitter/Timing Anomaly
2026-02-11 05:36:59,Ma_Box_Maison,AA:BB:CC:11:22:33,1,-57,5,RSSI Spike (2.8σ)
2026-02-11 05:36:59,Ma_B0x_Maison,FF:EE:DD:44:55:66,1,-69,2,RSSI Spike (3.0σ)
2026-02-11 05:36:59,Ma_Box_Maison,FF:FF:FF:EE:EE:EE,1,-30,5,Jitter/Timing Anomaly
2026-02-11 05:37:00,Ma_Box_Maison,AA:BB:CC:11:22:33,1,-65,5,RSSI Spike (2.8σ)
2026-02-11 05:37:00,Ma_B0x_Maison,FF:EE:DD:44:55:66,1,-63,2,RSSI Spike (3.0σ)
2026-02-11 05:37:00,Ma_Box_Maison,FF:FF:FF:EE:EE:EE,1,-30,5,Jitter/Timing Anomaly
2026-02-11 05:37:02,Ma_Box_Maison,AA:BB:CC:11:22:33,1,-62,5,RSSI Spike (2.8σ)
2026-02-11 05:37:02,Ma_B0x_Maison,FF:EE:DD:44:55:66,1,-70,2,RSSI Spike (3.0σ)
2026-02-11 05:37:02,Ma_Box_Maison,FF:FF:FF:EE:EE:EE,1,-30,5,Jitter/Timing Anomaly
2026-02-11 05:37:03,Ma_Box_Maison,AA:BB:CC:11:22:33,1,-65,5,RSSI Spike (2.8σ)
2026-02-11 05:37:03,Ma_B0x_Maison,FF:EE:DD:44:55:66,1,-67,2,RSSI Spike (3.0σ)
2026-02-11 05:37:03,Ma_Box_Maison,FF:FF:FF:EE:EE:EE,1,-30,5,Jitter/Timing Anomaly
2026-02-11 05:37:05,Ma_Box_Maison,AA:BB:CC:11:22:33,1,-56,5,RSSI Spike (2.8σ)
2026-02-11 05:37:05,Ma_B0x_Maison,FF:EE:DD:44:55:66,1,-62,2,RSSI Spike (3.0σ)
2026-02-11 05:37:05,Ma_Box_Maison,FF:FF:FF:EE:EE:EE,1,-30,5,Jitter/Timing Anomaly
2026-02-11 05:37:06,Ma_Box_Maison,AA:BB:CC:11:22:33,1,-62,5,RSSI Spike (2.8σ)
2026-02-11 05:37:06,Ma_B0x_Maison,FF:EE:DD:44:55:66,1,-66,2,RSSI Spike (3.0σ)
2026-02-11 05:37:06,Ma_Box_Maison,FF:FF:FF:EE:EE:EE,1,-30,5,Jitter/Timing Anomaly
2026-02-11 05:37:08,Ma_Box_Maison,AA:BB:CC:11:22:33,1,-55,5,RSSI Spike (2.8σ)
2026-02-11 05:37:08,Ma_B0x_Maison,FF:EE:DD:44:55:66,1,-70,2,RSSI Spike (3.0σ)
2026-02-11 05:37:08,Ma_Box_Maison,FF:FF:FF:EE:EE:EE,1,-30,5,Jitter/Timing Anomaly
2026-02-11 05:37:09,Ma_Box_Maison,AA:BB:CC:11:22:33,1,-60,5,RSSI Spike (2.8σ)
2026-02-11 05:37:09,Ma_B0x_Maison,FF:EE:DD:44:55:66,1,-64,2,RSSI Spike (3.0σ)
2026-02-11 05:37:09,Ma_Box_Maison,FF:FF:FF:EE:EE:EE,1,-30,5,Jitter/Timing Anomaly
2026-02-11 05:37:11,Ma_Box_Maison,AA:BB:CC:11:22:33,1,-61,5,RSSI Spike (2.8σ)
2026-02-11 05:37:11,Ma_B0x_Maison,FF:EE:DD:44:55:66,1,-67,2,RSSI Spike (3.0σ)
2026-02-11 05:37:11,Ma_Box_Maison,FF:FF:FF:EE:EE:EE,1,-30,5,Jitter/Timing Anomaly
2026-02-11 05:37:12,Ma_Box_Maison,AA:BB:CC:11:22:33,1,-62,5,RSSI Spike (2.8σ)
2026-02-11 05:37:12,Ma_B0x_Maison,FF:EE:DD:44:55:66,1,-61,2,RSSI Spike (3.0σ)
2026-02-11 05:37:12,Ma_Box_Maison,FF:FF:FF:EE:EE:EE,1,-30,5,Jitter/Timing Anomaly
2026-02-11 05:37:14,Ma_Box_Maison,AA:BB:CC:11:22:33,1,-58,5,RSSI Spike (2.8σ)
2026-02-11 05:37:14,Ma_B0x_Maison,FF:EE:DD:44:55:66,1,-68,2,RSSI Spike (3.0σ)
2026-02-11 05:37:14,Ma_Box_Maison,FF:FF:FF:EE:EE:EE,1,-30,5,Jitter/Timing Anomaly
2026-02-11 05:37:15,Ma_Box_Maison,AA:BB:CC:11:22:33,1,-57,5,RSSI Spike (2.8σ)
2026-02-11 05:37:15,Ma_B0x_Maison,FF:EE:DD:44:55:66,1,-61,2,RSSI Spike (3.0σ)
2026-02-11 05:37:15,Ma_Box_Maison,FF:FF:FF:EE:EE:EE,1,-30,5,Jitter/Timing Anomaly
2026-02-11 05:37:17,Ma_Box_Maison,AA:BB:CC:11:22:33,1,-57,5,RSSI Spike (2.8σ)
2026-02-11 05:37:17,Ma_B0x_Maison,FF:EE:DD:44:55:66,1,-65,2,RSSI Spike (3.0σ)
2026-02-11 05:37:17,Ma_Box_Maison,FF:FF:FF:EE:EE:EE,1,-30,5,Jitter/Timing Anomaly
2026-02-11 05:37:18,Ma_Box_Maison,AA:BB:CC:11:22:33,1,-65,5,RSSI Spike (2.8σ)
2026-02-11 05:37:18,Ma_B0x_Maison,FF:EE:DD:44:55:66,1,-69,2,RSSI Spike (3.0σ)
2026-02-11 05:37:18,Ma_Box_Maison,FF:FF:FF:EE:EE:EE,1,-30,5,Jitter/Timing Anomaly
2026-02-11 05:37:20,Ma_Box_Maison,AA:BB:CC:11:22:33,1,-60,5,RSSI Spike (2.8σ)
2026-02-11 05:37:20,Ma_B0x_Maison,FF:EE:DD:44:55:66,1,-67,2,RSSI Spike (3.0σ)
2026-02-11 05:37:20,Ma_Box_Maison,FF:FF:FF:EE:EE:EE,1,-30,5,Jitter/Timing Anomaly
2026-02-11 05:37:21,Ma_Box_Maison,AA:BB:CC:11:22:33,1,-60,5,RSSI Spike (2.8σ)
2026-02-11 05:37:21,Ma_B0x_Maison,FF:EE:DD:44:55:66,1,-61,2,RSSI Spike (3.0σ)
2026-02-11 05:37:21,Ma_Box_Maison,FF:FF:FF:EE:EE:EE,1,-30,5,Jitter/Timing Anomaly
2026-02-11 05:37:23,Ma_Box_Maison,AA:BB:CC:11:22:33,1,-60,5,RSSI Spike (2.8σ)
2026-02-11 05:37:23,Ma_B0x_Maison,FF:EE:DD:44:55:66,1,-61,2,RSSI Spike (3.0σ)
2026-02-11 05:37:23,Ma_Box_Maison,FF:FF:FF:EE:EE:EE,1,-30,5,Jitter/Timing Anomaly
2026-02-11 05:37:24,Ma_Box_Maison,AA:BB:CC:11:22:33,1,-59,5,RSSI Spike (2.8σ)
2026-02-11 05:37:24,Ma_B0x_Maison,FF:EE:DD:44:55:66,1,-67,2,RSSI Spike (3.0σ)
2026-02-11 05:37:24,Ma_Box_Maison,FF:FF:FF:EE:EE:EE,1,-30,5,Jitter/Timing Anomaly
2026-02-11 05:37:26,Ma_Box_Maison,AA:BB:CC:11:22:33,1,-63,5,RSSI Spike (2.8σ)
2026-02-11 05:37:26,Ma_B0x_Maison,FF:EE:DD:44:55:66,1,-69,2,RSSI Spike (3.0σ)
2026-02-11 05:37:26,Ma_Box_Maison,FF:FF:FF:EE:EE:EE,1,-30,5,Jitter/Timing Anomaly
2026-02-11 05:37:27,Ma_Box_Maison,AA:BB:CC:11:22:33,1,-63,5,RSSI Spike (2.8σ)
2026-02-11 05:37:27,Ma_B0x_Maison,FF:EE:DD:44:55:66,1,-64,2,RSSI Spike (3.0σ)
2026-02-11 05:37:27,Ma_Box_Maison,FF:FF:FF:EE:EE:EE,1,-30,5,Jitter/Timing Anomaly
2026-02-11 05:37:29,Ma_Box_Maison,AA:BB:CC:11:22:33,1,-60,5,RSSI Spike (2.8σ)
2026-02-11 05:37:29,Ma_B0x_Maison,FF:EE:DD:44:55:66,1,-62,2,RSSI Spike (3.0σ)
2026-02-11 05:37:29,Ma_Box_Maison,FF:FF:FF:EE:EE:EE,1,-30,5,Jitter/Timing Anomaly
2026-02-11 05:37:30,Ma_Box_Maison,AA:BB:CC:11:22:33,1,-64,5,RSSI Spike (2.8σ)
2026-02-11 05:37:30,Ma_B0x_Maison,FF:EE:DD:44:55:66,1,-61,2,RSSI Spike (3.0σ)
2026-02-11 05:37:30,Ma_Box_Maison,FF:FF:FF:EE:EE:EE,1,-30,5,Jitter/Timing Anomaly
2026-02-11 05:37:32,Ma_Box_Maison,AA:BB:CC:11:22:33,1,-57,5,RSSI Spike (2.8σ)
2026-02-11 05:37:32,Ma_B0x_Maison,FF:EE:DD:44:55:66,1,-69,2,RSSI Spike (3.0σ)
2026-02-11 05:37:32,Ma_Box_Maison,FF:FF:FF:EE:EE:EE,1,-30,5,Jitter/Timing Anomaly
2026-02-11 05:37:33,Ma_Box_Maison,AA:BB:CC:11:22:33,1,-60,5,RSSI Spike (2.8σ)
2026-02-11 05:37:33,Ma_B0x_Maison,FF:EE:DD:44:55:66,1,-69,2,RSSI Spike (3.0σ)
2026-02-11 05:37:33,Ma_Box_Maison,FF:FF:FF:EE:EE:EE,1,-30,5,Jitter/Timing Anomaly
2026-02-11 05:37:35,Ma_Box_Maison,AA:BB:CC:11:22:33,1,-63,5,RSSI Spike (2.8σ)
2026-02-11 05:37:35,Ma_B0x_Maison,FF:EE:DD:44:55:66,1,-62,2,RSSI Spike (3.0σ)
2026-02-11 05:37:35,Ma_Box_Maison,FF:FF:FF:EE:EE:EE,1,-30,5,Jitter/Timing Anomaly
2026-02-11 05:37:36,Ma_Box_Maison,AA:BB:CC:11:22:33,1,-60,5,RSSI Spike (2.8σ)
2026-02-11 05:37:36,Ma_B0x_Maison,FF:EE:DD:44:55:66,1,-70,2,RSSI Spike (3.0σ)
2026-02-11 05:37:36,Ma_Box_Maison,FF:FF:FF:EE:EE:EE,1,-30,5,Jitter/Timing Anomaly
2026-02-11 05:37:38,Ma_Box_Maison,AA:BB:CC:11:22:33,1,-55,5,RSSI Spike (2.8σ)
2026-02-11 05:37:38,Ma_B0x_Maison,FF:EE:DD:44:55:66,1,-63,2,RSSI Spike (3.0σ)
2026-02-11 05:37:38,Ma_Box_Maison,FF:FF:FF:EE:EE:EE,1,-30,5,Jitter/Timing Anomaly
2026-02-11 05:37:39,Ma_Box_Maison,AA:BB:CC:11:22:33,1,-56,5,RSSI Spike (2.8σ)
2026-02-11 05:37:39,Ma_B0x_Maison,FF:EE:DD:44:55:66,1,-63,2,RSSI Spike (3.0σ)
2026-02-11 05:37:39,Ma_Box_Maison,FF:FF:FF:EE:EE:EE,1,-30,5,Jitter/Timing Anomaly
2026-02-11 05:37:41,Ma_Box_Maison,AA:BB:CC:11:22:33,1,-58,5,RSSI Spike (2.8σ)
2026-02-11 05:37:41,Ma_B0x_Maison,FF:EE:DD:44:55:66,1,-69,2,RSSI Spike (3.0σ)
2026-02-11 05:37:41,Ma_Box_Maison,FF:FF:FF:EE:EE:EE,1,-30,5,Jitter/Timing Anomaly
2026-02-11 05:37:42,Ma_Box_Maison,AA:BB:CC:11:22:33,1,-64,5,RSSI Spike (2.8σ)
2026-02-11 05:37:42,Ma_B0x_Maison,FF:EE:DD:44:55:66,1,-63,2,RSSI Spike (3.0σ)
2026-02-11 05:37:42,Ma_Box_Maison,FF:FF:FF:EE:EE:EE,1,-30,5,Jitter/Timing Anomaly
2026-02-11 05:37:44,Ma_Box_Maison,AA:BB:CC:11:22:33,1,-62,5,RSSI Spike (2.8σ)
2026-02-11 05:37:44,Ma_B0x_Maison,FF:EE:DD:44:55:66,1,-67,2,RSSI Spike (3.0σ)
2026-02-11 05:37:44,Ma_Box_Maison,FF:FF:FF:EE:EE:EE,1,-30,5,Jitter/Timing Anomaly
2026-02-11 05:37:45,Ma_Box_Maison,AA:BB:CC:11:22:33,1,-56,5,RSSI Spike (2.8σ)
2026-02-11 05:37:45,Ma_B0x_Maison,FF:EE:DD:44:55:66,1,-64,2,RSSI Spike (3.0σ)
2026-02-11 05:37:45,Ma_Box_Maison,FF:FF:FF:EE:EE:EE,1,-30,5,Jitter/Timing Anomaly
2026-02-11 05:37:47,Ma_Box_Maison,AA:BB:CC:11:22:33,1,-56,5,RSSI Spike (2.8σ)
2026-02-11 05:37:47,Ma_B0x_Maison,FF:EE:DD:44:55:66,1,-60,2,RSSI Spike (3.0σ)
2026-02-11 05:37:47,Ma_Box_Maison,FF:FF:FF:EE:EE:EE,1,-30,5,Jitter/Timing Anomaly
2026-02-11 05:37:48,Ma_Box_Maison,AA:BB:CC:11:22:33,1,-63,5,RSSI Spike (2.8σ)
2026-02-11 05:37:48,Ma_B0x_Maison,FF:EE:DD:44:55:66,1,-60,2,RSSI Spike (3.0σ)
2026-02-11 05:37:48,Ma_Box_Maison,FF:FF:FF:EE:EE:EE,1,-30,5,Jitter/Timing Anomaly
2026-02-11 05:37:50,Ma_Box_Maison,AA:BB:CC:11:22:33,1,-65,5,RSSI Spike (2.8σ)
2026-02-11 05:37:50,Ma_B0x_Maison,FF:EE:DD:44:55:66,1,-60,2,RSSI Spike (3.0σ)
2026-02-11 05:37:50,Ma_Box_Maison,FF:FF:FF:EE:EE:EE,1,-30,5,Jitter/Timing Anomaly
2026-02-11 05:37:51,Ma_Box_Maison,AA:BB:CC:11:22:33,1,-57,5,RSSI Spike (2.8σ)
2026-02-11 05:37:51,Ma_B0x_Maison,FF:EE:DD:44:55:66,1,-63,2,RSSI Spike (3.0σ)
2026-02-11 05:37:51,Ma_Box_Maison,FF:FF:FF:EE:EE:EE,1,-30,5,Jitter/Timing Anomaly
2026-02-11 05:37:53,Ma_Box_Maison,AA:BB:CC:11:22:33,1,-61,5,RSSI Spike (2.8σ)
2026-02-11 05:37:53,Ma_B0x_Maison,FF:EE:DD:44:55:66,1,-64,2,RSSI Spike (3.0σ)
2026-02-11 05:37:53,Ma_Box_Maison,FF:FF:FF:EE:EE:EE,1,-30,5,Jitter/Timing Anomaly
2026-02-11 05:37:54,Ma_Box_Maison,AA:BB:CC:11:22:33,1,-61,5,RSSI Spike (2.8σ)
2026-02-11 05:37:54,Ma_B0x_Maison,FF:EE:DD:44:55:66,1,-60,2,RSSI Spike (3.0σ)
2026-02-11 05:37:54,Ma_Box_Maison,FF:FF:FF:EE:EE:EE,1,-30,5,Jitter/Timing Anomaly
2026-02-11 05:37:56,Ma_Box_Maison,AA:BB:CC:11:22:33,1,-65,5,RSSI Spike (2.8σ)
2026-02-11 05:37:56,Ma_B0x_Maison,FF:EE:DD:44:55:66,1,-63,2,RSSI Spike (3.0σ)
2026-02-11 05:37:56,Ma_Box_Maison,FF:FF:FF:EE:EE:EE,1,-30,5,Jitter/Timing Anomaly
2026-02-11 05:37:57,Ma_Box_Maison,AA:BB:CC:11:22:33,1,-55,5,RSSI Spike (2.8σ)
2026-02-11 05:37:57,Ma_B0x_Maison,FF:EE:DD:44:55:66,1,-66,2,RSSI Spike (3.0σ)
2026-02-11 05:37:57,Ma_Box_Maison,FF:FF:FF:EE:EE:EE,1,-30,5,Jitter/Timing Anomaly
2026-02-11 05:37:59,Ma_Box_Maison,AA:BB:CC:11:22:33,1,-61,5,RSSI Spike (2.8σ)
2026-02-11 05:37:59,Ma_B0x_Maison,FF:EE:DD:44:55:66,1,-62,2,RSSI Spike (3.0σ)
2026-02-11 05:37:59,Ma_Box_Maison,FF:FF:FF:EE:EE:EE,1,-30,5,Jitter/Timing Anomaly
2026-02-11 05:38:00,Ma_Box_Maison,AA:BB:CC:11:22:33,1,-55,5,RSSI Spike (2.8σ)
2026-02-11 05:38:00,Ma_B0x_Maison,FF:EE:DD:44:55:66,1,-65,2,RSSI Spike (3.0σ)
2026-02-11 05:38:00,Ma_Box_Maison,FF:FF:FF:EE:EE:EE,1,-30,5,Jitter/Timing Anomaly
2026-02-11 05:38:02,Ma_Box_Maison,AA:BB:CC:11:22:33,1,-64,5,RSSI Spike (2.8σ)
2026-02-11 05:38:02,Ma_B0x_Maison,FF:EE:DD:44:55:66,1,-66,2,RSSI Spike (3.0σ)
2026-02-11 05:38:02,Ma_Box_Maison,FF:FF:FF:EE:EE:EE,1,-30,5,Jitter/Timing Anomaly
2026-02-11 05:38:03,Ma_Box_Maison,AA:BB:CC:11:22:33,1,-57,5,RSSI Spike (2.8σ)
2026-02-11 05:38:03,Ma_B0x_Maison,FF:EE:DD:44:55:66,1,-70,2,RSSI Spike (3.0σ)
2026-02-11 05:38:03,Ma_Box_Maison,FF:FF:FF:EE:EE:EE,1,-30,5,Jitter/Timing Anomaly
2026-02-11 05:38:05,Ma_Box_Maison,AA:BB:CC:11:22:33,1,-56,5,RSSI Spike (2.8σ)
2026-02-11 05:38:05,Ma_B0x_Maison,FF:EE:DD:44:55:66,1,-61,2,RSSI Spike (3.0σ)
2026-02-11 05:38:05,Ma_Box_Maison,FF:FF:FF:EE:EE:EE,1,-30,5,Jitter/Timing Anomaly
2026-02-11 05:38:06,Ma_Box_Maison,AA:BB:CC:11:22:33,1,-65,5,RSSI Spike (2.8σ)
2026-02-11 05:38:06,Ma_B0x_Maison,FF:EE:DD:44:55:66,1,-63,2,RSSI Spike (3.0σ)
2026-02-11 05:38:06,Ma_Box_Maison,FF:FF:FF:EE:EE:EE,1,-30,5,Jitter/Timing Anomaly
2026-02-11 05:38:08,Ma_Box_Maison,AA:BB:CC:11:22:33,1,-62,5,RSSI Spike (2.8σ)
2026-02-11 05:38:08,Ma_B0x_Maison,FF:EE:DD:44:55:66,1,-66,2,RSSI Spike (3.0σ)
2026-02-11 05:38:08,Ma_Box_Maison,FF:FF:FF:EE:EE:EE,1,-30,5,Jitter/Timing Anomaly
2026-02-11 05:38:09,Ma_Box_Maison,AA:BB:CC:11:22:33,1,-55,5,RSSI Spike (2.8σ)
2026-02-11 05:38:09,Ma_B0x_Maison,FF:EE:DD:44:55:66,1,-70,2,RSSI Spike (3.0σ)
2026-02-11 05:38:09,Ma_Box_Maison,FF:FF:FF:EE:EE:EE,1,-30,5,Jitter/Timing Anomaly
2026-02-11 05:38:11,Ma_Box_Maison,AA:BB:CC:11:22:33,1,-63,5,RSSI Spike (2.8σ)
2026-02-11 05:38:11,Ma_B0x_Maison,FF:EE:DD:44:55:66,1,-70,2,RSSI Spike (3.0σ)
2026-02-11 05:38:11,Ma_Box_Maison,FF:FF:FF:EE:EE:EE,1,-30,5,Jitter/Timing Anomaly
2026-02-11 05:38:12,Ma_Box_Maison,AA:BB:CC:11:22:33,1,-61,5,RSSI Spike (2.8σ)
2026-02-11 05:38:12,Ma_B0x_Maison,FF:EE:DD:44:55:66,1,-69,2,RSSI Spike (3.0σ)
2026-02-11 05:38:12,Ma_Box_Maison,FF:FF:FF:EE:EE:EE,1,-30,5,Jitter/Timing Anomaly
2026-02-11 05:38:14,Ma_Box_Maison,AA:BB:CC:11:22:33,1,-58,5,RSSI Spike (2.8σ)
2026-02-11 05:38:14,Ma_B0x_Maison,FF:EE:DD:44:55:66,1,-67,2,RSSI Spike (3.0σ)
2026-02-11 05:38:14,Ma_Box_Maison,FF:FF:FF:EE:EE:EE,1,-30,5,Jitter/Timing Anomaly
2026-02-11 05:38:15,Ma_Box_Maison,AA:BB:CC:11:22:33,1,-65,5,RSSI Spike (2.8σ)
2026-02-11 05:38:15,Ma_B0x_Maison,FF:EE:DD:44:55:66,1,-67,2,RSSI Spike (3.0σ)
2026-02-11 05:38:15,Ma_Box_Maison,FF:FF:FF:EE:EE:EE,1,-30,5,Jitter/Timing Anomaly
2026-02-11 05:38:17,Ma_Box_Maison,AA:BB:CC:11:22:33,1,-58,5,RSSI Spike (2.8σ)
2026-02-11 05:38:17,Ma_B0x_Maison,FF:EE:DD:44:55:66,1,-70,2,RSSI Spike (3.0σ)
2026-02-11 05:38:17,Ma_Box_Maison,FF:FF:FF:EE:EE:EE,1,-30,5,Jitter/Timing Anomaly
2026-02-11 05:38:18,Ma_Box_Maison,AA:BB:CC:11:22:33,1,-58,5,RSSI Spike (2.8σ)
2026-02-11 05:38:18,Ma_B0x_Maison,FF:EE:DD:44:55:66,1,-62,2,RSSI Spike (3.0σ)
2026-02-11 05:38:18,Ma_Box_Maison,FF:FF:FF:EE:EE:EE,1,-30,5,Jitter/Timing Anomaly
2026-02-11 05:38:20,Ma_Box_Maison,AA:BB:CC:11:22:33,1,-65,5,RSSI Spike (2.8σ)
2026-02-11 05:38:20,Ma_B0x_Maison,FF:EE:DD:44:55:66,1,-63,2,RSSI Spike (3.0σ)
2026-02-11 05:38:20,Ma_Box_Maison,FF:FF:FF:EE:EE:EE,1,-30,5,Jitter/Timing Anomaly
2026-02-11 05:38:21,Ma_Box_Maison,AA:BB:CC:11:22:33,1,-60,5,RSSI Spike (2.8σ)
2026-02-11 05:38:21,Ma_B0x_Maison,FF:EE:DD:44:55:66,1,-61,2,RSSI Spike (3.0σ)
2026-02-11 05:38:21,Ma_Box_Maison,FF:FF:FF:EE:EE:EE,1,-30,5,Jitter/Timing Anomaly
2026-02-11 05:38:23,Ma_Box_Maison,AA:BB:CC:11:22:33,1,-63,5,RSSI Spike (2.8σ)
2026-02-11 05:38:23,Ma_B0x_Maison,FF:EE:DD:44:55:66,1,-63,2,RSSI Spike (3.0σ)
2026-02-11 05:38:23,Ma_Box_Maison,FF:FF:FF:EE:EE:EE,1,-30,5,Jitter/Timing Anomaly
2026-02-11 05:38:24,Ma_Box_Maison,AA:BB:CC:11:22:33,1,-60,5,RSSI Spike (2.8σ)
2026-02-11 05:38:24,Ma_B0x_Maison,FF:EE:DD:44:55:66,1,-66,2,RSSI Spike (3.0σ)
2026-02-11 05:38:24,Ma_Box_Maison,FF:FF:FF:EE:EE:EE,1,-30,5,Jitter/Timing Anomaly
2026-02-11 05:38:26,Ma_Box_Maison,AA:BB:CC:11:22:33,1,-64,5,RSSI Spike (2.8σ)
2026-02-11 05:38:26,Ma_B0x_Maison,FF:EE:DD:44:55:66,1,-64,2,RSSI Spike (3.0σ)
2026-02-11 05:38:26,Ma_Box_Maison,FF:FF:FF:EE:EE:EE,1,-30,5,Jitter/Timing Anomaly
2026-02-11 05:38:27,Ma_Box_Maison,AA:BB:CC:11:22:33,1,-58,5,RSSI Spike (2.8σ)
2026-02-11 05:38:27,Ma_B0x_Maison,FF:EE:DD:44:55:66,1,-67,2,RSSI Spike (3.0σ)
2026-02-11 05:38:27,Ma_Box_Maison,FF:FF:FF:EE:EE:EE,1,-30,5,Jitter/Timing Anomaly
2026-02-11 05:38:29,Ma_Box_Maison,AA:BB:CC:11:22:33,1,-60,5,RSSI Spike (2.8σ)
2026-02-11 05:38:29,Ma_B0x_Maison,FF:EE:DD:44:55:66,1,-61,2,RSSI Spike (3.0σ)
2026-02-11 05:38:29,Ma_Box_Maison,FF:FF:FF:EE:EE:EE,1,-30,5,Jitter/Timing Anomaly
2026-02-11 05:38:30,Ma_Box_Maison,AA:BB:CC:11:22:33,1,-61,5,RSSI Spike (2.8σ)
2026-02-11 05:38:30,Ma_B0x_Maison,FF:EE:DD:44:55:66,1,-68,2,RSSI Spike (3.0σ)
2026-02-11 05:38:30,Ma_Box_Maison,FF:FF:FF:EE:EE:EE,1,-30,5,Jitter/Timing Anomaly
2026-02-11 05:38:32,Ma_Box_Maison,AA:BB:CC:11:22:33,1,-57,5,RSSI Spike (2.8σ)
2026-02-11 05:38:32,Ma_B0x_Maison,FF:EE:DD:44:55:66,1,-70,2,RSSI Spike (3.0σ)
2026-02-11 05:38:32,Ma_Box_Maison,FF:FF:FF:EE:EE:EE,1,-30,5,Jitter/Timing Anomaly
2026-02-11 05:38:33,Ma_Box_Maison,AA:BB:CC:11:22:33,1,-57,5,RSSI Spike (2.8σ)
2026-02-11 05:38:33,Ma_B0x_Maison,FF:EE:DD:44:55:66,1,-63,2,RSSI Spike (3.0σ)
2026-02-11 05:38:33,Ma_Box_Maison,FF:FF:FF:EE:EE:EE,1,-30,5,Jitter/Timing Anomaly
2026-02-11 05:38:35,Ma_Box_Maison,AA:BB:CC:11:22:33,1,-61,5,RSSI Spike (2.8σ)
2026-02-11 05:38:35,Ma_B0x_Maison,FF:EE:DD:44:55:66,1,-66,2,RSSI Spike (3.0σ)
2026-02-11 05:38:35,Ma_Box_Maison,FF:FF:FF:EE:EE:EE,1,-30,5,Jitter/Timing Anomaly
2026-02-11 05:38:36,Ma_Box_Maison,AA:BB:CC:11:22:33,1,-58,5,RSSI Spike (2.8σ)
2026-02-11 05:38:36,Ma_B0x_Maison,FF:EE:DD:44:55:66,1,-63,2,RSSI Spike (3.0σ)
2026-02-11 05:38:36,Ma_Box_Maison,FF:FF:FF:EE:EE:EE,1,-30,5,Jitter/Timing Anomaly
2026-02-11 05:38:38,Ma_Box_Maison,AA:BB:CC:11:22:33,1,-58,5,RSSI Spike (2.8σ)
2026-02-11 05:38:38,Ma_B0x_Maison,FF:EE:DD:44:55:66,1,-61,2,RSSI Spike (3.0σ)
2026-02-11 05:38:38,Ma_Box_Maison,FF:FF:FF:EE:EE:EE,1,-30,5,Jitter/Timing Anomaly
2026-02-11 05:38:39,Ma_Box_Maison,AA:BB:CC:11:22:33,1,-64,5,RSSI Spike (2.8σ)
2026-02-11 05:38:39,Ma_B0x_Maison,FF:EE:DD:44:55:66,1,-62,2,RSSI Spike (3.0σ)
2026-02-11 05:38:39,Ma_Box_Maison,FF:FF:FF:EE:EE:EE,1,-30,5,Jitter/Timing Anomaly
2026-02-11 05:38:41,Ma_Box_Maison,AA:BB:CC:11:22:33,1,-56,5,RSSI Spike (2.8σ)
2026-02-11 05:38:41,Ma_B0x_Maison,FF:EE:DD:44:55:66,1,-61,2,RSSI Spike (3.0σ)
2026-02-11 05:38:41,Ma_Box_Maison,FF:FF:FF:EE:EE:EE,1,-30,5,Jitter/Timing Anomaly
2026-02-11 05:38:42,Ma_Box_Maison,AA:BB:CC:11:22:33,1,-61,5,RSSI Spike (2.8σ)
2026-02-11 05:38:42,Ma_B0x_Maison,FF:EE:DD:44:55:66,1,-65,2,RSSI Spike (3.0σ)
2026-02-11 05:38:42,Ma_Box_Maison,FF:FF:FF:EE:EE:EE,1,-30,5,Jitter/Timing Anomaly
2026-02-11 05:38:44,Ma_Box_Maison,AA:BB:CC:11:22:33,1,-57,5,RSSI Spike (2.8σ)
2026-02-11 05:38:44,Ma_B0x_Maison,FF:EE:DD:44:55:66,1,-69,2,RSSI Spike (3.0σ)
2026-02-11 05:38:44,Ma_Box_Maison,FF:FF:FF:EE:EE:EE,1,-30,5,Jitter/Timing Anomaly
2026-02-11 05:38:45,Ma_Box_Maison,AA:BB:CC:11:22:33,1,-60,5,RSSI Spike (2.8σ)
2026-02-11 05:38:45,Ma_B0x_Maison,FF:EE:DD:44:55:66,1,-60,2,RSSI Spike (3.0σ)
2026-02-11 05:38:45,Ma_Box_Maison,FF:FF:FF:EE:EE:EE,1,-30,5,Jitter/Timing Anomaly
2026-02-11 05:38:47,Ma_Box_Maison,AA:BB:CC:11:22:33,1,-61,5,RSSI Spike (2.8σ)
2026-02-11 05:38:47,Ma_B0x_Maison,FF:EE:DD:44:55:66,1,-60,2,RSSI Spike (3.0σ)
2026-02-11 05:38:47,Ma_Box_Maison,FF:FF:FF:EE:EE:EE,1,-30,5,Jitter/Timing Anomaly
2026-02-11 05:38:48,Ma_Box_Maison,AA:BB:CC:11:22:33,1,-55,5,RSSI Spike (2.8σ)
2026-02-11 05:38:48,Ma_B0x_Maison,FF:EE:DD:44:55:66,1,-69,2,RSSI Spike (3.0σ)
2026-02-11 05:38:48,Ma_Box_Maison,FF:FF:FF:EE:EE:EE,1,-30,5,Jitter/Timing Anomaly
2026-02-11 05:38:50,Ma_Box_Maison,AA:BB:CC:11:22:33,1,-60,5,RSSI Spike (2.8σ)
2026-02-11 05:38:50,Ma_B0x_Maison,FF:EE:DD:44:55:66,1,-69,2,RSSI Spike (3.0σ)
2026-02-11 05:38:50,Ma_Box_Maison,FF:FF:FF:EE:EE:EE,1,-30,5,Jitter/Timing Anomaly
2026-02-11 05:38:51,Ma_Box_Maison,AA:BB:CC:11:22:33,1,-64,5,RSSI Spike (2.8σ)
2026-02-11 05:38:51,Ma_B0x_Maison,FF:EE:DD:44:55:66,1,-60,2,RSSI Spike (3.0σ)
2026-02-11 05:38:51,Ma_Box_Maison,FF:FF:FF:EE:EE:EE,1,-30,5,Jitter/Timing Anomaly
2026-02-11 05:38:53,Ma_Box_Maison,AA:BB:CC:11:22:33,1,-60,5,RSSI Spike (2.8σ)
2026-02-11 05:38:53,Ma_B0x_Maison,FF:EE:DD:44:55:66,1,-62,2,RSSI Spike (3.0σ)
2026-02-11 05:38:53,Ma_Box_Maison,FF:FF:FF:EE:EE:EE,1,-30,5,Jitter/Timing Anomaly
2026-02-11 05:38:54,Ma_Box_Maison,AA:BB:CC:11:22:33,1,-61,5,RSSI Spike (2.8σ)
2026-02-11 05:38:54,Ma_B0x_Maison,FF:EE:DD:44:55:66,1,-69,2,RSSI Spike (3.0σ)
2026-02-11 05:38:54,Ma_Box_Maison,FF:FF:FF:EE:EE:EE,1,-30,5,Jitter/Timing Anomaly
2026-02-11 05:38:56,Ma_Box_Maison,AA:BB:CC:11:22:33,1,-63,5,RSSI Spike (2.8σ)
2026-02-11 05:38:56,Ma_B0x_Maison,FF:EE:DD:44:55:66,1,-70,2,RSSI Spike (3.0σ)
2026-02-11 05:38:56,Ma_Box_Maison,FF:FF:FF:EE:EE:EE,1,-30,5,Jitter/Timing Anomaly
2026-02-11 05:38:57,Ma_Box_Maison,AA:BB:CC:11:22:33,1,-63,5,RSSI Spike (2.8σ)
2026-02-11 05:38:57,Ma_B0x_Maison,FF:EE:DD:44:55:66,1,-62,2,RSSI Spike (3.0σ)
2026-02-11 05:38:57,Ma_Box_Maison,FF:FF:FF:EE:EE:EE,1,-30,5,Jitter/Timing Anomaly
2026-02-11 05:38:59,Ma_Box_Maison,AA:BB:CC:11:22:33,1,-58,5,RSSI Spike (2.8σ)
2026-02-11 05:38:59,Ma_B0x_Maison,FF:EE:DD:44:55:66,1,-61,2,RSSI Spike (3.0σ)
2026-02-11 05:38:59,Ma_Box_Maison,FF:FF:FF:EE:EE:EE,1,-30,5,Jitter/Timing Anomaly
2026-02-11 05:39:00,Ma_Box_Maison,AA:BB:CC:11:22:33,1,-60,5,RSSI Spike (2.8σ)
2026-02-11 05:39:00,Ma_B0x_Maison,FF:EE:DD:44:55:66,1,-60,2,RSSI Spike (3.0σ)
2026-02-11 05:39:00,Ma_Box_Maison,FF:FF:FF:EE:EE:EE,1,-30,5,Jitter/Timing Anomaly
2026-02-11 05:39:02,Ma_Box_Maison,AA:BB:CC:11:22:33,1,-63,5,RSSI Spike (2.8σ)
2026-02-11 05:39:02,Ma_B0x_Maison,FF:EE:DD:44:55:66,1,-69,2,RSSI Spike (3.0σ)
2026-02-11 05:39:02,Ma_Box_Maison,FF:FF:FF:EE:EE:EE,1,-30,5,Jitter/Timing Anomaly
2026-02-11 05:39:03,Ma_Box_Maison,AA:BB:CC:11:22:33,1,-61,5,RSSI Spike (2.8σ)
2026-02-11 05:39:03,Ma_B0x_Maison,FF:EE:DD:44:55:66,1,-67,2,RSSI Spike (3.0σ)
2026-02-11 05:39:03,Ma_Box_Maison,FF:FF:FF:EE:EE:EE,1,-30,5,Jitter/Timing Anomaly
2026-02-11 05:39:05,Ma_Box_Maison,AA:BB:CC:11:22:33,1,-58,5,RSSI Spike (2.8σ)
2026-02-11 05:39:05,Ma_B0x_Maison,FF:EE:DD:44:55:66,1,-69,2,RSSI Spike (3.0σ)
2026-02-11 05:39:05,Ma_Box_Maison,FF:FF:FF:EE:EE:EE,1,-30,5,Jitter/Timing Anomaly
2026-02-11 05:39:06,Ma_Box_Maison,AA:BB:CC:11:22:33,1,-64,5,RSSI Spike (2.8σ)
2026-02-11 05:39:06,Ma_B0x_Maison,FF:EE:DD:44:55:66,1,-70,2,RSSI Spike (3.0σ)
2026-02-11 05:39:06,Ma_Box_Maison,FF:FF:FF:EE:EE:EE,1,-30,5,Jitter/Timing Anomaly
2026-02-11 05:39:08,Ma_Box_Maison,AA:BB:CC:11:22:33,1,-60,5,RSSI Spike (2.8σ)
2026-02-11 05:39:08,Ma_B0x_Maison,FF:EE:DD:44:55:66,1,-70,2,RSSI Spike (3.0σ)
2026-02-11 05:39:08,Ma_Box_Maison,FF:FF:FF:EE:EE:EE,1,-30,5,Jitter/Timing Anomaly
2026-02-11 05:39:09,Ma_Box_Maison,AA:BB:CC:11:22:33,1,-64,5,RSSI Spike (2.8σ)
2026-02-11 05:39:09,Ma_B0x_Maison,FF:EE:DD:44:55:66,1,-62,2,RSSI Spike (3.0σ)
2026-02-11 05:39:09,Ma_Box_Maison,FF:FF:FF:EE:EE:EE,1,-30,5,Jitter/Timing Anomaly
2026-02-11 05:39:11,Ma_Box_Maison,AA:BB:CC:11:22:33,1,-64,5,RSSI Spike (2.8σ)
2026-02-11 05:39:11,Ma_B0x_Maison,FF:EE:DD:44:55:66,1,-69,2,RSSI Spike (3.0σ)
2026-02-11 05:39:11,Ma_Box_Maison,FF:FF:FF:EE:EE:EE,1,-30,5,Jitter/Timing Anomaly
2026-02-11 05:39:12,Ma_Box_Maison,AA:BB:CC:11:22:33,1,-64,5,RSSI Spike (2.8σ)
2026-02-11 05:39:12,Ma_B0x_Maison,FF:EE:DD:44:55:66,1,-62,2,RSSI Spike (3.0σ)
2026-02-11 05:39:12,Ma_Box_Maison,FF:FF:FF:EE:EE:EE,1,-30,5,Jitter/Timing Anomaly
2026-02-11 05:39:14,Ma_Box_Maison,AA:BB:CC:11:22:33,1,-59,5,RSSI Spike (2.8σ)
2026-02-11 05:39:14,Ma_B0x_Maison,FF:EE:DD:44:55:66,1,-60,2,RSSI Spike (3.0σ)
2026-02-11 05:39:14,Ma_Box_Maison,FF:FF:FF:EE:EE:EE,1,-30,5,Jitter/Timing Anomaly
2026-02-11 05:39:16,Ma_Box_Maison,AA:BB:CC:11:22:33,1,-56,5,RSSI Spike (2.8σ)
2026-02-11 05:39:16,Ma_B0x_Maison,FF:EE:DD:44:55:66,1,-70,2,RSSI Spike (3.0σ)
2026-02-11 05:39:16,Ma_Box_Maison,FF:FF:FF:EE:EE:EE,1,-30,5,Jitter/Timing Anomaly
2026-02-11 05:39:17,Ma_Box_Maison,AA:BB:CC:11:22:33,1,-61,5,RSSI Spike (2.8σ)
2026-02-11 05:39:17,Ma_B0x_Maison,FF:EE:DD:44:55:66,1,-68,2,RSSI Spike (3.0σ)
2026-02-11 05:39:17,Ma_Box_Maison,FF:FF:FF:EE:EE:EE,1,-30,5,Jitter/Timing Anomaly
2026-02-11 05:39:19,Ma_Box_Maison,AA:BB:CC:11:22:33,1,-64,5,RSSI Spike (2.8σ)
2026-02-11 05:39:19,Ma_B0x_Maison,FF:EE:DD:44:55:66,1,-68,2,RSSI Spike (3.0σ)
2026-02-11 05:39:19,Ma_Box_Maison,FF:FF:FF:EE:EE:EE,1,-30,5,Jitter/Timing Anomaly
2026-02-11 05:39:20,Ma_Box_Maison,AA:BB:CC:11:22:33,1,-61,5,RSSI Spike (2.8σ)
2026-02-11 05:39:20,Ma_B0x_Maison,FF:EE:DD:44:55:66,1,-61,2,RSSI Spike (3.0σ)
2026-02-11 05:39:20,Ma_Box_Maison,FF:FF:FF:EE:EE:EE,1,-30,5,Jitter/Timing Anomaly
2026-02-11 05:39:22,Ma_Box_Maison,AA:BB:CC:11:22:33,1,-56,5,RSSI Spike (2.8σ)
2026-02-11 05:39:22,Ma_B0x_Maison,FF:EE:DD:44:55:66,1,-64,2,RSSI Spike (3.0σ)
2026-02-11 05:39:22,Ma_Box_Maison,FF:FF:FF:EE:EE:EE,1,-30,5,Jitter/Timing Anomaly
2026-02-11 05:39:23,Ma_Box_Maison,AA:BB:CC:11:22:33,1,-56,5,RSSI Spike (2.8σ)
2026-02-11 05:39:23,Ma_B0x_Maison,FF:EE:DD:44:55:66,1,-62,2,RSSI Spike (3.0σ)
2026-02-11 05:39:23,Ma_Box_Maison,FF:FF:FF:EE:EE:EE,1,-30,5,Jitter/Timing Anomaly
2026-02-11 05:39:25,Ma_Box_Maison,AA:BB:CC:11:22:33,1,-62,5,RSSI Spike (2.8σ)
2026-02-11 05:39:25,Ma_B0x_Maison,FF:EE:DD:44:55:66,1,-64,2,RSSI Spike (3.0σ)
2026-02-11 05:39:25,Ma_Box_Maison,FF:FF:FF:EE:EE:EE,1,-30,5,Jitter/Timing Anomaly
2026-02-11 05:39:26,Ma_Box_Maison,AA:BB:CC:11:22:33,1,-56,5,RSSI Spike (2.8σ)
2026-02-11 05:39:26,Ma_B0x_Maison,FF:EE:DD:44:55:66,1,-64,2,RSSI Spike (3.0σ)
2026-02-11 05:39:26,Ma_Box_Maison,FF:FF:FF:EE:EE:EE,1,-30,5,Jitter/Timing Anomaly
2026-02-11 05:39:28,Ma_Box_Maison,AA:BB:CC:11:22:33,1,-56,5,RSSI Spike (2.8σ)
2026-02-11 05:39:28,Ma_B0x_Maison,FF:EE:DD:44:55:66,1,-64,2,RSSI Spike (3.0σ)
2026-02-11 05:39:28,Ma_Box_Maison,FF:FF:FF:EE:EE:EE,1,-30,5,Jitter/Timing Anomaly
2026-02-11 05:39:29,Ma_Box_Maison,AA:BB:CC:11:22:33,1,-57,5,RSSI Spike (2.8σ)
2026-02-11 05:39:29,Ma_B0x_Maison,FF:EE:DD:44:55:66,1,-68,2,RSSI Spike (3.0σ)
2026-02-11 05:39:29,Ma_Box_Maison,FF:FF:FF:EE:EE:EE,1,-30,5,Jitter/Timing Anomaly
2026-02-11 05:39:31,Ma_Box_Maison,AA:BB:CC:11:22:33,1,-64,5,RSSI Spike (2.8σ)
2026-02-11 05:39:31,Ma_B0x_Maison,FF:EE:DD:44:55:66,1,-70,2,RSSI Spike (3.0σ)
2026-02-11 05:39:31,Ma_Box_Maison,FF:FF:FF:EE:EE:EE,1,-30,5,Jitter/Timing Anomaly
2026-02-11 05:39:32,Ma_Box_Maison,AA:BB:CC:11:22:33,1,-64,5,RSSI Spike (2.8σ)
2026-02-11 05:39:32,Ma_B0x_Maison,FF:EE:DD:44:55:66,1,-67,2,RSSI Spike (3.0σ)
2026-02-11 05:39:32,Ma_Box_Maison,FF:FF:FF:EE:EE:EE,1,-30,5,Jitter/Timing Anomaly
2026-02-11 05:39:34,Ma_Box_Maison,AA:BB:CC:11:22:33,1,-57,5,RSSI Spike (2.8σ)
2026-02-11 05:39:34,Ma_B0x_Maison,FF:EE:DD:44:55:66,1,-69,2,RSSI Spike (3.0σ)
2026-02-11 05:39:34,Ma_Box_Maison,FF:FF:FF:EE:EE:EE,1,-30,5,Jitter/Timing Anomaly
2026-02-11 05:39:35,Ma_Box_Maison,AA:BB:CC:11:22:33,1,-59,5,RSSI Spike (2.8σ)
2026-02-11 05:39:35,Ma_B0x_Maison,FF:EE:DD:44:55:66,1,-61,2,RSSI Spike (3.0σ)
2026-02-11 05:39:35,Ma_Box_Maison,FF:FF:FF:EE:EE:EE,1,-30,5,Jitter/Timing Anomaly
2026-02-11 05:39:37,Ma_Box_Maison,AA:BB:CC:11:22:33,1,-60,5,RSSI Spike (2.8σ)
2026-02-11 05:39:37,Ma_B0x_Maison,FF:EE:DD:44:55:66,1,-70,2,RSSI Spike (3.0σ)
2026-02-11 05:39:37,Ma_Box_Maison,FF:FF:FF:EE:EE:EE,1,-30,5,Jitter/Timing Anomaly
2026-02-11 05:39:38,Ma_Box_Maison,AA:BB:CC:11:22:33,1,-59,5,RSSI Spike (2.8σ)
2026-02-11 05:39:38,Ma_B0x_Maison,FF:EE:DD:44:55:66,1,-69,2,RSSI Spike (3.0σ)
2026-02-11 05:39:38,Ma_Box_Maison,FF:FF:FF:EE:EE:EE,1,-30,5,Jitter/Timing Anomaly
2026-02-11 05:39:40,Ma_Box_Maison,AA:BB:CC:11:22:33,1,-63,5,RSSI Spike (2.8σ)
2026-02-11 05:39:40,Ma_B0x_Maison,FF:EE:DD:44:55:66,1,-64,2,RSSI Spike (3.0σ)
2026-02-11 05:39:40,Ma_Box_Maison,FF:FF:FF:EE:EE:EE,1,-30,5,Jitter/Timing Anomaly
2026-02-11 05:39:41,Ma_Box_Maison,AA:BB:CC:11:22:33,1,-59,5,RSSI Spike (2.8σ)
2026-02-11 05:39:41,Ma_B0x_Maison,FF:EE:DD:44:55:66,1,-67,2,RSSI Spike (3.0σ)
2026-02-11 05:39:41,Ma_Box_Maison,FF:FF:FF:EE:EE:EE,1,-30,5,Jitter/Timing Anomaly
2026-02-11 05:39:43,Ma_Box_Maison,AA:BB:CC:11:22:33,1,-61,5,RSSI Spike (2.8σ)
2026-02-11 05:39:43,Ma_B0x_Maison,FF:EE:DD:44:55:66,1,-64,2,RSSI Spike (3.0σ)
2026-02-11 05:39:43,Ma_Box_Maison,FF:FF:FF:EE:EE:EE,1,-30,5,Jitter/Timing Anomaly
2026-02-11 05:39:44,Ma_Box_Maison,AA:BB:CC:11:22:33,1,-59,5,RSSI Spike (2.8σ)
2026-02-11 05:39:44,Ma_B0x_Maison,FF:EE:DD:44:55:66,1,-70,2,RSSI Spike (3.0σ)
2026-02-11 05:39:44,Ma_Box_Maison,FF:FF:FF:EE:EE:EE,1,-30,5,Jitter/Timing Anomaly
2026-02-11 05:39:46,Ma_Box_Maison,AA:BB:CC:11:22:33,1,-59,5,RSSI Spike (2.8σ)
2026-02-11 05:39:46,Ma_B0x_Maison,FF:EE:DD:44:55:66,1,-62,2,RSSI Spike (3.0σ)
2026-02-11 05:39:46,Ma_Box_Maison,FF:FF:FF:EE:EE:EE,1,-30,5,Jitter/Timing Anomaly
2026-02-11 05:39:47,Ma_Box_Maison,AA:BB:CC:11:22:33,1,-64,5,RSSI Spike (2.8σ)
2026-02-11 05:39:47,Ma_B0x_Maison,FF:EE:DD:44:55:66,1,-63,2,RSSI Spike (3.0σ)
2026-02-11 05:39:47,Ma_Box_Maison,FF:FF:FF:EE:EE:EE,1,-30,5,Jitter/Timing Anomaly
2026-02-11 05:39:49,Ma_Box_Maison,AA:BB:CC:11:22:33,1,-61,5,RSSI Spike (2.8σ)
2026-02-11 05:39:49,Ma_B0x_Maison,FF:EE:DD:44:55:66,1,-61,2,RSSI Spike (3.0σ)
2026-02-11 05:39:49,Ma_Box_Maison,FF:FF:FF:EE:EE:EE,1,-30,5,Jitter/Timing Anomaly
2026-02-11 05:39:50,Ma_Box_Maison,AA:BB:CC:11:22:33,1,-57,5,RSSI Spike (2.8σ)
2026-02-11 05:39:50,Ma_B0x_Maison,FF:EE:DD:44:55:66,1,-60,2,RSSI Spike (3.0σ)
2026-02-11 05:39:50,Ma_Box_Maison,FF:FF:FF:EE:EE:EE,1,-30,5,Jitter/Timing Anomaly
2026-02-11 05:39:52,Ma_Box_Maison,AA:BB:CC:11:22:33,1,-59,5,RSSI Spike (2.8σ)
2026-02-11 05:39:52,Ma_B0x_Maison,FF:EE:DD:44:55:66,1,-69,2,RSSI Spike (3.0σ)
2026-02-11 05:39:52,Ma_Box_Maison,FF:FF:FF:EE:EE:EE,1,-30,5,Jitter/Timing Anomaly
2026-02-11 05:39:53,Ma_Box_Maison,AA:BB:CC:11:22:33,1,-64,5,RSSI Spike (2.8σ)
2026-02-11 05:39:53,Ma_B0x_Maison,FF:EE:DD:44:55:66,1,-69,2,RSSI Spike (3.0σ)
2026-02-11 05:39:53,Ma_Box_Maison,FF:FF:FF:EE:EE:EE,1,-30,5,Jitter/Timing Anomaly
2026-02-11 05:39:55,Ma_Box_Maison,AA:BB:CC:11:22:33,1,-57,5,RSSI Spike (2.8σ)
2026-02-11 05:39:55,Ma_B0x_Maison,FF:EE:DD:44:55:66,1,-70,2,RSSI Spike (3.0σ)
2026-02-11 05:39:55,Ma_Box_Maison,FF:FF:FF:EE:EE:EE,1,-30,5,Jitter/Timing Anomaly
2026-02-11 05:39:56,Ma_Box_Maison,AA:BB:CC:11:22:33,1,-64,5,RSSI Spike (2.8σ)
2026-02-11 05:39:56,Ma_B0x_Maison,FF:EE:DD:44:55:66,1,-69,2,RSSI Spike (3.0σ)
2026-02-11 05:39:56,Ma_Box_Maison,FF:FF:FF:EE:EE:EE,1,-30,5,Jitter/Timing Anomaly
2026-02-11 05:39:58,Ma_Box_Maison,AA:BB:CC:11:22:33,1,-65,5,RSSI Spike (2.8σ)
2026-02-11 05:39:58,Ma_B0x_Maison,FF:EE:DD:44:55:66,1,-67,2,RSSI Spike (3.0σ)
2026-02-11 05:39:58,Ma_Box_Maison,FF:FF:FF:EE:EE:EE,1,-30,5,Jitter/Timing Anomaly
2026-02-11 05:39:59,Ma_Box_Maison,AA:BB:CC:11:22:33,1,-55,5,RSSI Spike (2.8σ)
2026-02-11 05:39:59,Ma_B0x_Maison,FF:EE:DD:44:55:66,1,-61,2,RSSI Spike (3.0σ)
2026-02-11 05:39:59,Ma_Box_Maison,FF:FF:FF:EE:EE:EE,1,-30,5,Jitter/Timing Anomaly
2026-02-11 05:40:01,Ma_Box_Maison,AA:BB:CC:11:22:33,1,-63,5,RSSI Spike (2.8σ)
2026-02-11 05:40:01,Ma_B0x_Maison,FF:EE:DD:44:55:66,1,-67,2,RSSI Spike (3.0σ)
2026-02-11 05:40:01,Ma_Box_Maison,FF:FF:FF:EE:EE:EE,1,-30,5,Jitter/Timing Anomaly
2026-02-11 05:40:02,Ma_Box_Maison,AA:BB:CC:11:22:33,1,-56,5,RSSI Spike (2.8σ)
2026-02-11 05:40:02,Ma_B0x_Maison,FF:EE:DD:44:55:66,1,-62,2,RSSI Spike (3.0σ)
2026-02-11 05:40:02,Ma_Box_Maison,FF:FF:FF:EE:EE:EE,1,-30,5,Jitter/Timing Anomaly
2026-02-11 05:40:04,Ma_Box_Maison,AA:BB:CC:11:22:33,1,-57,5,RSSI Spike (2.8σ)
2026-02-11 05:40:04,Ma_B0x_Maison,FF:EE:DD:44:55:66,1,-60,2,RSSI Spike (3.0σ)
2026-02-11 05:40:04,Ma_Box_Maison,FF:FF:FF:EE:EE:EE,1,-30,5,Jitter/Timing Anomaly
2026-02-11 05:40:05,Ma_Box_Maison,AA:BB:CC:11:22:33,1,-63,5,RSSI Spike (2.8σ)
2026-02-11 05:40:05,Ma_B0x_Maison,FF:EE:DD:44:55:66,1,-64,2,RSSI Spike (3.0σ)
2026-02-11 05:40:05,Ma_Box_Maison,FF:FF:FF:EE:EE:EE,1,-30,5,Jitter/Timing Anomaly
2026-02-11 05:40:07,Ma_Box_Maison,AA:BB:CC:11:22:33,1,-63,5,RSSI Spike (2.8σ)
2026-02-11 05:40:07,Ma_B0x_Maison,FF:EE:DD:44:55:66,1,-60,2,RSSI Spike (3.0σ)
2026-02-11 05:40:07,Ma_Box_Maison,FF:FF:FF:EE:EE:EE,1,-30,5,Jitter/Timing Anomaly
2026-02-11 05:40:08,Ma_Box_Maison,AA:BB:CC:11:22:33,1,-62,5,RSSI Spike (2.8σ)
2026-02-11 05:40:08,Ma_B0x_Maison,FF:EE:DD:44:55:66,1,-62,2,RSSI Spike (3.0σ)
2026-02-11 05:40:08,Ma_Box_Maison,FF:FF:FF:EE:EE:EE,1,-30,5,Jitter/Timing Anomaly
2026-02-11 05:40:10,Ma_Box_Maison,AA:BB:CC:11:22:33,1,-60,5,RSSI Spike (2.8σ)
2026-02-11 05:40:10,Ma_B0x_Maison,FF:EE:DD:44:55:66,1,-65,2,RSSI Spike (3.0σ)
2026-02-11 05:40:10,Ma_Box_Maison,FF:FF:FF:EE:EE:EE,1,-30,5,Jitter/Timing Anomaly
2026-02-11 05:40:11,Ma_Box_Maison,AA:BB:CC:11:22:33,1,-56,5,RSSI Spike (2.8σ)
2026-02-11 05:40:11,Ma_B0x_Maison,FF:EE:DD:44:55:66,1,-66,2,RSSI Spike (3.0σ)
2026-02-11 05:40:11,Ma_Box_Maison,FF:FF:FF:EE:EE:EE,1,-30,5,Jitter/Timing Anomaly
2026-02-11 05:40:13,Ma_Box_Maison,AA:BB:CC:11:22:33,1,-65,5,RSSI Spike (2.8σ)
2026-02-11 05:40:13,Ma_B0x_Maison,FF:EE:DD:44:55:66,1,-62,2,RSSI Spike (3.0σ)
2026-02-11 05:40:13,Ma_Box_Maison,FF:FF:FF:EE:EE:EE,1,-30,5,Jitter/Timing Anomaly
2026-02-11 05:40:14,Ma_Box_Maison,AA:BB:CC:11:22:33,1,-59,5,RSSI Spike (2.8σ)
2026-02-11 05:40:14,Ma_B0x_Maison,FF:EE:DD:44:55:66,1,-61,2,RSSI Spike (3.0σ)
2026-02-11 05:40:14,Ma_Box_Maison,FF:FF:FF:EE:EE:EE,1,-30,5,Jitter/Timing Anomaly
2026-02-11 05:40:16,Ma_Box_Maison,AA:BB:CC:11:22:33,1,-56,5,RSSI Spike (2.8σ)
2026-02-11 05:40:16,Ma_B0x_Maison,FF:EE:DD:44:55:66,1,-68,2,RSSI Spike (3.0σ)
2026-02-11 05:40:16,Ma_Box_Maison,FF:FF:FF:EE:EE:EE,1,-30,5,Jitter/Timing Anomaly
2026-02-11 05:40:17,Ma_Box_Maison,AA:BB:CC:11:22:33,1,-58,5,RSSI Spike (2.8σ)
2026-02-11 05:40:17,Ma_B0x_Maison,FF:EE:DD:44:55:66,1,-69,2,RSSI Spike (3.0σ)
2026-02-11 05:40:17,Ma_Box_Maison,FF:FF:FF:EE:EE:EE,1,-30,5,Jitter/Timing Anomaly
2026-02-11 05:40:19,Ma_Box_Maison,AA:BB:CC:11:22:33,1,-58,5,RSSI Spike (2.8σ)
2026-02-11 05:40:19,Ma_B0x_Maison,FF:EE:DD:44:55:66,1,-67,2,RSSI Spike (3.0σ)
2026-02-11 05:40:19,Ma_Box_Maison,FF:FF:FF:EE:EE:EE,1,-30,5,Jitter/Timing Anomaly
2026-02-11 05:40:20,Ma_Box_Maison,AA:BB:CC:11:22:33,1,-55,5,RSSI Spike (2.8σ)
2026-02-11 05:40:20,Ma_B0x_Maison,FF:EE:DD:44:55:66,1,-65,2,RSSI Spike (3.0σ)
2026-02-11 05:40:20,Ma_Box_Maison,FF:FF:FF:EE:EE:EE,1,-30,5,Jitter/Timing Anomaly
2026-02-11 05:40:22,Ma_Box_Maison,AA:BB:CC:11:22:33,1,-59,5,RSSI Spike (2.8σ)
2026-02-11 05:40:22,Ma_B0x_Maison,FF:EE:DD:44:55:66,1,-60,2,RSSI Spike (3.0σ)
2026-02-11 05:40:22,Ma_Box_Maison,FF:FF:FF:EE:EE:EE,1,-30,5,Jitter/Timing Anomaly
2026-02-11 05:40:23,Ma_Box_Maison,AA:BB:CC:11:22:33,1,-65,5,RSSI Spike (2.8σ)
2026-02-11 05:40:23,Ma_B0x_Maison,FF:EE:DD:44:55:66,1,-62,2,RSSI Spike (3.0σ)
2026-02-11 05:40:23,Ma_Box_Maison,FF:FF:FF:EE:EE:EE,1,-30,5,Jitter/Timing Anomaly
2026-02-11 05:40:25,Ma_Box_Maison,AA:BB:CC:11:22:33,1,-64,5,RSSI Spike (2.8σ)
2026-02-11 05:40:25,Ma_B0x_Maison,FF:EE:DD:44:55:66,1,-69,2,RSSI Spike (3.0σ)
2026-02-11 05:40:25,Ma_Box_Maison,FF:FF:FF:EE:EE:EE,1,-30,5,Jitter/Timing Anomaly
2026-02-11 05:40:26,Ma_Box_Maison,AA:BB:CC:11:22:33,1,-57,5,RSSI Spike (2.8σ)
2026-02-11 05:40:26,Ma_B0x_Maison,FF:EE:DD:44:55:66,1,-62,2,RSSI Spike (3.0σ)
2026-02-11 05:40:26,Ma_Box_Maison,FF:FF:FF:EE:EE:EE,1,-30,5,Jitter/Timing Anomaly
2026-02-11 05:40:28,Ma_Box_Maison,AA:BB:CC:11:22:33,1,-61,5,RSSI Spike (2.8σ)
2026-02-11 05:40:28,Ma_B0x_Maison,FF:EE:DD:44:55:66,1,-62,2,RSSI Spike (3.0σ)
2026-02-11 05:40:28,Ma_Box_Maison,FF:FF:FF:EE:EE:EE,1,-30,5,Jitter/Timing Anomaly
2026-02-11 05:40:29,Ma_Box_Maison,AA:BB:CC:11:22:33,1,-65,5,RSSI Spike (2.8σ)
2026-02-11 05:40:29,Ma_B0x_Maison,FF:EE:DD:44:55:66,1,-66,2,RSSI Spike (3.0σ)
2026-02-11 05:40:29,Ma_Box_Maison,FF:FF:FF:EE:EE:EE,1,-30,5,Jitter/Timing Anomaly
2026-02-11 05:40:31,Ma_Box_Maison,AA:BB:CC:11:22:33,1,-60,5,RSSI Spike (2.8σ)
2026-02-11 05:40:31,Ma_B0x_Maison,FF:EE:DD:44:55:66,1,-68,2,RSSI Spike (3.0σ)
2026-02-11 05:40:31,Ma_Box_Maison,FF:FF:FF:EE:EE:EE,1,-30,5,Jitter/Timing Anomaly
2026-02-11 05:40:32,Ma_Box_Maison,AA:BB:CC:11:22:33,1,-64,5,RSSI Spike (2.8σ)
2026-02-11 05:40:32,Ma_B0x_Maison,FF:EE:DD:44:55:66,1,-67,2,RSSI Spike (3.0σ)
2026-02-11 05:40:32,Ma_Box_Maison,FF:FF:FF:EE:EE:EE,1,-30,5,Jitter/Timing Anomaly
2026-02-11 05:40:34,Ma_Box_Maison,AA:BB:CC:11:22:33,1,-61,5,RSSI Spike (2.8σ)
2026-02-11 05:40:34,Ma_B0x_Maison,FF:EE:DD:44:55:66,1,-69,2,RSSI Spike (3.0σ)
2026-02-11 05:40:34,Ma_Box_Maison,FF:FF:FF:EE:EE:EE,1,-30,5,Jitter/Timing Anomaly
2026-02-11 05:40:35,Ma_Box_Maison,AA:BB:CC:11:22:33,1,-64,5,RSSI Spike (2.8σ)
2026-02-11 05:40:35,Ma_B0x_Maison,FF:EE:DD:44:55:66,1,-67,2,RSSI Spike (3.0σ)
2026-02-11 05:40:35,Ma_Box_Maison,FF:FF:FF:EE:EE:EE,1,-30,5,Jitter/Timing Anomaly
2026-02-11 05:40:37,Ma_Box_Maison,AA:BB:CC:11:22:33,1,-59,5,RSSI Spike (2.8σ)
2026-02-11 05:40:37,Ma_B0x_Maison,FF:EE:DD:44:55:66,1,-66,2,RSSI Spike (3.0σ)
2026-02-11 05:40:37,Ma_Box_Maison,FF:FF:FF:EE:EE:EE,1,-30,5,Jitter/Timing Anomaly
2026-02-11 05:40:38,Ma_Box_Maison,AA:BB:CC:11:22:33,1,-64,5,RSSI Spike (2.8σ)
2026-02-11 05:40:38,Ma_B0x_Maison,FF:EE:DD:44:55:66,1,-66,2,RSSI Spike (3.0σ)
2026-02-11 05:40:38,Ma_Box_Maison,FF:FF:FF:EE:EE:EE,1,-30,5,Jitter/Timing Anomaly
2026-02-11 05:40:40,Ma_Box_Maison,AA:BB:CC:11:22:33,1,-60,5,RSSI Spike (2.8σ)
2026-02-11 05:40:40,Ma_B0x_Maison,FF:EE:DD:44:55:66,1,-62,2,RSSI Spike (3.0σ)
2026-02-11 05:40:40,Ma_Box_Maison,FF:FF:FF:EE:EE:EE,1,-30,5,Jitter/Timing Anomaly
2026-02-11 05:40:41,Ma_Box_Maison,AA:BB:CC:11:22:33,1,-64,5,RSSI Spike (2.8σ)
2026-02-11 05:40:41,Ma_B0x_Maison,FF:EE:DD:44:55:66,1,-60,2,RSSI Spike (3.0σ)
2026-02-11 05:40:41,Ma_Box_Maison,FF:FF:FF:EE:EE:EE,1,-30,5,Jitter/Timing Anomaly
2026-02-11 05:40:43,Ma_Box_Maison,AA:BB:CC:11:22:33,1,-64,5,RSSI Spike (2.8σ)
2026-02-11 05:40:43,Ma_B0x_Maison,FF:EE:DD:44:55:66,1,-63,2,RSSI Spike (3.0σ)
2026-02-11 05:40:43,Ma_Box_Maison,FF:FF:FF:EE:EE:EE,1,-30,5,Jitter/Timing Anomaly
2026-02-11 05:40:44,Ma_Box_Maison,AA:BB:CC:11:22:33,1,-57,5,RSSI Spike (2.8σ)
2026-02-11 05:40:44,Ma_B0x_Maison,FF:EE:DD:44:55:66,1,-60,2,RSSI Spike (3.0σ)
2026-02-11 05:40:44,Ma_Box_Maison,FF:FF:FF:EE:EE:EE,1,-30,5,Jitter/Timing Anomaly
2026-02-11 05:40:46,Ma_Box_Maison,AA:BB:CC:11:22:33,1,-65,5,RSSI Spike (2.8σ)
2026-02-11 05:40:46,Ma_B0x_Maison,FF:EE:DD:44:55:66,1,-62,2,RSSI Spike (3.0σ)
2026-02-11 05:40:46,Ma_Box_Maison,FF:FF:FF:EE:EE:EE,1,-30,5,Jitter/Timing Anomaly
2026-02-11 05:40:47,Ma_Box_Maison,AA:BB:CC:11:22:33,1,-61,5,RSSI Spike (2.8σ)
2026-02-11 05:40:47,Ma_B0x_Maison,FF:EE:DD:44:55:66,1,-64,2,RSSI Spike (3.0σ)
2026-02-11 05:40:47,Ma_Box_Maison,FF:FF:FF:EE:EE:EE,1,-30,5,Jitter/Timing Anomaly
2026-02-11 05:40:49,Ma_Box_Maison,AA:BB:CC:11:22:33,1,-63,5,RSSI Spike (2.8σ)
2026-02-11 05:40:49,Ma_B0x_Maison,FF:EE:DD:44:55:66,1,-67,2,RSSI Spike (3.0σ)
2026-02-11 05:40:49,Ma_Box_Maison,FF:FF:FF:EE:EE:EE,1,-30,5,Jitter/Timing Anomaly
2026-02-11 05:40:50,Ma_Box_Maison,AA:BB:CC:11:22:33,1,-55,5,RSSI Spike (2.8σ)
2026-02-11 05:40:50,Ma_B0x_Maison,FF:EE:DD:44:55:66,1,-64,2,RSSI Spike (3.0σ)
2026-02-11 05:40:50,Ma_Box_Maison,FF:FF:FF:EE:EE:EE,1,-30,5,Jitter/Timing Anomaly
2026-02-11 05:40:52,Ma_Box_Maison,AA:BB:CC:11:22:33,1,-61,5,RSSI Spike (2.8σ)
2026-02-11 05:40:52,Ma_B0x_Maison,FF:EE:DD:44:55:66,1,-66,2,RSSI Spike (3.0σ)
2026-02-11 05:40:52,Ma_Box_Maison,FF:FF:FF:EE:EE:EE,1,-30,5,Jitter/Timing Anomaly
2026-02-11 05:40:53,Ma_Box_Maison,AA:BB:CC:11:22:33,1,-65,5,RSSI Spike (2.8σ)
2026-02-11 05:40:53,Ma_B0x_Maison,FF:EE:DD:44:55:66,1,-68,2,RSSI Spike (3.0σ)
2026-02-11 05:40:53,Ma_Box_Maison,FF:FF:FF:EE:EE:EE,1,-30,5,Jitter/Timing Anomaly
2026-02-11 05:40:55,Ma_Box_Maison,AA:BB:CC:11:22:33,1,-61,5,RSSI Spike (2.8σ)
2026-02-11 05:40:55,Ma_B0x_Maison,FF:EE:DD:44:55:66,1,-60,2,RSSI Spike (3.0σ)
2026-02-11 05:40:55,Ma_Box_Maison,FF:FF:FF:EE:EE:EE,1,-30,5,Jitter/Timing Anomaly
2026-02-11 05:40:56,Ma_Box_Maison,AA:BB:CC:11:22:33,1,-57,5,RSSI Spike (2.8σ)
2026-02-11 05:40:56,Ma_B0x_Maison,FF:EE:DD:44:55:66,1,-61,2,RSSI Spike (3.0σ)
2026-02-11 05:40:56,Ma_Box_Maison,FF:FF:FF:EE:EE:EE,1,-30,5,Jitter/Timing Anomaly
2026-02-11 05:40:58,Ma_Box_Maison,AA:BB:CC:11:22:33,1,-63,5,RSSI Spike (2.8σ)
2026-02-11 05:40:58,Ma_B0x_Maison,FF:EE:DD:44:55:66,1,-64,2,RSSI Spike (3.0σ)
2026-02-11 05:40:58,Ma_Box_Maison,FF:FF:FF:EE:EE:EE,1,-30,5,Jitter/Timing Anomaly
2026-02-11 05:40:59,Ma_Box_Maison,AA:BB:CC:11:22:33,1,-61,5,RSSI Spike (2.8σ)
2026-02-11 05:40:59,Ma_B0x_Maison,FF:EE:DD:44:55:66,1,-70,2,RSSI Spike (3.0σ)
2026-02-11 05:40:59,Ma_Box_Maison,FF:FF:FF:EE:EE:EE,1,-30,5,Jitter/Timing Anomaly
2026-02-11 05:41:01,Ma_Box_Maison,AA:BB:CC:11:22:33,1,-61,5,RSSI Spike (2.8σ)
2026-02-11 05:41:01,Ma_B0x_Maison,FF:EE:DD:44:55:66,1,-64,2,RSSI Spike (3.0σ)
2026-02-11 05:41:01,Ma_Box_Maison,FF:FF:FF:EE:EE:EE,1,-30,5,Jitter/Timing Anomaly
2026-02-11 05:41:02,Ma_Box_Maison,AA:BB:CC:11:22:33,1,-60,5,RSSI Spike (2.8σ)
2026-02-11 05:41:02,Ma_B0x_Maison,FF:EE:DD:44:55:66,1,-63,2,RSSI Spike (3.0σ)
2026-02-11 05:41:02,Ma_Box_Maison,FF:FF:FF:EE:EE:EE,1,-30,5,Jitter/Timing Anomaly
2026-02-11 05:41:04,Ma_Box_Maison,AA:BB:CC:11:22:33,1,-59,5,RSSI Spike (2.8σ)
2026-02-11 05:41:04,Ma_B0x_Maison,FF:EE:DD:44:55:66,1,-70,2,RSSI Spike (3.0σ)
2026-02-11 05:41:04,Ma_Box_Maison,FF:FF:FF:EE:EE:EE,1,-30,5,Jitter/Timing Anomaly
2026-02-11 05:41:05,Ma_Box_Maison,AA:BB:CC:11:22:33,1,-61,5,RSSI Spike (2.8σ)
2026-02-11 05:41:05,Ma_B0x_Maison,FF:EE:DD:44:55:66,1,-66,2,RSSI Spike (3.0σ)
2026-02-11 05:41:05,Ma_Box_Maison,FF:FF:FF:EE:EE:EE,1,-30,5,Jitter/Timing Anomaly
2026-02-11 05:41:07,Ma_Box_Maison,AA:BB:CC:11:22:33,1,-60,5,RSSI Spike (2.8σ)
2026-02-11 05:41:07,Ma_B0x_Maison,FF:EE:DD:44:55:66,1,-63,2,RSSI Spike (3.0σ)
2026-02-11 05:41:07,Ma_Box_Maison,FF:FF:FF:EE:EE:EE,1,-30,5,Jitter/Timing Anomaly
2026-02-11 05:41:08,Ma_Box_Maison,AA:BB:CC:11:22:33,1,-61,5,RSSI Spike (2.8σ)
2026-02-11 05:41:08,Ma_B0x_Maison,FF:EE:DD:44:55:66,1,-69,2,RSSI Spike (3.0σ)
2026-02-11 05:41:08,Ma_Box_Maison,FF:FF:FF:EE:EE:EE,1,-30,5,Jitter/Timing Anomaly
2026-02-11 05:41:10,Ma_Box_Maison,AA:BB:CC:11:22:33,1,-55,5,RSSI Spike (2.8σ)
2026-02-11 05:41:10,Ma_B0x_Maison,FF:EE:DD:44:55:66,1,-69,2,RSSI Spike (3.0σ)
2026-02-11 05:41:10,Ma_Box_Maison,FF:FF:FF:EE:EE:EE,1,-30,5,Jitter/Timing Anomaly
2026-02-11 05:41:11,Ma_Box_Maison,AA:BB:CC:11:22:33,1,-57,5,RSSI Spike (2.8σ)
2026-02-11 05:41:11,Ma_B0x_Maison,FF:EE:DD:44:55:66,1,-64,2,RSSI Spike (3.0σ)
2026-02-11 05:41:11,Ma_Box_Maison,FF:FF:FF:EE:EE:EE,1,-30,5,Jitter/Timing Anomaly
2026-02-11 05:41:13,Ma_Box_Maison,AA:BB:CC:11:22:33,1,-58,5,RSSI Spike (2.8σ)
2026-02-11 05:41:13,Ma_B0x_Maison,FF:EE:DD:44:55:66,1,-66,2,RSSI Spike (3.0σ)
2026-02-11 05:41:13,Ma_Box_Maison,FF:FF:FF:EE:EE:EE,1,-30,5,Jitter/Timing Anomaly
2026-02-11 05:41:14,Ma_Box_Maison,AA:BB:CC:11:22:33,1,-65,5,RSSI Spike (2.8σ)
2026-02-11 05:41:14,Ma_B0x_Maison,FF:EE:DD:44:55:66,1,-68,2,RSSI Spike (3.0σ)
2026-02-11 05:41:14,Ma_Box_Maison,FF:FF:FF:EE:EE:EE,1,-30,5,Jitter/Timing Anomaly
2026-02-11 05:41:16,Ma_Box_Maison,AA:BB:CC:11:22:33,1,-55,5,RSSI Spike (2.8σ)
2026-02-11 05:41:16,Ma_B0x_Maison,FF:EE:DD:44:55:66,1,-70,2,RSSI Spike (3.0σ)
2026-02-11 05:41:16,Ma_Box_Maison,FF:FF:FF:EE:EE:EE,1,-30,5,Jitter/Timing Anomaly
2026-02-11 05:41:17,Ma_Box_Maison,AA:BB:CC:11:22:33,1,-58,5,RSSI Spike (2.8σ)
2026-02-11 05:41:17,Ma_B0x_Maison,FF:EE:DD:44:55:66,1,-68,2,RSSI Spike (3.0σ)
2026-02-11 05:41:17,Ma_Box_Maison,FF:FF:FF:EE:EE:EE,1,-30,5,Jitter/Timing Anomaly
2026-02-11 05:41:19,Ma_Box_Maison,AA:BB:CC:11:22:33,1,-62,5,RSSI Spike (2.8σ)
2026-02-11 05:41:19,Ma_B0x_Maison,FF:EE:DD:44:55:66,1,-70,2,RSSI Spike (3.0σ)
2026-02-11 05:41:19,Ma_Box_Maison,FF:FF:FF:EE:EE:EE,1,-30,5,Jitter/Timing Anomaly
2026-02-11 05:41:20,Ma_Box_Maison,AA:BB:CC:11:22:33,1,-63,5,RSSI Spike (2.8σ)
2026-02-11 05:41:20,Ma_B0x_Maison,FF:EE:DD:44:55:66,1,-64,2,RSSI Spike (3.0σ)
2026-02-11 05:41:20,Ma_Box_Maison,FF:FF:FF:EE:EE:EE,1,-30,5,Jitter/Timing Anomaly
2026-02-11 05:41:22,Ma_Box_Maison,AA:BB:CC:11:22:33,1,-57,5,RSSI Spike (2.8σ)
2026-02-11 05:41:22,Ma_B0x_Maison,FF:EE:DD:44:55:66,1,-66,2,RSSI Spike (3.0σ)
2026-02-11 05:41:22,Ma_Box_Maison,FF:FF:FF:EE:EE:EE,1,-30,5,Jitter/Timing Anomaly
2026-02-11 05:41:23,Ma_Box_Maison,AA:BB:CC:11:22:33,1,-65,5,RSSI Spike (2.8σ)
2026-02-11 05:41:23,Ma_B0x_Maison,FF:EE:DD:44:55:66,1,-64,2,RSSI Spike (3.0σ)
2026-02-11 05:41:23,Ma_Box_Maison,FF:FF:FF:EE:EE:EE,1,-30,5,Jitter/Timing Anomaly
2026-02-11 05:41:25,Ma_Box_Maison,AA:BB:CC:11:22:33,1,-65,5,RSSI Spike (2.8σ)
2026-02-11 05:41:25,Ma_B0x_Maison,FF:EE:DD:44:55:66,1,-67,2,RSSI Spike (3.0σ)
2026-02-11 05:41:25,Ma_Box_Maison,FF:FF:FF:EE:EE:EE,1,-30,5,Jitter/Timing Anomaly
2026-02-11 05:41:26,Ma_Box_Maison,AA:BB:CC:11:22:33,1,-65,5,RSSI Spike (2.8σ)
2026-02-11 05:41:26,Ma_B0x_Maison,FF:EE:DD:44:55:66,1,-60,2,RSSI Spike (2.7σ)
2026-02-11 05:41:26,Ma_Box_Maison,FF:FF:FF:EE:EE:EE,1,-30,5,Jitter/Timing Anomaly
2026-02-11 05:41:28,Ma_Box_Maison,AA:BB:CC:11:22:33,1,-57,5,RSSI Spike (2.8σ)
2026-02-11 05:41:28,Ma_B0x_Maison,FF:EE:DD:44:55:66,1,-69,2,RSSI Spike (2.7σ)
2026-02-11 05:41:28,Ma_Box_Maison,FF:FF:FF:EE:EE:EE,1,-30,5,Jitter/Timing Anomaly
2026-02-11 05:41:29,Ma_Box_Maison,AA:BB:CC:11:22:33,1,-65,5,RSSI Spike (2.8σ)
2026-02-11 05:41:29,Ma_B0x_Maison,FF:EE:DD:44:55:66,1,-65,2,RSSI Spike (2.7σ)
2026-02-11 05:41:29,Ma_Box_Maison,FF:FF:FF:EE:EE:EE,1,-30,5,Jitter/Timing Anomaly
2026-02-11 05:41:31,Ma_Box_Maison,AA:BB:CC:11:22:33,1,-63,5,RSSI Spike (2.8σ)
2026-02-11 05:41:31,Ma_B0x_Maison,FF:EE:DD:44:55:66,1,-67,2,RSSI Spike (2.7σ)
2026-02-11 05:41:31,Ma_Box_Maison,FF:FF:FF:EE:EE:EE,1,-30,5,Jitter/Timing Anomaly
2026-02-11 05:41:32,Ma_Box_Maison,AA:BB:CC:11:22:33,1,-64,5,RSSI Spike (2.8σ)
2026-02-11 05:41:32,Ma_B0x_Maison,FF:EE:DD:44:55:66,1,-61,2,RSSI Spike (2.7σ)
2026-02-11 05:41:32,Ma_Box_Maison,FF:FF:FF:EE:EE:EE,1,-30,5,Jitter/Timing Anomaly
2026-02-11 05:41:34,Ma_Box_Maison,AA:BB:CC:11:22:33,1,-59,5,RSSI Spike (2.8σ)
2026-02-11 05:41:34,Ma_B0x_Maison,FF:EE:DD:44:55:66,1,-67,2,RSSI Spike (2.7σ)
2026-02-11 05:41:34,Ma_Box_Maison,FF:FF:FF:EE:EE:EE,1,-30,5,Jitter/Timing Anomaly
2026-02-11 05:41:35,Ma_Box_Maison,AA:BB:CC:11:22:33,1,-57,5,RSSI Spike (2.8σ)
2026-02-11 05:41:35,Ma_B0x_Maison,FF:EE:DD:44:55:66,1,-64,2,RSSI Spike (2.7σ)
2026-02-11 05:41:35,Ma_Box_Maison,FF:FF:FF:EE:EE:EE,1,-30,5,Jitter/Timing Anomaly
2026-02-11 05:41:37,Ma_Box_Maison,AA:BB:CC:11:22:33,1,-63,5,RSSI Spike (2.8σ)
2026-02-11 05:41:37,Ma_B0x_Maison,FF:EE:DD:44:55:66,1,-60,2,RSSI Spike (2.7σ)
2026-02-11 05:41:37,Ma_Box_Maison,FF:FF:FF:EE:EE:EE,1,-30,5,Jitter/Timing Anomaly
2026-02-11 05:41:38,Ma_Box_Maison,AA:BB:CC:11:22:33,1,-61,5,RSSI Spike (2.6σ)
2026-02-11 05:41:38,Ma_B0x_Maison,FF:EE:DD:44:55:66,1,-67,2,RSSI Spike (2.7σ)
2026-02-11 05:41:38,Ma_Box_Maison,FF:FF:FF:EE:EE:EE,1,-30,5,Jitter/Timing Anomaly
2026-02-11 05:41:40,Ma_Box_Maison,AA:BB:CC:11:22:33,1,-62,5,RSSI Spike (2.6σ)
2026-02-11 05:41:40,Ma_B0x_Maison,FF:EE:DD:44:55:66,1,-62,2,RSSI Spike (2.7σ)
2026-02-11 05:41:40,Ma_Box_Maison,FF:FF:FF:EE:EE:EE,1,-30,5,Jitter/Timing Anomaly
2026-02-11 05:41:41,Ma_Box_Maison,AA:BB:CC:11:22:33,1,-57,5,RSSI Spike (2.6σ)
2026-02-11 05:41:41,Ma_B0x_Maison,FF:EE:DD:44:55:66,1,-61,2,RSSI Spike (2.7σ)
2026-02-11 05:41:41,Ma_Box_Maison,FF:FF:FF:EE:EE:EE,1,-30,5,Jitter/Timing Anomaly
2026-02-11 05:41:43,Ma_Box_Maison,AA:BB:CC:11:22:33,1,-63,5,RSSI Spike (2.6σ)
2026-02-11 05:41:43,Ma_B0x_Maison,FF:EE:DD:44:55:66,1,-68,2,RSSI Spike (2.7σ)
2026-02-11 05:41:43,Ma_Box_Maison,FF:FF:FF:EE:EE:EE,1,-30,5,Jitter/Timing Anomaly
2026-02-11 05:41:45,Ma_Box_Maison,AA:BB:CC:11:22:33,1,-65,5,RSSI Spike (2.6σ)
2026-02-11 05:41:45,Ma_B0x_Maison,FF:EE:DD:44:55:66,1,-63,2,RSSI Spike (2.7σ)
2026-02-11 05:41:45,Ma_Box_Maison,FF:FF:FF:EE:EE:EE,1,-30,5,Jitter/Timing Anomaly
2026-02-11 05:41:46,Ma_Box_Maison,AA:BB:CC:11:22:33,1,-65,5,RSSI Spike (2.6σ)
2026-02-11 05:41:46,Ma_B0x_Maison,FF:EE:DD:44:55:66,1,-63,2,RSSI Spike (2.7σ)
2026-02-11 05:41:46,Ma_Box_Maison,FF:FF:FF:EE:EE:EE,1,-30,5,Jitter/Timing Anomaly
2026-02-11 05:41:48,Ma_Box_Maison,AA:BB:CC:11:22:33,1,-64,5,RSSI Spike (2.6σ)
2026-02-11 05:41:48,Ma_B0x_Maison,FF:EE:DD:44:55:66,1,-62,2,RSSI Spike (2.7σ)
2026-02-11 05:41:48,Ma_Box_Maison,FF:FF:FF:EE:EE:EE,1,-30,5,Jitter/Timing Anomaly
2026-02-11 05:41:49,Ma_Box_Maison,AA:BB:CC:11:22:33,1,-55,5,RSSI Spike (2.6σ)
2026-02-11 05:41:49,Ma_B0x_Maison,FF:EE:DD:44:55:66,1,-65,2,RSSI Spike (2.7σ)
2026-02-11 05:41:49,Ma_Box_Maison,FF:FF:FF:EE:EE:EE,1,-30,5,Jitter/Timing Anomaly
2026-02-11 05:41:51,Ma_Box_Maison,AA:BB:CC:11:22:33,1,-62,5,RSSI Spike (2.6σ)
2026-02-11 05:41:51,Ma_B0x_Maison,FF:EE:DD:44:55:66,1,-66,2,RSSI Spike (2.7σ)
2026-02-11 05:41:51,Ma_Box_Maison,FF:FF:FF:EE:EE:EE,1,-30,5,Jitter/Timing Anomaly
2026-02-11 05:41:52,Ma_Box_Maison,AA:BB:CC:11:22:33,1,-64,5,RSSI Spike (2.6σ)
2026-02-11 05:41:52,Ma_B0x_Maison,FF:EE:DD:44:55:66,1,-68,2,RSSI Spike (2.7σ)
2026-02-11 05:41:52,Ma_Box_Maison,FF:FF:FF:EE:EE:EE,1,-30,5,Jitter/Timing Anomaly
2026-02-11 05:41:54,Ma_Box_Maison,AA:BB:CC:11:22:33,1,-61,5,RSSI Spike (2.6σ)
2026-02-11 05:41:54,Ma_B0x_Maison,FF:EE:DD:44:55:66,1,-61,2,RSSI Spike (2.7σ)
2026-02-11 05:41:54,Ma_Box_Maison,FF:FF:FF:EE:EE:EE,1,-30,5,Jitter/Timing Anomaly
2026-02-11 05:41:55,Ma_Box_Maison,AA:BB:CC:11:22:33,1,-64,5,RSSI Spike (2.6σ)
2026-02-11 05:41:55,Ma_B0x_Maison,FF:EE:DD:44:55:66,1,-61,2,RSSI Spike (2.7σ)
2026-02-11 05:41:55,Ma_Box_Maison,FF:FF:FF:EE:EE:EE,1,-30,5,Jitter/Timing Anomaly
2026-02-11 05:41:57,Ma_Box_Maison,AA:BB:CC:11:22:33,1,-65,5,RSSI Spike (2.6σ)
2026-02-11 05:41:57,Ma_B0x_Maison,FF:EE:DD:44:55:66,1,-67,2,RSSI Spike (2.7σ)
2026-02-11 05:41:57,Ma_Box_Maison,FF:FF:FF:EE:EE:EE,1,-30,5,Jitter/Timing Anomaly
2026-02-11 05:41:58,Ma_Box_Maison,AA:BB:CC:11:22:33,1,-65,5,RSSI Spike (2.6σ)
2026-02-11 05:41:58,Ma_B0x_Maison,FF:EE:DD:44:55:66,1,-68,2,RSSI Spike (2.7σ)
2026-02-11 05:41:58,Ma_Box_Maison,FF:FF:FF:EE:EE:EE,1,-30,5,Jitter/Timing Anomaly
2026-02-11 05:42:00,Ma_Box_Maison,AA:BB:CC:11:22:33,1,-65,5,RSSI Spike (2.6σ)
2026-02-11 05:42:00,Ma_B0x_Maison,FF:EE:DD:44:55:66,1,-66,2,RSSI Spike (2.7σ)
2026-02-11 05:42:00,Ma_Box_Maison,FF:FF:FF:EE:EE:EE,1,-30,5,Jitter/Timing Anomaly
2026-02-11 05:42:01,Ma_Box_Maison,AA:BB:CC:11:22:33,1,-55,5,RSSI Spike (2.6σ)
2026-02-11 05:42:01,Ma_B0x_Maison,FF:EE:DD:44:55:66,1,-67,2,RSSI Spike (2.7σ)
2026-02-11 05:42:01,Ma_Box_Maison,FF:FF:FF:EE:EE:EE,1,-30,5,Jitter/Timing Anomaly
2026-02-11 05:42:03,Ma_Box_Maison,AA:BB:CC:11:22:33,1,-58,5,RSSI Spike (2.6σ)
2026-02-11 05:42:03,Ma_B0x_Maison,FF:EE:DD:44:55:66,1,-61,2,RSSI Spike (2.7σ)
2026-02-11 05:42:03,Ma_Box_Maison,FF:FF:FF:EE:EE:EE,1,-30,5,Jitter/Timing Anomaly
2026-02-11 05:42:04,Ma_Box_Maison,AA:BB:CC:11:22:33,1,-57,5,RSSI Spike (2.6σ)
2026-02-11 05:42:04,Ma_B0x_Maison,FF:EE:DD:44:55:66,1,-66,2,RSSI Spike (2.7σ)
2026-02-11 05:42:04,Ma_Box_Maison,FF:FF:FF:EE:EE:EE,1,-30,5,Jitter/Timing Anomaly
2026-02-11 05:42:06,Ma_Box_Maison,AA:BB:CC:11:22:33,1,-62,5,RSSI Spike (2.6σ)
2026-02-11 05:42:06,Ma_B0x_Maison,FF:EE:DD:44:55:66,1,-64,2,RSSI Spike (2.7σ)
2026-02-11 05:42:06,Ma_Box_Maison,FF:FF:FF:EE:EE:EE,1,-30,5,Jitter/Timing Anomaly
2026-02-11 05:42:07,Ma_Box_Maison,AA:BB:CC:11:22:33,1,-57,5,RSSI Spike (2.6σ)
2026-02-11 05:42:07,Ma_B0x_Maison,FF:EE:DD:44:55:66,1,-66,2,RSSI Spike (2.7σ)
2026-02-11 05:42:07,Ma_Box_Maison,FF:FF:FF:EE:EE:EE,1,-30,5,Jitter/Timing Anomaly
2026-02-11 05:42:09,Ma_Box_Maison,AA:BB:CC:11:22:33,1,-65,5,RSSI Spike (2.6σ)
2026-02-11 05:42:09,Ma_B0x_Maison,FF:EE:DD:44:55:66,1,-63,2,RSSI Spike (2.7σ)
2026-02-11 05:42:09,Ma_Box_Maison,FF:FF:FF:EE:EE:EE,1,-30,5,Jitter/Timing Anomaly
2026-02-11 05:42:10,Ma_Box_Maison,AA:BB:CC:11:22:33,1,-63,5,RSSI Spike (2.6σ)
2026-02-11 05:42:10,Ma_B0x_Maison,FF:EE:DD:44:55:66,1,-64,2,RSSI Spike (2.7σ)
2026-02-11 05:42:10,Ma_Box_Maison,FF:FF:FF:EE:EE:EE,1,-30,5,Jitter/Timing Anomaly
2026-02-11 05:42:12,Ma_Box_Maison,AA:BB:CC:11:22:33,1,-59,5,RSSI Spike (2.6σ)
2026-02-11 05:42:12,Ma_B0x_Maison,FF:EE:DD:44:55:66,1,-60,2,RSSI Spike (2.7σ)
2026-02-11 05:42:12,Ma_Box_Maison,FF:FF:FF:EE:EE:EE,1,-30,5,Jitter/Timing Anomaly
2026-02-11 05:42:13,Ma_Box_Maison,AA:BB:CC:11:22:33,1,-65,5,RSSI Spike (2.6σ)
2026-02-11 05:42:13,Ma_B0x_Maison,FF:EE:DD:44:55:66,1,-70,2,RSSI Spike (2.7σ)
2026-02-11 05:42:13,Ma_Box_Maison,FF:FF:FF:EE:EE:EE,1,-30,5,Jitter/Timing Anomaly
2026-02-11 05:42:15,Ma_Box_Maison,AA:BB:CC:11:22:33,1,-64,5,RSSI Spike (2.6σ)
2026-02-11 05:42:15,Ma_B0x_Maison,FF:EE:DD:44:55:66,1,-61,2,RSSI Spike (2.7σ)
2026-02-11 05:42:15,Ma_Box_Maison,FF:FF:FF:EE:EE:EE,1,-30,5,Jitter/Timing Anomaly
2026-02-11 05:42:16,Ma_Box_Maison,AA:BB:CC:11:22:33,1,-63,5,RSSI Spike (2.6σ)
2026-02-11 05:42:16,Ma_B0x_Maison,FF:EE:DD:44:55:66,1,-61,2,RSSI Spike (2.7σ)
2026-02-11 05:42:16,Ma_Box_Maison,FF:FF:FF:EE:EE:EE,1,-30,5,Jitter/Timing Anomaly
2026-02-11 05:42:18,Ma_Box_Maison,AA:BB:CC:11:22:33,1,-60,5,RSSI Spike (2.6σ)
2026-02-11 05:42:18,Ma_B0x_Maison,FF:EE:DD:44:55:66,1,-70,2,RSSI Spike (2.7σ)
2026-02-11 05:42:18,Ma_Box_Maison,FF:FF:FF:EE:EE:EE,1,-30,5,Jitter/Timing Anomaly
2026-02-11 05:42:19,Ma_Box_Maison,AA:BB:CC:11:22:33,1,-58,5,RSSI Spike (2.6σ)
2026-02-11 05:42:19,Ma_B0x_Maison,FF:EE:DD:44:55:66,1,-60,2,RSSI Spike (2.7σ)
2026-02-11 05:42:19,Ma_Box_Maison,FF:FF:FF:EE:EE:EE,1,-30,5,Jitter/Timing Anomaly
2026-02-11 05:42:21,Ma_Box_Maison,AA:BB:CC:11:22:33,1,-55,5,RSSI Spike (2.6σ)
2026-02-11 05:42:21,Ma_B0x_Maison,FF:EE:DD:44:55:66,1,-65,2,RSSI Spike (2.7σ)
2026-02-11 05:42:21,Ma_Box_Maison,FF:FF:FF:EE:EE:EE,1,-30,5,Jitter/Timing Anomaly
2026-02-11 05:42:22,Ma_Box_Maison,AA:BB:CC:11:22:33,1,-65,5,RSSI Spike (2.6σ)
2026-02-11 05:42:22,Ma_B0x_Maison,FF:EE:DD:44:55:66,1,-60,2,RSSI Spike (2.7σ)
2026-02-11 05:42:22,Ma_Box_Maison,FF:FF:FF:EE:EE:EE,1,-30,5,Jitter/Timing Anomaly
2026-02-11 05:42:24,Ma_Box_Maison,AA:BB:CC:11:22:33,1,-65,5,RSSI Spike (2.6σ)
2026-02-11 05:42:24,Ma_B0x_Maison,FF:EE:DD:44:55:66,1,-60,2,RSSI Spike (2.7σ)
2026-02-11 05:42:24,Ma_Box_Maison,FF:FF:FF:EE:EE:EE,1,-30,5,Jitter/Timing Anomaly
2026-02-11 05:42:25,Ma_Box_Maison,AA:BB:CC:11:22:33,1,-63,5,RSSI Spike (2.6σ)
2026-02-11 05:42:25,Ma_B0x_Maison,FF:EE:DD:44:55:66,1,-63,2,RSSI Spike (2.7σ)
2026-02-11 05:42:25,Ma_Box_Maison,FF:FF:FF:EE:EE:EE,1,-30,5,Jitter/Timing Anomaly
2026-02-11 05:42:27,Ma_Box_Maison,AA:BB:CC:11:22:33,1,-60,5,RSSI Spike (2.6σ)
2026-02-11 05:42:27,Ma_B0x_Maison,FF:EE:DD:44:55:66,1,-65,2,RSSI Spike (2.7σ)
2026-02-11 05:42:27,Ma_Box_Maison,FF:FF:FF:EE:EE:EE,1,-30,5,Jitter/Timing Anomaly
2026-02-11 05:42:28,Ma_Box_Maison,AA:BB:CC:11:22:33,1,-61,5,RSSI Spike (2.6σ)
2026-02-11 05:42:28,Ma_B0x_Maison,FF:EE:DD:44:55:66,1,-70,2,RSSI Spike (2.7σ)
2026-02-11 05:42:28,Ma_Box_Maison,FF:FF:FF:EE:EE:EE,1,-30,5,Jitter/Timing Anomaly
2026-02-11 05:42:30,Ma_Box_Maison,AA:BB:CC:11:22:33,1,-60,5,RSSI Spike (2.6σ)
2026-02-11 05:42:30,Ma_B0x_Maison,FF:EE:DD:44:55:66,1,-63,2,RSSI Spike (2.7σ)
2026-02-11 05:42:30,Ma_Box_Maison,FF:FF:FF:EE:EE:EE,1,-30,5,Jitter/Timing Anomaly
2026-02-11 05:42:31,Ma_Box_Maison,AA:BB:CC:11:22:33,1,-60,5,RSSI Spike (2.6σ)
2026-02-11 05:42:31,Ma_B0x_Maison,FF:EE:DD:44:55:66,1,-61,2,RSSI Spike (2.7σ)
2026-02-11 05:42:31,Ma_Box_Maison,FF:FF:FF:EE:EE:EE,1,-30,5,Jitter/Timing Anomaly
2026-02-11 05:42:33,Ma_Box_Maison,AA:BB:CC:11:22:33,1,-58,5,RSSI Spike (2.6σ)
2026-02-11 05:42:33,Ma_B0x_Maison,FF:EE:DD:44:55:66,1,-67,2,RSSI Spike (2.7σ)
2026-02-11 05:42:33,Ma_Box_Maison,FF:FF:FF:EE:EE:EE,1,-30,5,Jitter/Timing Anomaly
2026-02-11 05:42:34,Ma_Box_Maison,AA:BB:CC:11:22:33,1,-61,5,RSSI Spike (2.6σ)
2026-02-11 05:42:34,Ma_B0x_Maison,FF:EE:DD:44:55:66,1,-68,2,RSSI Spike (2.7σ)
2026-02-11 05:42:34,Ma_Box_Maison,FF:FF:FF:EE:EE:EE,1,-30,5,Jitter/Timing Anomaly
2026-02-11 05:42:36,Ma_Box_Maison,AA:BB:CC:11:22:33,1,-63,5,RSSI Spike (2.6σ)
2026-02-11 05:42:36,Ma_B0x_Maison,FF:EE:DD:44:55:66,1,-62,2,RSSI Spike (2.7σ)
2026-02-11 05:42:36,Ma_Box_Maison,FF:FF:FF:EE:EE:EE,1,-30,5,Jitter/Timing Anomaly
2026-02-11 05:42:37,Ma_Box_Maison,AA:BB:CC:11:22:33,1,-58,5,RSSI Spike (2.6σ)
2026-02-11 05:42:37,Ma_B0x_Maison,FF:EE:DD:44:55:66,1,-63,2,RSSI Spike (2.7σ)
2026-02-11 05:42:37,Ma_Box_Maison,FF:FF:FF:EE:EE:EE,1,-30,5,Jitter/Timing Anomaly
2026-02-11 05:42:39,Ma_Box_Maison,AA:BB:CC:11:22:33,1,-62,5,RSSI Spike (2.6σ)
2026-02-11 05:42:39,Ma_B0x_Maison,FF:EE:DD:44:55:66,1,-65,2,RSSI Spike (2.7σ)
2026-02-11 05:42:39,Ma_Box_Maison,FF:FF:FF:EE:EE:EE,1,-30,5,Jitter/Timing Anomaly
2026-02-11 05:42:40,Ma_Box_Maison,AA:BB:CC:11:22:33,1,-61,5,RSSI Spike (2.6σ)
2026-02-11 05:42:40,Ma_B0x_Maison,FF:EE:DD:44:55:66,1,-69,2,RSSI Spike (2.7σ)
2026-02-11 05:42:40,Ma_Box_Maison,FF:FF:FF:EE:EE:EE,1,-30,5,Jitter/Timing Anomaly
2026-02-11 05:42:42,Ma_Box_Maison,AA:BB:CC:11:22:33,1,-63,5,RSSI Spike (2.6σ)
2026-02-11 05:42:42,Ma_B0x_Maison,FF:EE:DD:44:55:66,1,-69,2,RSSI Spike (2.7σ)
2026-02-11 05:42:42,Ma_Box_Maison,FF:FF:FF:EE:EE:EE,1,-30,5,Jitter/Timing Anomaly
2026-02-11 05:42:43,Ma_Box_Maison,AA:BB:CC:11:22:33,1,-56,5,RSSI Spike (2.6σ)
2026-02-11 05:42:43,Ma_B0x_Maison,FF:EE:DD:44:55:66,1,-61,2,RSSI Spike (2.7σ)
2026-02-11 05:42:43,Ma_Box_Maison,FF:FF:FF:EE:EE:EE,1,-30,5,Jitter/Timing Anomaly
2026-02-11 05:42:45,Ma_Box_Maison,AA:BB:CC:11:22:33,1,-61,5,RSSI Spike (2.6σ)
2026-02-11 05:42:45,Ma_B0x_Maison,FF:EE:DD:44:55:66,1,-66,2,RSSI Spike (2.7σ)
2026-02-11 05:42:45,Ma_Box_Maison,FF:FF:FF:EE:EE:EE,1,-30,5,Jitter/Timing Anomaly
2026-02-11 05:42:46,Ma_Box_Maison,AA:BB:CC:11:22:33,1,-65,5,RSSI Spike (2.6σ)
2026-02-11 05:42:46,Ma_B0x_Maison,FF:EE:DD:44:55:66,1,-70,2,RSSI Spike (2.7σ)
2026-02-11 05:42:46,Ma_Box_Maison,FF:FF:FF:EE:EE:EE,1,-30,5,Jitter/Timing Anomaly
2026-02-11 05:42:48,Ma_Box_Maison,AA:BB:CC:11:22:33,1,-57,5,RSSI Spike (2.6σ)
2026-02-11 05:42:48,Ma_B0x_Maison,FF:EE:DD:44:55:66,1,-61,2,RSSI Spike (2.7σ)
2026-02-11 05:42:48,Ma_Box_Maison,FF:FF:FF:EE:EE:EE,1,-30,5,Jitter/Timing Anomaly
2026-02-11 05:42:49,Ma_Box_Maison,AA:BB:CC:11:22:33,1,-61,5,RSSI Spike (2.6σ)
2026-02-11 05:42:49,Ma_B0x_Maison,FF:EE:DD:44:55:66,1,-69,2,RSSI Spike (2.7σ)
2026-02-11 05:42:49,Ma_Box_Maison,FF:FF:FF:EE:EE:EE,1,-30,5,Jitter/Timing Anomaly
2026-02-11 05:42:51,Ma_Box_Maison,AA:BB:CC:11:22:33,1,-58,5,RSSI Spike (2.6σ)
2026-02-11 05:42:51,Ma_B0x_Maison,FF:EE:DD:44:55:66,1,-65,2,RSSI Spike (2.7σ)
2026-02-11 05:42:51,Ma_Box_Maison,FF:FF:FF:EE:EE:EE,1,-30,5,Jitter/Timing Anomaly
2026-02-11 05:42:52,Ma_Box_Maison,AA:BB:CC:11:22:33,1,-57,5,RSSI Spike (2.6σ)
2026-02-11 05:42:52,Ma_B0x_Maison,FF:EE:DD:44:55:66,1,-67,2,RSSI Spike (2.7σ)
2026-02-11 05:42:52,Ma_Box_Maison,FF:FF:FF:EE:EE:EE,1,-30,5,Jitter/Timing Anomaly
2026-02-11 05:42:54,Ma_Box_Maison,AA:BB:CC:11:22:33,1,-61,5,RSSI Spike (2.6σ)
2026-02-11 05:42:54,Ma_B0x_Maison,FF:EE:DD:44:55:66,1,-62,2,RSSI Spike (2.7σ)
2026-02-11 05:42:54,Ma_Box_Maison,FF:FF:FF:EE:EE:EE,1,-30,5,Jitter/Timing Anomaly
2026-02-11 05:42:55,Ma_Box_Maison,AA:BB:CC:11:22:33,1,-59,5,RSSI Spike (2.6σ)
2026-02-11 05:42:55,Ma_B0x_Maison,FF:EE:DD:44:55:66,1,-70,2,RSSI Spike (2.7σ)
2026-02-11 05:42:55,Ma_Box_Maison,FF:FF:FF:EE:EE:EE,1,-30,5,Jitter/Timing Anomaly
2026-02-11 05:42:57,Ma_Box_Maison,AA:BB:CC:11:22:33,1,-60,5,RSSI Spike (2.6σ)
2026-02-11 05:42:57,Ma_B0x_Maison,FF:EE:DD:44:55:66,1,-67,2,RSSI Spike (2.7σ)
2026-02-11 05:42:57,Ma_Box_Maison,FF:FF:FF:EE:EE:EE,1,-30,5,Jitter/Timing Anomaly
2026-02-11 05:42:58,Ma_Box_Maison,AA:BB:CC:11:22:33,1,-56,5,RSSI Spike (2.6σ)
2026-02-11 05:42:58,Ma_B0x_Maison,FF:EE:DD:44:55:66,1,-65,2,RSSI Spike (2.7σ)
2026-02-11 05:42:58,Ma_Box_Maison,FF:FF:FF:EE:EE:EE,1,-30,5,Jitter/Timing Anomaly
2026-02-11 05:43:00,Ma_Box_Maison,AA:BB:CC:11:22:33,1,-61,5,RSSI Spike (2.6σ)
2026-02-11 05:43:00,Ma_B0x_Maison,FF:EE:DD:44:55:66,1,-68,2,RSSI Spike (2.7σ)
2026-02-11 05:43:00,Ma_Box_Maison,FF:FF:FF:EE:EE:EE,1,-30,5,Jitter/Timing Anomaly
2026-02-11 05:43:01,Ma_Box_Maison,AA:BB:CC:11:22:33,1,-64,5,RSSI Spike (2.6σ)
2026-02-11 05:43:01,Ma_B0x_Maison,FF:EE:DD:44:55:66,1,-65,2,RSSI Spike (2.7σ)
2026-02-11 05:43:01,Ma_Box_Maison,FF:FF:FF:EE:EE:EE,1,-30,5,Jitter/Timing Anomaly
2026-02-11 05:43:03,Ma_Box_Maison,AA:BB:CC:11:22:33,1,-56,5,RSSI Spike (2.6σ)
2026-02-11 05:43:03,Ma_B0x_Maison,FF:EE:DD:44:55:66,1,-67,2,RSSI Spike (2.7σ)
2026-02-11 05:43:03,Ma_Box_Maison,FF:FF:FF:EE:EE:EE,1,-30,5,Jitter/Timing Anomaly
2026-02-11 05:43:04,Ma_Box_Maison,AA:BB:CC:11:22:33,1,-58,5,RSSI Spike (2.6σ)
2026-02-11 05:43:04,Ma_B0x_Maison,FF:EE:DD:44:55:66,1,-60,2,RSSI Spike (2.7σ)
2026-02-11 05:43:04,Ma_Box_Maison,FF:FF:FF:EE:EE:EE,1,-30,5,Jitter/Timing Anomaly
2026-02-11 05:43:06,Ma_Box_Maison,AA:BB:CC:11:22:33,1,-56,5,RSSI Spike (2.6σ)
2026-02-11 05:43:06,Ma_B0x_Maison,FF:EE:DD:44:55:66,1,-65,2,RSSI Spike (2.7σ)
2026-02-11 05:43:06,Ma_Box_Maison,FF:FF:FF:EE:EE:EE,1,-30,5,Jitter/Timing Anomaly
2026-02-11 05:43:07,Ma_Box_Maison,AA:BB:CC:11:22:33,1,-63,5,RSSI Spike (2.6σ)
2026-02-11 05:43:07,Ma_B0x_Maison,FF:EE:DD:44:55:66,1,-67,2,RSSI Spike (2.7σ)
2026-02-11 05:43:07,Ma_Box_Maison,FF:FF:FF:EE:EE:EE,1,-30,5,Jitter/Timing Anomaly
2026-02-11 05:43:09,Ma_Box_Maison,AA:BB:CC:11:22:33,1,-62,5,RSSI Spike (2.6σ)
2026-02-11 05:43:09,Ma_B0x_Maison,FF:EE:DD:44:55:66,1,-62,2,RSSI Spike (2.7σ)
2026-02-11 05:43:09,Ma_Box_Maison,FF:FF:FF:EE:EE:EE,1,-30,5,Jitter/Timing Anomaly
2026-02-11 05:43:10,Ma_Box_Maison,AA:BB:CC:11:22:33,1,-61,5,RSSI Spike (2.6σ)
2026-02-11 05:43:10,Ma_B0x_Maison,FF:EE:DD:44:55:66,1,-61,2,RSSI Spike (2.7σ)
2026-02-11 05:43:10,Ma_Box_Maison,FF:FF:FF:EE:EE:EE,1,-30,5,Jitter/Timing Anomaly
2026-02-11 05:43:12,Ma_Box_Maison,AA:BB:CC:11:22:33,1,-56,5,RSSI Spike (2.6σ)
2026-02-11 05:43:12,Ma_B0x_Maison,FF:EE:DD:44:55:66,1,-64,2,RSSI Spike (2.7σ)
2026-02-11 05:43:12,Ma_Box_Maison,FF:FF:FF:EE:EE:EE,1,-30,5,Jitter/Timing Anomaly
2026-02-11 05:43:13,Ma_Box_Maison,AA:BB:CC:11:22:33,1,-55,5,RSSI Spike (2.6σ)
2026-02-11 05:43:13,Ma_B0x_Maison,FF:EE:DD:44:55:66,1,-65,2,RSSI Spike (2.7σ)
2026-02-11 05:43:13,Ma_Box_Maison,FF:FF:FF:EE:EE:EE,1,-30,5,Jitter/Timing Anomaly
2026-02-11 05:43:15,Ma_Box_Maison,AA:BB:CC:11:22:33,1,-65,5,RSSI Spike (2.6σ)
2026-02-11 05:43:15,Ma_B0x_Maison,FF:EE:DD:44:55:66,1,-69,2,RSSI Spike (2.7σ)
2026-02-11 05:43:15,Ma_Box_Maison,FF:FF:FF:EE:EE:EE,1,-30,5,Jitter/Timing Anomaly
2026-02-11 05:43:16,Ma_Box_Maison,AA:BB:CC:11:22:33,1,-55,5,RSSI Spike (2.6σ)
2026-02-11 05:43:16,Ma_B0x_Maison,FF:EE:DD:44:55:66,1,-60,2,RSSI Spike (2.7σ)
2026-02-11 05:43:16,Ma_Box_Maison,FF:FF:FF:EE:EE:EE,1,-30,5,Jitter/Timing Anomaly
2026-02-11 05:43:18,Ma_Box_Maison,AA:BB:CC:11:22:33,1,-57,5,RSSI Spike (2.6σ)
2026-02-11 05:43:18,Ma_B0x_Maison,FF:EE:DD:44:55:66,1,-66,2,RSSI Spike (2.7σ)
2026-02-11 05:43:18,Ma_Box_Maison,FF:FF:FF:EE:EE:EE,1,-30,5,Jitter/Timing Anomaly
2026-02-11 05:43:19,Ma_Box_Maison,AA:BB:CC:11:22:33,1,-55,5,RSSI Spike (2.6σ)
2026-02-11 05:43:19,Ma_B0x_Maison,FF:EE:DD:44:55:66,1,-60,2,RSSI Spike (2.7σ)
2026-02-11 05:43:19,Ma_Box_Maison,FF:FF:FF:EE:EE:EE,1,-30,5,Jitter/Timing Anomaly
2026-02-11 05:43:21,Ma_Box_Maison,AA:BB:CC:11:22:33,1,-62,5,RSSI Spike (2.6σ)
2026-02-11 05:43:21,Ma_B0x_Maison,FF:EE:DD:44:55:66,1,-63,2,RSSI Spike (2.7σ)
2026-02-11 05:43:21,Ma_Box_Maison,FF:FF:FF:EE:EE:EE,1,-30,5,Jitter/Timing Anomaly
2026-02-11 05:43:22,Ma_Box_Maison,AA:BB:CC:11:22:33,1,-55,5,RSSI Spike (2.6σ)
2026-02-11 05:43:22,Ma_B0x_Maison,FF:EE:DD:44:55:66,1,-61,2,RSSI Spike (2.7σ)
2026-02-11 05:43:22,Ma_Box_Maison,FF:FF:FF:EE:EE:EE,1,-30,5,Jitter/Timing Anomaly
2026-02-11 05:43:24,Ma_Box_Maison,AA:BB:CC:11:22:33,1,-61,5,RSSI Spike (2.6σ)
2026-02-11 05:43:24,Ma_B0x_Maison,FF:EE:DD:44:55:66,1,-61,2,RSSI Spike (2.7σ)
2026-02-11 05:43:24,Ma_Box_Maison,FF:FF:FF:EE:EE:EE,1,-30,5,Jitter/Timing Anomaly
2026-02-11 05:43:25,Ma_Box_Maison,AA:BB:CC:11:22:33,1,-61,5,RSSI Spike (2.6σ)
2026-02-11 05:43:25,Ma_B0x_Maison,FF:EE:DD:44:55:66,1,-60,2,RSSI Spike (2.7σ)
2026-02-11 05:43:25,Ma_Box_Maison,FF:FF:FF:EE:EE:EE,1,-30,5,Jitter/Timing Anomaly
2026-02-11 05:43:27,Ma_Box_Maison,AA:BB:CC:11:22:33,1,-60,5,RSSI Spike (2.6σ)
2026-02-11 05:43:27,Ma_B0x_Maison,FF:EE:DD:44:55:66,1,-68,2,RSSI Spike (2.7σ)
2026-02-11 05:43:27,Ma_Box_Maison,FF:FF:FF:EE:EE:EE,1,-30,5,Jitter/Timing Anomaly
2026-02-11 05:43:28,Ma_Box_Maison,AA:BB:CC:11:22:33,1,-60,5,RSSI Spike (2.6σ)
2026-02-11 05:43:28,Ma_B0x_Maison,FF:EE:DD:44:55:66,1,-65,2,RSSI Spike (2.7σ)
2026-02-11 05:43:28,Ma_Box_Maison,FF:FF:FF:EE:EE:EE,1,-30,5,Jitter/Timing Anomaly
2026-02-11 05:43:30,Ma_Box_Maison,AA:BB:CC:11:22:33,1,-59,5,RSSI Spike (2.6σ)
2026-02-11 05:43:30,Ma_B0x_Maison,FF:EE:DD:44:55:66,1,-68,2,RSSI Spike (2.7σ)
2026-02-11 05:43:30,Ma_Box_Maison,FF:FF:FF:EE:EE:EE,1,-30,5,Jitter/Timing Anomaly
2026-02-11 05:43:31,Ma_Box_Maison,AA:BB:CC:11:22:33,1,-60,5,RSSI Spike (2.6σ)
2026-02-11 05:43:31,Ma_B0x_Maison,FF:EE:DD:44:55:66,1,-60,2,RSSI Spike (2.7σ)
2026-02-11 05:43:31,Ma_Box_Maison,FF:FF:FF:EE:EE:EE,1,-30,5,Jitter/Timing Anomaly
2026-02-11 05:43:33,Ma_Box_Maison,AA:BB:CC:11:22:33,1,-64,5,RSSI Spike (2.6σ)
2026-02-11 05:43:33,Ma_B0x_Maison,FF:EE:DD:44:55:66,1,-61,2,RSSI Spike (2.7σ)
2026-02-11 05:43:33,Ma_Box_Maison,FF:FF:FF:EE:EE:EE,1,-30,5,Jitter/Timing Anomaly
2026-02-11 05:43:34,Ma_Box_Maison,AA:BB:CC:11:22:33,1,-63,5,RSSI Spike (2.6σ)
2026-02-11 05:43:34,Ma_B0x_Maison,FF:EE:DD:44:55:66,1,-63,2,RSSI Spike (2.7σ)
2026-02-11 05:43:34,Ma_Box_Maison,FF:FF:FF:EE:EE:EE,1,-30,5,Jitter/Timing Anomaly
2026-02-11 05:43:36,Ma_Box_Maison,AA:BB:CC:11:22:33,1,-56,5,RSSI Spike (2.6σ)
2026-02-11 05:43:36,Ma_B0x_Maison,FF:EE:DD:44:55:66,1,-62,2,RSSI Spike (2.7σ)
2026-02-11 05:43:36,Ma_Box_Maison,FF:FF:FF:EE:EE:EE,1,-30,5,Jitter/Timing Anomaly
2026-02-11 05:43:37,Ma_Box_Maison,AA:BB:CC:11:22:33,1,-55,5,RSSI Spike (2.6σ)
2026-02-11 05:43:37,Ma_B0x_Maison,FF:EE:DD:44:55:66,1,-67,2,RSSI Spike (2.7σ)
2026-02-11 05:43:37,Ma_Box_Maison,FF:FF:FF:EE:EE:EE,1,-30,5,Jitter/Timing Anomaly
2026-02-11 05:43:39,Ma_Box_Maison,AA:BB:CC:11:22:33,1,-65,5,RSSI Spike (2.6σ)
2026-02-11 05:43:39,Ma_B0x_Maison,FF:EE:DD:44:55:66,1,-68,2,RSSI Spike (2.7σ)
2026-02-11 05:43:39,Ma_Box_Maison,FF:FF:FF:EE:EE:EE,1,-30,5,Jitter/Timing Anomaly
2026-02-11 05:43:40,Ma_Box_Maison,AA:BB:CC:11:22:33,1,-61,5,RSSI Spike (2.6σ)
2026-02-11 05:43:40,Ma_B0x_Maison,FF:EE:DD:44:55:66,1,-64,2,RSSI Spike (2.7σ)
2026-02-11 05:43:40,Ma_Box_Maison,FF:FF:FF:EE:EE:EE,1,-30,5,Jitter/Timing Anomaly
2026-02-11 05:43:42,Ma_Box_Maison,AA:BB:CC:11:22:33,1,-62,5,RSSI Spike (2.6σ)
2026-02-11 05:43:42,Ma_B0x_Maison,FF:EE:DD:44:55:66,1,-66,2,RSSI Spike (2.7σ)
2026-02-11 05:43:42,Ma_Box_Maison,FF:FF:FF:EE:EE:EE,1,-30,5,Jitter/Timing Anomaly
2026-02-11 05:43:43,Ma_Box_Maison,AA:BB:CC:11:22:33,1,-58,5,RSSI Spike (2.6σ)
2026-02-11 05:43:43,Ma_B0x_Maison,FF:EE:DD:44:55:66,1,-60,2,RSSI Spike (2.7σ)
2026-02-11 05:43:43,Ma_Box_Maison,FF:FF:FF:EE:EE:EE,1,-30,5,Jitter/Timing Anomaly
2026-02-11 05:43:45,Ma_Box_Maison,AA:BB:CC:11:22:33,1,-59,5,RSSI Spike (2.6σ)
2026-02-11 05:43:45,Ma_B0x_Maison,FF:EE:DD:44:55:66,1,-61,2,RSSI Spike (2.7σ)
2026-02-11 05:43:45,Ma_Box_Maison,FF:FF:FF:EE:EE:EE,1,-30,5,Jitter/Timing Anomaly
2026-02-11 05:43:46,Ma_Box_Maison,AA:BB:CC:11:22:33,1,-55,5,RSSI Spike (2.6σ)
2026-02-11 05:43:46,Ma_B0x_Maison,FF:EE:DD:44:55:66,1,-61,2,RSSI Spike (2.7σ)
2026-02-11 05:43:46,Ma_Box_Maison,FF:FF:FF:EE:EE:EE,1,-30,5,Jitter/Timing Anomaly
2026-02-11 05:43:48,Ma_Box_Maison,AA:BB:CC:11:22:33,1,-57,5,RSSI Spike (2.6σ)
2026-02-11 05:43:48,Ma_B0x_Maison,FF:EE:DD:44:55:66,1,-61,2,RSSI Spike (2.7σ)
2026-02-11 05:43:48,Ma_Box_Maison,FF:FF:FF:EE:EE:EE,1,-30,5,Jitter/Timing Anomaly
2026-02-11 05:43:49,Ma_Box_Maison,AA:BB:CC:11:22:33,1,-64,5,RSSI Spike (2.6σ)
2026-02-11 05:43:49,Ma_B0x_Maison,FF:EE:DD:44:55:66,1,-70,2,RSSI Spike (2.7σ)
2026-02-11 05:43:49,Ma_Box_Maison,FF:FF:FF:EE:EE:EE,1,-30,5,Jitter/Timing Anomaly
2026-02-11 05:43:51,Ma_Box_Maison,AA:BB:CC:11:22:33,1,-64,5,RSSI Spike (2.6σ)
2026-02-11 05:43:51,Ma_B0x_Maison,FF:EE:DD:44:55:66,1,-61,2,RSSI Spike (2.7σ)
2026-02-11 05:43:51,Ma_Box_Maison,FF:FF:FF:EE:EE:EE,1,-30,5,Jitter/Timing Anomaly
2026-02-11 05:43:52,Ma_Box_Maison,AA:BB:CC:11:22:33,1,-63,5,RSSI Spike (2.6σ)
2026-02-11 05:43:52,Ma_B0x_Maison,FF:EE:DD:44:55:66,1,-65,2,RSSI Spike (2.7σ)
2026-02-11 05:43:52,Ma_Box_Maison,FF:FF:FF:EE:EE:EE,1,-30,5,Jitter/Timing Anomaly
2026-02-11 05:43:54,Ma_Box_Maison,AA:BB:CC:11:22:33,1,-65,5,RSSI Spike (2.6σ)
2026-02-11 05:43:54,Ma_B0x_Maison,FF:EE:DD:44:55:66,1,-70,2,RSSI Spike (2.7σ)
2026-02-11 05:43:54,Ma_Box_Maison,FF:FF:FF:EE:EE:EE,1,-30,5,Jitter/Timing Anomaly
2026-02-11 05:43:55,Ma_Box_Maison,AA:BB:CC:11:22:33,1,-63,5,RSSI Spike (2.6σ)
2026-02-11 05:43:55,Ma_B0x_Maison,FF:EE:DD:44:55:66,1,-69,2,RSSI Spike (2.7σ)
2026-02-11 05:43:55,Ma_Box_Maison,FF:FF:FF:EE:EE:EE,1,-30,5,Jitter/Timing Anomaly
2026-02-11 05:43:57,Ma_Box_Maison,AA:BB:CC:11:22:33,1,-63,5,RSSI Spike (2.6σ)
2026-02-11 05:43:57,Ma_B0x_Maison,FF:EE:DD:44:55:66,1,-63,2,RSSI Spike (2.7σ)
2026-02-11 05:43:57,Ma_Box_Maison,FF:FF:FF:EE:EE:EE,1,-30,5,Jitter/Timing Anomaly
2026-02-11 05:43:58,Ma_Box_Maison,AA:BB:CC:11:22:33,1,-62,5,RSSI Spike (2.6σ)
2026-02-11 05:43:58,Ma_B0x_Maison,FF:EE:DD:44:55:66,1,-70,2,RSSI Spike (2.7σ)
2026-02-11 05:43:58,Ma_Box_Maison,FF:FF:FF:EE:EE:EE,1,-30,5,Jitter/Timing Anomaly
2026-02-11 05:44:00,Ma_Box_Maison,AA:BB:CC:11:22:33,1,-60,5,RSSI Spike (2.6σ)
2026-02-11 05:44:00,Ma_B0x_Maison,FF:EE:DD:44:55:66,1,-68,2,RSSI Spike (2.7σ)
2026-02-11 05:44:00,Ma_Box_Maison,FF:FF:FF:EE:EE:EE,1,-30,5,Jitter/Timing Anomaly
2026-02-11 05:44:01,Ma_Box_Maison,AA:BB:CC:11:22:33,1,-55,5,RSSI Spike (2.6σ)
2026-02-11 05:44:01,Ma_B0x_Maison,FF:EE:DD:44:55:66,1,-69,2,RSSI Spike (2.7σ)
2026-02-11 05:44:01,Ma_Box_Maison,FF:FF:FF:EE:EE:EE,1,-30,5,Jitter/Timing Anomaly
2026-02-11 05:44:03,Ma_Box_Maison,AA:BB:CC:11:22:33,1,-59,5,RSSI Spike (2.6σ)
2026-02-11 05:44:03,Ma_B0x_Maison,FF:EE:DD:44:55:66,1,-61,2,RSSI Spike (2.7σ)
2026-02-11 05:44:03,Ma_Box_Maison,FF:FF:FF:EE:EE:EE,1,-30,5,Jitter/Timing Anomaly
2026-02-11 05:44:04,Ma_Box_Maison,AA:BB:CC:11:22:33,1,-62,5,RSSI Spike (2.6σ)
2026-02-11 05:44:04,Ma_B0x_Maison,FF:EE:DD:44:55:66,1,-63,2,RSSI Spike (2.7σ)
2026-02-11 05:44:04,Ma_Box_Maison,FF:FF:FF:EE:EE:EE,1,-30,5,Jitter/Timing Anomaly
2026-02-11 05:44:06,Ma_Box_Maison,AA:BB:CC:11:22:33,1,-64,5,RSSI Spike (2.6σ)
2026-02-11 05:44:06,Ma_B0x_Maison,FF:EE:DD:44:55:66,1,-66,2,RSSI Spike (2.7σ)
2026-02-11 05:44:06,Ma_Box_Maison,FF:FF:FF:EE:EE:EE,1,-30,5,Jitter/Timing Anomaly
2026-02-11 05:44:07,Ma_Box_Maison,AA:BB:CC:11:22:33,1,-62,5,RSSI Spike (2.6σ)
2026-02-11 05:44:07,Ma_B0x_Maison,FF:EE:DD:44:55:66,1,-61,2,RSSI Spike (2.7σ)
2026-02-11 05:44:07,Ma_Box_Maison,FF:FF:FF:EE:EE:EE,1,-30,5,Jitter/Timing Anomaly
2026-02-11 05:44:09,Ma_Box_Maison,AA:BB:CC:11:22:33,1,-59,5,RSSI Spike (2.6σ)
2026-02-11 05:44:09,Ma_B0x_Maison,FF:EE:DD:44:55:66,1,-61,2,RSSI Spike (2.7σ)
2026-02-11 05:44:09,Ma_Box_Maison,FF:FF:FF:EE:EE:EE,1,-30,5,Jitter/Timing Anomaly
2026-02-11 05:44:10,Ma_Box_Maison,AA:BB:CC:11:22:33,1,-59,5,RSSI Spike (2.6σ)
2026-02-11 05:44:10,Ma_B0x_Maison,FF:EE:DD:44:55:66,1,-60,2,RSSI Spike (2.7σ)
2026-02-11 05:44:10,Ma_Box_Maison,FF:FF:FF:EE:EE:EE,1,-30,5,Jitter/Timing Anomaly
2026-02-11 05:44:12,Ma_Box_Maison,AA:BB:CC:11:22:33,1,-55,5,RSSI Spike (2.6σ)
2026-02-11 05:44:12,Ma_B0x_Maison,FF:EE:DD:44:55:66,1,-61,2,RSSI Spike (2.7σ)
2026-02-11 05:44:12,Ma_Box_Maison,FF:FF:FF:EE:EE:EE,1,-30,5,Jitter/Timing Anomaly
2026-02-11 05:44:13,Ma_Box_Maison,AA:BB:CC:11:22:33,1,-62,5,RSSI Spike (2.6σ)
2026-02-11 05:44:13,Ma_B0x_Maison,FF:EE:DD:44:55:66,1,-62,2,RSSI Spike (2.7σ)
2026-02-11 05:44:13,Ma_Box_Maison,FF:FF:FF:EE:EE:EE,1,-30,5,Jitter/Timing Anomaly
2026-02-11 05:44:15,Ma_Box_Maison,AA:BB:CC:11:22:33,1,-55,5,RSSI Spike (2.6σ)
2026-02-11 05:44:15,Ma_B0x_Maison,FF:EE:DD:44:55:66,1,-68,2,RSSI Spike (2.7σ)
2026-02-11 05:44:15,Ma_Box_Maison,FF:FF:FF:EE:EE:EE,1,-30,5,Jitter/Timing Anomaly
2026-02-11 05:44:16,Ma_Box_Maison,AA:BB:CC:11:22:33,1,-56,5,RSSI Spike (2.6σ)
2026-02-11 05:44:16,Ma_B0x_Maison,FF:EE:DD:44:55:66,1,-70,2,RSSI Spike (2.7σ)
2026-02-11 05:44:16,Ma_Box_Maison,FF:FF:FF:EE:EE:EE,1,-30,5,Jitter/Timing Anomaly
2026-02-11 05:44:18,Ma_Box_Maison,AA:BB:CC:11:22:33,1,-58,5,RSSI Spike (2.6σ)
2026-02-11 05:44:18,Ma_B0x_Maison,FF:EE:DD:44:55:66,1,-63,2,RSSI Spike (2.7σ)
2026-02-11 05:44:18,Ma_Box_Maison,FF:FF:FF:EE:EE:EE,1,-30,5,Jitter/Timing Anomaly
2026-02-11 05:44:20,Ma_Box_Maison,AA:BB:CC:11:22:33,1,-57,5,RSSI Spike (2.6σ)
2026-02-11 05:44:20,Ma_B0x_Maison,FF:EE:DD:44:55:66,1,-62,2,RSSI Spike (2.7σ)
2026-02-11 05:44:20,Ma_Box_Maison,FF:FF:FF:EE:EE:EE,1,-30,5,Jitter/Timing Anomaly
2026-02-11 05:44:21,Ma_Box_Maison,AA:BB:CC:11:22:33,1,-65,5,RSSI Spike (2.6σ)
2026-02-11 05:44:21,Ma_B0x_Maison,FF:EE:DD:44:55:66,1,-63,2,RSSI Spike (2.7σ)
2026-02-11 05:44:21,Ma_Box_Maison,FF:FF:FF:EE:EE:EE,1,-30,5,Jitter/Timing Anomaly
2026-02-11 05:44:23,Ma_Box_Maison,AA:BB:CC:11:22:33,1,-58,5,RSSI Spike (2.6σ)
2026-02-11 05:44:23,Ma_B0x_Maison,FF:EE:DD:44:55:66,1,-63,2,RSSI Spike (2.7σ)
2026-02-11 05:44:23,Ma_Box_Maison,FF:FF:FF:EE:EE:EE,1,-30,5,Jitter/Timing Anomaly
2026-02-11 05:44:24,Ma_Box_Maison,AA:BB:CC:11:22:33,1,-62,5,RSSI Spike (2.6σ)
2026-02-11 05:44:24,Ma_B0x_Maison,FF:EE:DD:44:55:66,1,-64,2,RSSI Spike (2.7σ)
2026-02-11 05:44:24,Ma_Box_Maison,FF:FF:FF:EE:EE:EE,1,-30,5,Jitter/Timing Anomaly
2026-02-11 05:44:26,Ma_Box_Maison,AA:BB:CC:11:22:33,1,-55,5,RSSI Spike (2.6σ)
2026-02-11 05:44:26,Ma_B0x_Maison,FF:EE:DD:44:55:66,1,-60,2,RSSI Spike (2.7σ)
2026-02-11 05:44:26,Ma_Box_Maison,FF:FF:FF:EE:EE:EE,1,-30,5,Jitter/Timing Anomaly
2026-02-11 05:44:27,Ma_Box_Maison,AA:BB:CC:11:22:33,1,-62,5,RSSI Spike (2.6σ)
2026-02-11 05:44:27,Ma_B0x_Maison,FF:EE:DD:44:55:66,1,-61,2,RSSI Spike (2.7σ)
2026-02-11 05:44:27,Ma_Box_Maison,FF:FF:FF:EE:EE:EE,1,-30,5,Jitter/Timing Anomaly
2026-02-11 05:44:29,Ma_Box_Maison,AA:BB:CC:11:22:33,1,-62,5,RSSI Spike (2.6σ)
2026-02-11 05:44:29,Ma_B0x_Maison,FF:EE:DD:44:55:66,1,-64,2,RSSI Spike (2.7σ)
2026-02-11 05:44:29,Ma_Box_Maison,FF:FF:FF:EE:EE:EE,1,-30,5,Jitter/Timing Anomaly
2026-02-11 05:44:30,Ma_Box_Maison,AA:BB:CC:11:22:33,1,-56,5,RSSI Spike (2.6σ)
2026-02-11 05:44:30,Ma_B0x_Maison,FF:EE:DD:44:55:66,1,-64,2,RSSI Spike (2.7σ)
2026-02-11 05:44:30,Ma_Box_Maison,FF:FF:FF:EE:EE:EE,1,-30,5,Jitter/Timing Anomaly
2026-02-11 05:44:32,Ma_Box_Maison,AA:BB:CC:11:22:33,1,-55,5,RSSI Spike (2.6σ)
2026-02-11 05:44:32,Ma_B0x_Maison,FF:EE:DD:44:55:66,1,-60,2,RSSI Spike (2.7σ)
2026-02-11 05:44:32,Ma_Box_Maison,FF:FF:FF:EE:EE:EE,1,-30,5,Jitter/Timing Anomaly
2026-02-11 05:44:33,Ma_Box_Maison,AA:BB:CC:11:22:33,1,-61,5,RSSI Spike (2.6σ)
2026-02-11 05:44:33,Ma_B0x_Maison,FF:EE:DD:44:55:66,1,-67,2,RSSI Spike (2.7σ)
2026-02-11 05:44:33,Ma_Box_Maison,FF:FF:FF:EE:EE:EE,1,-30,5,Jitter/Timing Anomaly
2026-02-11 05:44:35,Ma_Box_Maison,AA:BB:CC:11:22:33,1,-56,5,RSSI Spike (2.6σ)
2026-02-11 05:44:35,Ma_B0x_Maison,FF:EE:DD:44:55:66,1,-62,2,RSSI Spike (2.7σ)
2026-02-11 05:44:35,Ma_Box_Maison,FF:FF:FF:EE:EE:EE,1,-30,5,Jitter/Timing Anomaly
2026-02-11 05:44:36,Ma_Box_Maison,AA:BB:CC:11:22:33,1,-65,5,RSSI Spike (2.6σ)
2026-02-11 05:44:36,Ma_B0x_Maison,FF:EE:DD:44:55:66,1,-63,2,RSSI Spike (2.7σ)
2026-02-11 05:44:36,Ma_Box_Maison,FF:FF:FF:EE:EE:EE,1,-30,5,Jitter/Timing Anomaly
2026-02-11 05:44:38,Ma_Box_Maison,AA:BB:CC:11:22:33,1,-57,5,RSSI Spike (2.6σ)
2026-02-11 05:44:38,Ma_B0x_Maison,FF:EE:DD:44:55:66,1,-67,2,RSSI Spike (2.7σ)
2026-02-11 05:44:38,Ma_Box_Maison,FF:FF:FF:EE:EE:EE,1,-30,5,Jitter/Timing Anomaly
2026-02-11 05:44:39,Ma_Box_Maison,AA:BB:CC:11:22:33,1,-61,5,RSSI Spike (2.6σ)
2026-02-11 05:44:39,Ma_B0x_Maison,FF:EE:DD:44:55:66,1,-65,2,RSSI Spike (2.7σ)
2026-02-11 05:44:39,Ma_Box_Maison,FF:FF:FF:EE:EE:EE,1,-30,5,Jitter/Timing Anomaly
2026-02-11 05:44:41,Ma_Box_Maison,AA:BB:CC:11:22:33,1,-55,5,RSSI Spike (2.6σ)
2026-02-11 05:44:41,Ma_B0x_Maison,FF:EE:DD:44:55:66,1,-61,2,RSSI Spike (2.7σ)
2026-02-11 05:44:41,Ma_Box_Maison,FF:FF:FF:EE:EE:EE,1,-30,5,Jitter/Timing Anomaly
2026-02-11 05:44:42,Ma_Box_Maison,AA:BB:CC:11:22:33,1,-58,5,RSSI Spike (2.6σ)
2026-02-11 05:44:42,Ma_B0x_Maison,FF:EE:DD:44:55:66,1,-66,2,RSSI Spike (2.7σ)
2026-02-11 05:44:42,Ma_Box_Maison,FF:FF:FF:EE:EE:EE,1,-30,5,Jitter/Timing Anomaly
2026-02-11 05:44:44,Ma_Box_Maison,AA:BB:CC:11:22:33,1,-57,5,RSSI Spike (2.6σ)
2026-02-11 05:44:44,Ma_B0x_Maison,FF:EE:DD:44:55:66,1,-69,2,RSSI Spike (2.7σ)
2026-02-11 05:44:44,Ma_Box_Maison,FF:FF:FF:EE:EE:EE,1,-30,5,Jitter/Timing Anomaly
2026-02-11 05:44:45,Ma_Box_Maison,AA:BB:CC:11:22:33,1,-58,5,RSSI Spike (2.6σ)
2026-02-11 05:44:45,Ma_B0x_Maison,FF:EE:DD:44:55:66,1,-70,2,RSSI Spike (2.7σ)
2026-02-11 05:44:45,Ma_Box_Maison,FF:FF:FF:EE:EE:EE,1,-30,5,Jitter/Timing Anomaly
2026-02-11 05:44:47,Ma_Box_Maison,AA:BB:CC:11:22:33,1,-57,5,RSSI Spike (2.6σ)
2026-02-11 05:44:47,Ma_B0x_Maison,FF:EE:DD:44:55:66,1,-67,2,RSSI Spike (2.7σ)
2026-02-11 05:44:47,Ma_Box_Maison,FF:FF:FF:EE:EE:EE,1,-30,5,Jitter/Timing Anomaly
2026-02-11 05:44:48,Ma_Box_Maison,AA:BB:CC:11:22:33,1,-65,5,RSSI Spike (2.6σ)
2026-02-11 05:44:48,Ma_B0x_Maison,FF:EE:DD:44:55:66,1,-64,2,RSSI Spike (2.7σ)
2026-02-11 05:44:48,Ma_Box_Maison,FF:FF:FF:EE:EE:EE,1,-30,5,Jitter/Timing Anomaly
2026-02-11 05:44:50,Ma_Box_Maison,AA:BB:CC:11:22:33,1,-63,5,RSSI Spike (2.6σ)
2026-02-11 05:44:50,Ma_B0x_Maison,FF:EE:DD:44:55:66,1,-61,2,RSSI Spike (2.7σ)
2026-02-11 05:44:50,Ma_Box_Maison,FF:FF:FF:EE:EE:EE,1,-30,5,Jitter/Timing Anomaly
2026-02-11 05:44:51,Ma_Box_Maison,AA:BB:CC:11:22:33,1,-57,5,RSSI Spike (2.6σ)
2026-02-11 05:44:51,Ma_B0x_Maison,FF:EE:DD:44:55:66,1,-61,2,RSSI Spike (2.7σ)
2026-02-11 05:44:51,Ma_Box_Maison,FF:FF:FF:EE:EE:EE,1,-30,5,Jitter/Timing Anomaly
2026-02-11 05:44:53,Ma_Box_Maison,AA:BB:CC:11:22:33,1,-64,5,RSSI Spike (2.6σ)
2026-02-11 05:44:53,Ma_B0x_Maison,FF:EE:DD:44:55:66,1,-63,2,RSSI Spike (2.7σ)
2026-02-11 05:44:53,Ma_Box_Maison,FF:FF:FF:EE:EE:EE,1,-30,5,Jitter/Timing Anomaly
2026-02-11 05:44:54,Ma_Box_Maison,AA:BB:CC:11:22:33,1,-56,5,RSSI Spike (2.6σ)
2026-02-11 05:44:54,Ma_B0x_Maison,FF:EE:DD:44:55:66,1,-62,2,RSSI Spike (2.7σ)
2026-02-11 05:44:54,Ma_Box_Maison,FF:FF:FF:EE:EE:EE,1,-30,5,Jitter/Timing Anomaly
2026-02-11 05:44:56,Ma_Box_Maison,AA:BB:CC:11:22:33,1,-60,5,RSSI Spike (2.6σ)
2026-02-11 05:44:56,Ma_B0x_Maison,FF:EE:DD:44:55:66,1,-69,2,RSSI Spike (2.7σ)
2026-02-11 05:44:56,Ma_Box_Maison,FF:FF:FF:EE:EE:EE,1,-30,5,Jitter/Timing Anomaly
2026-02-11 05:44:57,Ma_Box_Maison,AA:BB:CC:11:22:33,1,-56,5,RSSI Spike (2.6σ)
2026-02-11 05:44:57,Ma_B0x_Maison,FF:EE:DD:44:55:66,1,-64,2,RSSI Spike (2.7σ)
2026-02-11 05:44:57,Ma_Box_Maison,FF:FF:FF:EE:EE:EE,1,-30,5,Jitter/Timing Anomaly
2026-02-11 05:44:59,Ma_Box_Maison,AA:BB:CC:11:22:33,1,-58,5,RSSI Spike (2.6σ)
2026-02-11 05:44:59,Ma_B0x_Maison,FF:EE:DD:44:55:66,1,-63,2,RSSI Spike (2.7σ)
2026-02-11 05:44:59,Ma_Box_Maison,FF:FF:FF:EE:EE:EE,1,-30,5,Jitter/Timing Anomaly
2026-02-11 05:45:00,Ma_Box_Maison,AA:BB:CC:11:22:33,1,-63,5,RSSI Spike (2.6σ)
2026-02-11 05:45:00,Ma_B0x_Maison,FF:EE:DD:44:55:66,1,-64,2,RSSI Spike (2.7σ)
2026-02-11 05:45:00,Ma_Box_Maison,FF:FF:FF:EE:EE:EE,1,-30,5,Jitter/Timing Anomaly
2026-02-11 05:45:02,Ma_Box_Maison,AA:BB:CC:11:22:33,1,-57,5,RSSI Spike (2.6σ)
2026-02-11 05:45:02,Ma_B0x_Maison,FF:EE:DD:44:55:66,1,-62,2,RSSI Spike (2.7σ)
2026-02-11 05:45:02,Ma_Box_Maison,FF:FF:FF:EE:EE:EE,1,-30,5,Jitter/Timing Anomaly
2026-02-11 05:45:03,Ma_Box_Maison,AA:BB:CC:11:22:33,1,-60,5,RSSI Spike (2.6σ)
2026-02-11 05:45:03,Ma_B0x_Maison,FF:EE:DD:44:55:66,1,-67,2,RSSI Spike (2.7σ)
2026-02-11 05:45:03,Ma_Box_Maison,FF:FF:FF:EE:EE:EE,1,-30,5,Jitter/Timing Anomaly
2026-02-11 05:45:05,Ma_Box_Maison,AA:BB:CC:11:22:33,1,-61,5,RSSI Spike (2.6σ)
2026-02-11 05:45:05,Ma_B0x_Maison,FF:EE:DD:44:55:66,1,-66,2,RSSI Spike (2.7σ)
2026-02-11 05:45:05,Ma_Box_Maison,FF:FF:FF:EE:EE:EE,1,-30,5,Jitter/Timing Anomaly
2026-02-11 05:45:06,Ma_Box_Maison,AA:BB:CC:11:22:33,1,-64,5,RSSI Spike (2.6σ)
2026-02-11 05:45:06,Ma_B0x_Maison,FF:EE:DD:44:55:66,1,-64,2,RSSI Spike (2.7σ)
2026-02-11 05:45:06,Ma_Box_Maison,FF:FF:FF:EE:EE:EE,1,-30,5,Jitter/Timing Anomaly
2026-02-11 05:45:08,Ma_Box_Maison,AA:BB:CC:11:22:33,1,-58,5,RSSI Spike (2.6σ)
2026-02-11 05:45:08,Ma_B0x_Maison,FF:EE:DD:44:55:66,1,-69,2,RSSI Spike (2.7σ)
2026-02-11 05:45:08,Ma_Box_Maison,FF:FF:FF:EE:EE:EE,1,-30,5,Jitter/Timing Anomaly
2026-02-11 05:45:09,Ma_Box_Maison,AA:BB:CC:11:22:33,1,-55,5,RSSI Spike (2.6σ)
2026-02-11 05:45:09,Ma_B0x_Maison,FF:EE:DD:44:55:66,1,-68,2,RSSI Spike (2.7σ)
2026-02-11 05:45:09,Ma_Box_Maison,FF:FF:FF:EE:EE:EE,1,-30,5,Jitter/Timing Anomaly
2026-02-11 05:45:11,Ma_Box_Maison,AA:BB:CC:11:22:33,1,-65,5,RSSI Spike (2.6σ)
2026-02-11 05:45:11,Ma_B0x_Maison,FF:EE:DD:44:55:66,1,-62,2,RSSI Spike (2.7σ)
2026-02-11 05:45:11,Ma_Box_Maison,FF:FF:FF:EE:EE:EE,1,-30,5,Jitter/Timing Anomaly
2026-02-11 05:45:12,Ma_Box_Maison,AA:BB:CC:11:22:33,1,-57,5,RSSI Spike (2.6σ)
2026-02-11 05:45:12,Ma_B0x_Maison,FF:EE:DD:44:55:66,1,-67,2,RSSI Spike (2.7σ)
2026-02-11 05:45:12,Ma_Box_Maison,FF:FF:FF:EE:EE:EE,1,-30,5,Jitter/Timing Anomaly
2026-02-11 05:45:14,Ma_Box_Maison,AA:BB:CC:11:22:33,1,-63,5,RSSI Spike (2.6σ)
2026-02-11 05:45:14,Ma_B0x_Maison,FF:EE:DD:44:55:66,1,-62,2,RSSI Spike (2.7σ)
2026-02-11 05:45:14,Ma_Box_Maison,FF:FF:FF:EE:EE:EE,1,-30,5,Jitter/Timing Anomaly
2026-02-11 05:45:15,Ma_Box_Maison,AA:BB:CC:11:22:33,1,-58,5,RSSI Spike (2.6σ)
2026-02-11 05:45:15,Ma_B0x_Maison,FF:EE:DD:44:55:66,1,-66,2,RSSI Spike (2.7σ)
2026-02-11 05:45:15,Ma_Box_Maison,FF:FF:FF:EE:EE:EE,1,-30,5,Jitter/Timing Anomaly
2026-02-11 05:45:17,Ma_Box_Maison,AA:BB:CC:11:22:33,1,-65,5,RSSI Spike (2.6σ)
2026-02-11 05:45:17,Ma_B0x_Maison,FF:EE:DD:44:55:66,1,-69,2,RSSI Spike (2.7σ)
2026-02-11 05:45:17,Ma_Box_Maison,FF:FF:FF:EE:EE:EE,1,-30,5,Jitter/Timing Anomaly
2026-02-11 05:45:18,Ma_Box_Maison,AA:BB:CC:11:22:33,1,-57,5,RSSI Spike (2.6σ)
2026-02-11 05:45:18,Ma_B0x_Maison,FF:EE:DD:44:55:66,1,-67,2,RSSI Spike (2.7σ)
2026-02-11 05:45:18,Ma_Box_Maison,FF:FF:FF:EE:EE:EE,1,-30,5,Jitter/Timing Anomaly
2026-02-11 05:45:20,Ma_Box_Maison,AA:BB:CC:11:22:33,1,-58,5,RSSI Spike (2.6σ)
2026-02-11 05:45:20,Ma_B0x_Maison,FF:EE:DD:44:55:66,1,-61,2,RSSI Spike (2.7σ)
2026-02-11 05:45:20,Ma_Box_Maison,FF:FF:FF:EE:EE:EE,1,-30,5,Jitter/Timing Anomaly
2026-02-11 05:45:21,Ma_Box_Maison,AA:BB:CC:11:22:33,1,-64,5,RSSI Spike (2.6σ)
2026-02-11 05:45:21,Ma_B0x_Maison,FF:EE:DD:44:55:66,1,-64,2,RSSI Spike (2.7σ)
2026-02-11 05:45:21,Ma_Box_Maison,FF:FF:FF:EE:EE:EE,1,-30,5,Jitter/Timing Anomaly
2026-02-11 05:45:23,Ma_Box_Maison,AA:BB:CC:11:22:33,1,-56,5,RSSI Spike (2.6σ)
2026-02-11 05:45:23,Ma_B0x_Maison,FF:EE:DD:44:55:66,1,-67,2,RSSI Spike (2.7σ)
2026-02-11 05:45:23,Ma_Box_Maison,FF:FF:FF:EE:EE:EE,1,-30,5,Jitter/Timing Anomaly
2026-02-11 05:45:24,Ma_Box_Maison,AA:BB:CC:11:22:33,1,-61,5,RSSI Spike (2.6σ)
2026-02-11 05:45:24,Ma_B0x_Maison,FF:EE:DD:44:55:66,1,-63,2,RSSI Spike (2.7σ)
2026-02-11 05:45:24,Ma_Box_Maison,FF:FF:FF:EE:EE:EE,1,-30,5,Jitter/Timing Anomaly
2026-02-11 05:45:26,Ma_Box_Maison,AA:BB:CC:11:22:33,1,-55,5,RSSI Spike (2.6σ)
2026-02-11 05:45:26,Ma_B0x_Maison,FF:EE:DD:44:55:66,1,-63,2,RSSI Spike (2.7σ)
2026-02-11 05:45:26,Ma_Box_Maison,FF:FF:FF:EE:EE:EE,1,-30,5,Jitter/Timing Anomaly
2026-02-11 05:45:27,Ma_Box_Maison,AA:BB:CC:11:22:33,1,-63,5,RSSI Spike (2.6σ)
2026-02-11 05:45:27,Ma_B0x_Maison,FF:EE:DD:44:55:66,1,-64,2,RSSI Spike (2.7σ)
2026-02-11 05:45:27,Ma_Box_Maison,FF:FF:FF:EE:EE:EE,1,-30,5,Jitter/Timing Anomaly
2026-02-11 05:45:29,Ma_Box_Maison,AA:BB:CC:11:22:33,1,-63,5,RSSI Spike (2.6σ)
2026-02-11 05:45:29,Ma_B0x_Maison,FF:EE:DD:44:55:66,1,-63,2,RSSI Spike (2.7σ)
2026-02-11 05:45:29,Ma_Box_Maison,FF:FF:FF:EE:EE:EE,1,-30,5,Jitter/Timing Anomaly
2026-02-11 05:45:30,Ma_Box_Maison,AA:BB:CC:11:22:33,1,-55,5,RSSI Spike (2.6σ)
2026-02-11 05:45:30,Ma_B0x_Maison,FF:EE:DD:44:55:66,1,-67,2,RSSI Spike (2.7σ)
2026-02-11 05:45:30,Ma_Box_Maison,FF:FF:FF:EE:EE:EE,1,-30,5,Jitter/Timing Anomaly
2026-02-11 05:45:32,Ma_Box_Maison,AA:BB:CC:11:22:33,1,-56,5,RSSI Spike (2.6σ)
2026-02-11 05:45:32,Ma_B0x_Maison,FF:EE:DD:44:55:66,1,-62,2,RSSI Spike (2.7σ)
2026-02-11 05:45:32,Ma_Box_Maison,FF:FF:FF:EE:EE:EE,1,-30,5,Jitter/Timing Anomaly
2026-02-11 05:45:33,Ma_Box_Maison,AA:BB:CC:11:22:33,1,-59,5,RSSI Spike (2.6σ)
2026-02-11 05:45:33,Ma_B0x_Maison,FF:EE:DD:44:55:66,1,-67,2,RSSI Spike (2.7σ)
2026-02-11 05:45:33,Ma_Box_Maison,FF:FF:FF:EE:EE:EE,1,-30,5,Jitter/Timing Anomaly
2026-02-11 05:45:35,Ma_Box_Maison,AA:BB:CC:11:22:33,1,-65,5,RSSI Spike (2.6σ)
2026-02-11 05:45:35,Ma_B0x_Maison,FF:EE:DD:44:55:66,1,-61,2,RSSI Spike (2.7σ)
2026-02-11 05:45:35,Ma_Box_Maison,FF:FF:FF:EE:EE:EE,1,-30,5,Jitter/Timing Anomaly
2026-02-11 05:45:36,Ma_Box_Maison,AA:BB:CC:11:22:33,1,-63,5,RSSI Spike (2.6σ)
2026-02-11 05:45:36,Ma_B0x_Maison,FF:EE:DD:44:55:66,1,-66,2,RSSI Spike (2.7σ)
2026-02-11 05:45:36,Ma_Box_Maison,FF:FF:FF:EE:EE:EE,1,-30,5,Jitter/Timing Anomaly
2026-02-11 05:45:38,Ma_Box_Maison,AA:BB:CC:11:22:33,1,-65,5,RSSI Spike (2.6σ)
2026-02-11 05:45:38,Ma_B0x_Maison,FF:EE:DD:44:55:66,1,-65,2,RSSI Spike (2.7σ)
2026-02-11 05:45:38,Ma_Box_Maison,FF:FF:FF:EE:EE:EE,1,-30,5,Jitter/Timing Anomaly
2026-02-11 05:45:39,Ma_Box_Maison,AA:BB:CC:11:22:33,1,-60,5,RSSI Spike (2.6σ)
2026-02-11 05:45:39,Ma_B0x_Maison,FF:EE:DD:44:55:66,1,-63,2,RSSI Spike (2.7σ)
2026-02-11 05:45:39,Ma_Box_Maison,FF:FF:FF:EE:EE:EE,1,-30,5,Jitter/Timing Anomaly
2026-02-11 05:45:41,Ma_Box_Maison,AA:BB:CC:11:22:33,1,-56,5,RSSI Spike (2.6σ)
2026-02-11 05:45:41,Ma_B0x_Maison,FF:EE:DD:44:55:66,1,-69,2,RSSI Spike (2.7σ)
2026-02-11 05:45:41,Ma_Box_Maison,FF:FF:FF:EE:EE:EE,1,-30,5,Jitter/Timing Anomaly
2026-02-11 05:45:42,Ma_Box_Maison,AA:BB:CC:11:22:33,1,-61,5,RSSI Spike (2.6σ)
2026-02-11 05:45:42,Ma_B0x_Maison,FF:EE:DD:44:55:66,1,-63,2,RSSI Spike (2.7σ)
2026-02-11 05:45:42,Ma_Box_Maison,FF:FF:FF:EE:EE:EE,1,-30,5,Jitter/Timing Anomaly
2026-02-11 05:45:44,Ma_Box_Maison,AA:BB:CC:11:22:33,1,-56,5,RSSI Spike (2.6σ)
2026-02-11 05:45:44,Ma_B0x_Maison,FF:EE:DD:44:55:66,1,-60,2,RSSI Spike (2.7σ)
2026-02-11 05:45:44,Ma_Box_Maison,FF:FF:FF:EE:EE:EE,1,-30,5,Jitter/Timing Anomaly
2026-02-11 05:45:45,Ma_Box_Maison,AA:BB:CC:11:22:33,1,-61,5,RSSI Spike (2.6σ)
2026-02-11 05:45:45,Ma_B0x_Maison,FF:EE:DD:44:55:66,1,-67,2,RSSI Spike (2.7σ)
2026-02-11 05:45:45,Ma_Box_Maison,FF:FF:FF:EE:EE:EE,1,-30,5,Jitter/Timing Anomaly
2026-02-11 05:45:47,Ma_Box_Maison,AA:BB:CC:11:22:33,1,-65,5,RSSI Spike (2.6σ)
2026-02-11 05:45:47,Ma_B0x_Maison,FF:EE:DD:44:55:66,1,-66,2,RSSI Spike (2.7σ)
2026-02-11 05:45:47,Ma_Box_Maison,FF:FF:FF:EE:EE:EE,1,-30,5,Jitter/Timing Anomaly
2026-02-11 05:45:48,Ma_Box_Maison,AA:BB:CC:11:22:33,1,-63,5,RSSI Spike (2.6σ)
2026-02-11 05:45:48,Ma_B0x_Maison,FF:EE:DD:44:55:66,1,-69,2,RSSI Spike (2.7σ)
2026-02-11 05:45:48,Ma_Box_Maison,FF:FF:FF:EE:EE:EE,1,-30,5,Jitter/Timing Anomaly
2026-02-11 05:45:50,Ma_Box_Maison,AA:BB:CC:11:22:33,1,-65,5,RSSI Spike (2.6σ)
2026-02-11 05:45:50,Ma_B0x_Maison,FF:EE:DD:44:55:66,1,-64,2,RSSI Spike (2.7σ)
2026-02-11 05:45:50,Ma_Box_Maison,FF:FF:FF:EE:EE:EE,1,-30,5,Jitter/Timing Anomaly
2026-02-11 05:45:51,Ma_Box_Maison,AA:BB:CC:11:22:33,1,-60,5,RSSI Spike (2.6σ)
2026-02-11 05:45:51,Ma_B0x_Maison,FF:EE:DD:44:55:66,1,-62,2,RSSI Spike (2.7σ)
2026-02-11 05:45:51,Ma_Box_Maison,FF:FF:FF:EE:EE:EE,1,-30,5,Jitter/Timing Anomaly
2026-02-11 05:45:53,Ma_Box_Maison,AA:BB:CC:11:22:33,1,-63,5,RSSI Spike (2.6σ)
2026-02-11 05:45:53,Ma_B0x_Maison,FF:EE:DD:44:55:66,1,-67,2,RSSI Spike (2.7σ)
2026-02-11 05:45:53,Ma_Box_Maison,FF:FF:FF:EE:EE:EE,1,-30,5,Jitter/Timing Anomaly
2026-02-11 05:45:54,Ma_Box_Maison,AA:BB:CC:11:22:33,1,-55,5,RSSI Spike (2.6σ)
2026-02-11 05:45:54,Ma_B0x_Maison,FF:EE:DD:44:55:66,1,-64,2,RSSI Spike (2.7σ)
2026-02-11 05:45:54,Ma_Box_Maison,FF:FF:FF:EE:EE:EE,1,-30,5,Jitter/Timing Anomaly
2026-02-11 05:45:56,Ma_Box_Maison,AA:BB:CC:11:22:33,1,-62,5,RSSI Spike (2.6σ)
2026-02-11 05:45:56,Ma_B0x_Maison,FF:EE:DD:44:55:66,1,-61,2,RSSI Spike (2.7σ)
2026-02-11 05:45:56,Ma_Box_Maison,FF:FF:FF:EE:EE:EE,1,-30,5,Jitter/Timing Anomaly
2026-02-11 05:45:57,Ma_Box_Maison,AA:BB:CC:11:22:33,1,-58,5,RSSI Spike (2.6σ)
2026-02-11 05:45:57,Ma_B0x_Maison,FF:EE:DD:44:55:66,1,-68,2,RSSI Spike (2.7σ)
2026-02-11 05:45:57,Ma_Box_Maison,FF:FF:FF:EE:EE:EE,1,-30,5,Jitter/Timing Anomaly
2026-02-11 05:45:59,Ma_Box_Maison,AA:BB:CC:11:22:33,1,-65,5,RSSI Spike (2.6σ)
2026-02-11 05:45:59,Ma_B0x_Maison,FF:EE:DD:44:55:66,1,-61,2,RSSI Spike (2.7σ)
2026-02-11 05:45:59,Ma_Box_Maison,FF:FF:FF:EE:EE:EE,1,-30,5,Jitter/Timing Anomaly
2026-02-11 05:46:00,Ma_Box_Maison,AA:BB:CC:11:22:33,1,-62,5,RSSI Spike (2.6σ)
2026-02-11 05:46:00,Ma_B0x_Maison,FF:EE:DD:44:55:66,1,-70,2,RSSI Spike (2.7σ)
2026-02-11 05:46:00,Ma_Box_Maison,FF:FF:FF:EE:EE:EE,1,-30,5,Jitter/Timing Anomaly
2026-02-11 05:46:02,Ma_Box_Maison,AA:BB:CC:11:22:33,1,-59,5,RSSI Spike (2.6σ)
2026-02-11 05:46:02,Ma_B0x_Maison,FF:EE:DD:44:55:66,1,-61,2,RSSI Spike (2.7σ)
2026-02-11 05:46:02,Ma_Box_Maison,FF:FF:FF:EE:EE:EE,1,-30,5,Jitter/Timing Anomaly
2026-02-11 05:46:03,Ma_Box_Maison,AA:BB:CC:11:22:33,1,-63,5,RSSI Spike (2.6σ)
2026-02-11 05:46:03,Ma_B0x_Maison,FF:EE:DD:44:55:66,1,-70,2,RSSI Spike (2.7σ)
2026-02-11 05:46:03,Ma_Box_Maison,FF:FF:FF:EE:EE:EE,1,-30,5,Jitter/Timing Anomaly
2026-02-11 05:46:05,Ma_Box_Maison,AA:BB:CC:11:22:33,1,-57,5,RSSI Spike (2.6σ)
2026-02-11 05:46:05,Ma_B0x_Maison,FF:EE:DD:44:55:66,1,-66,2,RSSI Spike (2.7σ)
2026-02-11 05:46:05,Ma_Box_Maison,FF:FF:FF:EE:EE:EE,1,-30,5,Jitter/Timing Anomaly
2026-02-11 05:46:06,Ma_Box_Maison,AA:BB:CC:11:22:33,1,-62,5,RSSI Spike (2.6σ)
2026-02-11 05:46:06,Ma_B0x_Maison,FF:EE:DD:44:55:66,1,-64,2,RSSI Spike (2.7σ)
2026-02-11 05:46:06,Ma_Box_Maison,FF:FF:FF:EE:EE:EE,1,-30,5,Jitter/Timing Anomaly
2026-02-11 05:46:08,Ma_Box_Maison,AA:BB:CC:11:22:33,1,-56,5,RSSI Spike (2.6σ)
2026-02-11 05:46:08,Ma_B0x_Maison,FF:EE:DD:44:55:66,1,-65,2,RSSI Spike (2.7σ)
2026-02-11 05:46:08,Ma_Box_Maison,FF:FF:FF:EE:EE:EE,1,-30,5,Jitter/Timing Anomaly
2026-02-11 05:46:09,Ma_Box_Maison,AA:BB:CC:11:22:33,1,-55,5,RSSI Spike (2.6σ)
2026-02-11 05:46:09,Ma_B0x_Maison,FF:EE:DD:44:55:66,1,-61,2,RSSI Spike (2.7σ)
2026-02-11 05:46:09,Ma_Box_Maison,FF:FF:FF:EE:EE:EE,1,-30,5,Jitter/Timing Anomaly
2026-02-11 05:46:11,Ma_Box_Maison,AA:BB:CC:11:22:33,1,-58,5,RSSI Spike (2.6σ)
2026-02-11 05:46:11,Ma_B0x_Maison,FF:EE:DD:44:55:66,1,-69,2,RSSI Spike (2.7σ)
2026-02-11 05:46:11,Ma_Box_Maison,FF:FF:FF:EE:EE:EE,1,-30,5,Jitter/Timing Anomaly
2026-02-11 05:46:12,Ma_Box_Maison,AA:BB:CC:11:22:33,1,-62,5,RSSI Spike (2.6σ)
2026-02-11 05:46:12,Ma_B0x_Maison,FF:EE:DD:44:55:66,1,-65,2,RSSI Spike (2.7σ)
2026-02-11 05:46:12,Ma_Box_Maison,FF:FF:FF:EE:EE:EE,1,-30,5,Jitter/Timing Anomaly
2026-02-11 05:46:14,Ma_Box_Maison,AA:BB:CC:11:22:33,1,-63,5,RSSI Spike (2.6σ)
2026-02-11 05:46:14,Ma_B0x_Maison,FF:EE:DD:44:55:66,1,-67,2,RSSI Spike (2.7σ)
2026-02-11 05:46:14,Ma_Box_Maison,FF:FF:FF:EE:EE:EE,1,-30,5,Jitter/Timing Anomaly
2026-02-11 05:46:15,Ma_Box_Maison,AA:BB:CC:11:22:33,1,-55,5,RSSI Spike (2.6σ)
2026-02-11 05:46:15,Ma_B0x_Maison,FF:EE:DD:44:55:66,1,-60,2,RSSI Spike (2.7σ)
2026-02-11 05:46:15,Ma_Box_Maison,FF:FF:FF:EE:EE:EE,1,-30,5,Jitter/Timing Anomaly
2026-02-11 05:46:17,Ma_Box_Maison,AA:BB:CC:11:22:33,1,-56,5,RSSI Spike (2.6σ)
2026-02-11 05:46:17,Ma_B0x_Maison,FF:EE:DD:44:55:66,1,-66,2,RSSI Spike (2.7σ)
2026-02-11 05:46:17,Ma_Box_Maison,FF:FF:FF:EE:EE:EE,1,-30,5,Jitter/Timing Anomaly
2026-02-11 05:46:18,Ma_Box_Maison,AA:BB:CC:11:22:33,1,-63,5,RSSI Spike (2.6σ)
2026-02-11 05:46:18,Ma_B0x_Maison,FF:EE:DD:44:55:66,1,-64,2,RSSI Spike (2.7σ)
2026-02-11 05:46:18,Ma_Box_Maison,FF:FF:FF:EE:EE:EE,1,-30,5,Jitter/Timing Anomaly
2026-02-11 05:46:20,Ma_Box_Maison,AA:BB:CC:11:22:33,1,-62,5,RSSI Spike (2.6σ)
2026-02-11 05:46:20,Ma_B0x_Maison,FF:EE:DD:44:55:66,1,-65,2,RSSI Spike (2.7σ)
2026-02-11 05:46:20,Ma_Box_Maison,FF:FF:FF:EE:EE:EE,1,-30,5,Jitter/Timing Anomaly
2026-02-11 05:46:21,Ma_Box_Maison,AA:BB:CC:11:22:33,1,-65,5,RSSI Spike (2.6σ)
2026-02-11 05:46:21,Ma_B0x_Maison,FF:EE:DD:44:55:66,1,-64,2,RSSI Spike (2.7σ)
2026-02-11 05:46:21,Ma_Box_Maison,FF:FF:FF:EE:EE:EE,1,-30,5,Jitter/Timing Anomaly
2026-02-11 05:46:23,Ma_Box_Maison,AA:BB:CC:11:22:33,1,-64,5,RSSI Spike (2.6σ)
2026-02-11 05:46:23,Ma_B0x_Maison,FF:EE:DD:44:55:66,1,-68,2,RSSI Spike (2.7σ)
2026-02-11 05:46:23,Ma_Box_Maison,FF:FF:FF:EE:EE:EE,1,-30,5,Jitter/Timing Anomaly
2026-02-11 05:46:24,Ma_Box_Maison,AA:BB:CC:11:22:33,1,-55,5,RSSI Spike (2.6σ)
2026-02-11 05:46:24,Ma_B0x_Maison,FF:EE:DD:44:55:66,1,-61,2,RSSI Spike (2.7σ)
2026-02-11 05:46:24,Ma_Box_Maison,FF:FF:FF:EE:EE:EE,1,-30,5,Jitter/Timing Anomaly
2026-02-11 05:46:26,Ma_Box_Maison,AA:BB:CC:11:22:33,1,-61,5,RSSI Spike (2.6σ)
2026-02-11 05:46:26,Ma_B0x_Maison,FF:EE:DD:44:55:66,1,-62,2,RSSI Spike (2.7σ)
2026-02-11 05:46:26,Ma_Box_Maison,FF:FF:FF:EE:EE:EE,1,-30,5,Jitter/Timing Anomaly
2026-02-11 05:46:27,Ma_Box_Maison,AA:BB:CC:11:22:33,1,-65,5,RSSI Spike (2.6σ)
2026-02-11 05:46:27,Ma_B0x_Maison,FF:EE:DD:44:55:66,1,-70,2,RSSI Spike (2.7σ)
2026-02-11 05:46:27,Ma_Box_Maison,FF:FF:FF:EE:EE:EE,1,-30,5,Jitter/Timing Anomaly
2026-02-11 05:46:29,Ma_Box_Maison,AA:BB:CC:11:22:33,1,-64,5,RSSI Spike (2.6σ)
2026-02-11 05:46:29,Ma_B0x_Maison,FF:EE:DD:44:55:66,1,-62,2,RSSI Spike (2.7σ)
2026-02-11 05:46:29,Ma_Box_Maison,FF:FF:FF:EE:EE:EE,1,-30,5,Jitter/Timing Anomaly
2026-02-11 05:46:30,Ma_Box_Maison,AA:BB:CC:11:22:33,1,-55,5,RSSI Spike (2.6σ)
2026-02-11 05:46:30,Ma_B0x_Maison,FF:EE:DD:44:55:66,1,-69,2,RSSI Spike (2.7σ)
2026-02-11 05:46:30,Ma_Box_Maison,FF:FF:FF:EE:EE:EE,1,-30,5,Jitter/Timing Anomaly
2026-02-11 05:46:32,Ma_Box_Maison,AA:BB:CC:11:22:33,1,-63,5,RSSI Spike (2.6σ)
2026-02-11 05:46:32,Ma_B0x_Maison,FF:EE:DD:44:55:66,1,-67,2,RSSI Spike (2.7σ)
2026-02-11 05:46:32,Ma_Box_Maison,FF:FF:FF:EE:EE:EE,1,-30,5,Jitter/Timing Anomaly
2026-02-11 05:46:33,Ma_Box_Maison,AA:BB:CC:11:22:33,1,-61,5,RSSI Spike (2.6σ)
2026-02-11 05:46:33,Ma_B0x_Maison,FF:EE:DD:44:55:66,1,-66,2,RSSI Spike (2.7σ)
2026-02-11 05:46:33,Ma_Box_Maison,FF:FF:FF:EE:EE:EE,1,-30,5,Jitter/Timing Anomaly
2026-02-11 05:46:35,Ma_Box_Maison,AA:BB:CC:11:22:33,1,-57,5,RSSI Spike (2.6σ)
2026-02-11 05:46:35,Ma_B0x_Maison,FF:EE:DD:44:55:66,1,-67,2,RSSI Spike (2.7σ)
2026-02-11 05:46:35,Ma_Box_Maison,FF:FF:FF:EE:EE:EE,1,-30,5,Jitter/Timing Anomaly
2026-02-11 05:46:36,Ma_Box_Maison,AA:BB:CC:11:22:33,1,-58,5,RSSI Spike (2.6σ)
2026-02-11 05:46:36,Ma_B0x_Maison,FF:EE:DD:44:55:66,1,-62,2,RSSI Spike (2.7σ)
2026-02-11 05:46:36,Ma_Box_Maison,FF:FF:FF:EE:EE:EE,1,-30,5,Jitter/Timing Anomaly
2026-02-11 05:46:38,Ma_Box_Maison,AA:BB:CC:11:22:33,1,-58,5,RSSI Spike (2.6σ)
2026-02-11 05:46:38,Ma_B0x_Maison,FF:EE:DD:44:55:66,1,-69,2,RSSI Spike (2.7σ)
2026-02-11 05:46:38,Ma_Box_Maison,FF:FF:FF:EE:EE:EE,1,-30,5,Jitter/Timing Anomaly
2026-02-11 05:46:39,Ma_Box_Maison,AA:BB:CC:11:22:33,1,-64,5,RSSI Spike (2.6σ)
2026-02-11 05:46:39,Ma_B0x_Maison,FF:EE:DD:44:55:66,1,-60,2,RSSI Spike (2.7σ)
2026-02-11 05:46:39,Ma_Box_Maison,FF:FF:FF:EE:EE:EE,1,-30,5,Jitter/Timing Anomaly
2026-02-11 05:46:41,Ma_Box_Maison,AA:BB:CC:11:22:33,1,-65,5,RSSI Spike (2.6σ)
2026-02-11 05:46:41,Ma_B0x_Maison,FF:EE:DD:44:55:66,1,-63,2,RSSI Spike (2.7σ)
2026-02-11 05:46:41,Ma_Box_Maison,FF:FF:FF:EE:EE:EE,1,-30,5,Jitter/Timing Anomaly
2026-02-11 05:46:42,Ma_Box_Maison,AA:BB:CC:11:22:33,1,-62,5,RSSI Spike (2.6σ)
2026-02-11 05:46:42,Ma_B0x_Maison,FF:EE:DD:44:55:66,1,-61,2,RSSI Spike (2.7σ)
2026-02-11 05:46:42,Ma_Box_Maison,FF:FF:FF:EE:EE:EE,1,-30,5,Jitter/Timing Anomaly
2026-02-11 05:46:44,Ma_Box_Maison,AA:BB:CC:11:22:33,1,-63,5,RSSI Spike (2.6σ)
2026-02-11 05:46:44,Ma_B0x_Maison,FF:EE:DD:44:55:66,1,-69,2,RSSI Spike (2.7σ)
2026-02-11 05:46:44,Ma_Box_Maison,FF:FF:FF:EE:EE:EE,1,-30,5,Jitter/Timing Anomaly
2026-02-11 05:46:45,Ma_Box_Maison,AA:BB:CC:11:22:33,1,-57,5,RSSI Spike (2.6σ)
2026-02-11 05:46:45,Ma_B0x_Maison,FF:EE:DD:44:55:66,1,-68,2,RSSI Spike (2.7σ)
2026-02-11 05:46:45,Ma_Box_Maison,FF:FF:FF:EE:EE:EE,1,-30,5,Jitter/Timing Anomaly
2026-02-11 05:46:47,Ma_Box_Maison,AA:BB:CC:11:22:33,1,-59,5,RSSI Spike (2.6σ)
2026-02-11 05:46:47,Ma_B0x_Maison,FF:EE:DD:44:55:66,1,-65,2,RSSI Spike (2.7σ)
2026-02-11 05:46:47,Ma_Box_Maison,FF:FF:FF:EE:EE:EE,1,-30,5,Jitter/Timing Anomaly
2026-02-11 05:46:49,Ma_Box_Maison,AA:BB:CC:11:22:33,1,-62,5,RSSI Spike (2.6σ)
2026-02-11 05:46:49,Ma_B0x_Maison,FF:EE:DD:44:55:66,1,-61,2,RSSI Spike (2.7σ)
2026-02-11 05:46:49,Ma_Box_Maison,FF:FF:FF:EE:EE:EE,1,-30,5,Jitter/Timing Anomaly
2026-02-11 05:46:50,Ma_Box_Maison,AA:BB:CC:11:22:33,1,-58,5,RSSI Spike (2.6σ)
2026-02-11 05:46:50,Ma_B0x_Maison,FF:EE:DD:44:55:66,1,-69,2,RSSI Spike (2.7σ)
2026-02-11 05:46:50,Ma_Box_Maison,FF:FF:FF:EE:EE:EE,1,-30,5,Jitter/Timing Anomaly
2026-02-11 05:46:52,Ma_Box_Maison,AA:BB:CC:11:22:33,1,-55,5,RSSI Spike (2.6σ)
2026-02-11 05:46:52,Ma_B0x_Maison,FF:EE:DD:44:55:66,1,-70,2,RSSI Spike (2.7σ)
2026-02-11 05:46:52,Ma_Box_Maison,FF:FF:FF:EE:EE:EE,1,-30,5,Jitter/Timing Anomaly
2026-02-11 05:46:53,Ma_Box_Maison,AA:BB:CC:11:22:33,1,-63,5,RSSI Spike (2.6σ)
2026-02-11 05:46:53,Ma_B0x_Maison,FF:EE:DD:44:55:66,1,-67,2,RSSI Spike (2.7σ)
2026-02-11 05:46:53,Ma_Box_Maison,FF:FF:FF:EE:EE:EE,1,-30,5,Jitter/Timing Anomaly
2026-02-11 05:46:55,Ma_Box_Maison,AA:BB:CC:11:22:33,1,-56,5,RSSI Spike (2.6σ)
2026-02-11 05:46:55,Ma_B0x_Maison,FF:EE:DD:44:55:66,1,-61,2,RSSI Spike (2.7σ)
2026-02-11 05:46:55,Ma_Box_Maison,FF:FF:FF:EE:EE:EE,1,-30,5,Jitter/Timing Anomaly
2026-02-11 05:46:56,Ma_Box_Maison,AA:BB:CC:11:22:33,1,-55,5,RSSI Spike (2.6σ)
2026-02-11 05:46:56,Ma_B0x_Maison,FF:EE:DD:44:55:66,1,-62,2,RSSI Spike (2.7σ)
2026-02-11 05:46:56,Ma_Box_Maison,FF:FF:FF:EE:EE:EE,1,-30,5,Jitter/Timing Anomaly
2026-02-11 05:46:58,Ma_Box_Maison,AA:BB:CC:11:22:33,1,-61,5,RSSI Spike (2.6σ)
2026-02-11 05:46:58,Ma_B0x_Maison,FF:EE:DD:44:55:66,1,-67,2,RSSI Spike (2.7σ)
2026-02-11 05:46:58,Ma_Box_Maison,FF:FF:FF:EE:EE:EE,1,-30,5,Jitter/Timing Anomaly
2026-02-11 05:46:59,Ma_Box_Maison,AA:BB:CC:11:22:33,1,-64,5,RSSI Spike (2.6σ)
2026-02-11 05:46:59,Ma_B0x_Maison,FF:EE:DD:44:55:66,1,-64,2,RSSI Spike (2.7σ)
2026-02-11 05:46:59,Ma_Box_Maison,FF:FF:FF:EE:EE:EE,1,-30,5,Jitter/Timing Anomaly
2026-02-11 05:47:01,Ma_Box_Maison,AA:BB:CC:11:22:33,1,-55,5,RSSI Spike (2.6σ)
2026-02-11 05:47:01,Ma_B0x_Maison,FF:EE:DD:44:55:66,1,-63,2,RSSI Spike (2.7σ)
2026-02-11 05:47:01,Ma_Box_Maison,FF:FF:FF:EE:EE:EE,1,-30,5,Jitter/Timing Anomaly
2026-02-11 05:47:02,Ma_Box_Maison,AA:BB:CC:11:22:33,1,-61,5,RSSI Spike (2.6σ)
2026-02-11 05:47:02,Ma_B0x_Maison,FF:EE:DD:44:55:66,1,-60,2,RSSI Spike (2.7σ)
2026-02-11 05:47:02,Ma_Box_Maison,FF:FF:FF:EE:EE:EE,1,-30,5,Jitter/Timing Anomaly
2026-02-11 05:47:04,Ma_Box_Maison,AA:BB:CC:11:22:33,1,-55,5,RSSI Spike (2.6σ)
2026-02-11 05:47:04,Ma_B0x_Maison,FF:EE:DD:44:55:66,1,-64,2,RSSI Spike (2.7σ)
2026-02-11 05:47:04,Ma_Box_Maison,FF:FF:FF:EE:EE:EE,1,-30,5,Jitter/Timing Anomaly
2026-02-11 05:47:05,Ma_Box_Maison,AA:BB:CC:11:22:33,1,-59,5,RSSI Spike (2.6σ)
2026-02-11 05:47:05,Ma_B0x_Maison,FF:EE:DD:44:55:66,1,-65,2,RSSI Spike (2.7σ)
2026-02-11 05:47:05,Ma_Box_Maison,FF:FF:FF:EE:EE:EE,1,-30,5,Jitter/Timing Anomaly
2026-02-11 05:47:07,Ma_Box_Maison,AA:BB:CC:11:22:33,1,-65,5,RSSI Spike (2.6σ)
2026-02-11 05:47:07,Ma_B0x_Maison,FF:EE:DD:44:55:66,1,-69,2,RSSI Spike (2.7σ)
2026-02-11 05:47:07,Ma_Box_Maison,FF:FF:FF:EE:EE:EE,1,-30,5,Jitter/Timing Anomaly
2026-02-11 05:47:08,Ma_Box_Maison,AA:BB:CC:11:22:33,1,-65,5,RSSI Spike (2.6σ)
2026-02-11 05:47:08,Ma_B0x_Maison,FF:EE:DD:44:55:66,1,-62,2,RSSI Spike (2.7σ)
2026-02-11 05:47:08,Ma_Box_Maison,FF:FF:FF:EE:EE:EE,1,-30,5,Jitter/Timing Anomaly
2026-02-11 05:47:10,Ma_Box_Maison,AA:BB:CC:11:22:33,1,-62,5,RSSI Spike (2.6σ)
2026-02-11 05:47:10,Ma_B0x_Maison,FF:EE:DD:44:55:66,1,-62,2,RSSI Spike (2.7σ)
2026-02-11 05:47:10,Ma_Box_Maison,FF:FF:FF:EE:EE:EE,1,-30,5,Jitter/Timing Anomaly
2026-02-11 05:47:11,Ma_Box_Maison,AA:BB:CC:11:22:33,1,-56,5,RSSI Spike (2.6σ)
2026-02-11 05:47:11,Ma_B0x_Maison,FF:EE:DD:44:55:66,1,-60,2,RSSI Spike (2.7σ)
2026-02-11 05:47:11,Ma_Box_Maison,FF:FF:FF:EE:EE:EE,1,-30,5,Jitter/Timing Anomaly
2026-02-11 05:47:13,Ma_Box_Maison,AA:BB:CC:11:22:33,1,-61,5,RSSI Spike (2.6σ)
2026-02-11 05:47:13,Ma_B0x_Maison,FF:EE:DD:44:55:66,1,-62,2,RSSI Spike (2.7σ)
2026-02-11 05:47:13,Ma_Box_Maison,FF:FF:FF:EE:EE:EE,1,-30,5,Jitter/Timing Anomaly
2026-02-11 05:47:14,Ma_Box_Maison,AA:BB:CC:11:22:33,1,-60,5,RSSI Spike (2.6σ)
2026-02-11 05:47:14,Ma_B0x_Maison,FF:EE:DD:44:55:66,1,-61,2,RSSI Spike (2.7σ)
2026-02-11 05:47:14,Ma_Box_Maison,FF:FF:FF:EE:EE:EE,1,-30,5,Jitter/Timing Anomaly
2026-02-11 05:47:16,Ma_Box_Maison,AA:BB:CC:11:22:33,1,-64,5,RSSI Spike (2.6σ)
2026-02-11 05:47:16,Ma_B0x_Maison,FF:EE:DD:44:55:66,1,-69,2,RSSI Spike (2.7σ)
2026-02-11 05:47:16,Ma_Box_Maison,FF:FF:FF:EE:EE:EE,1,-30,5,Jitter/Timing Anomaly
2026-02-11 05:47:17,Ma_Box_Maison,AA:BB:CC:11:22:33,1,-61,5,RSSI Spike (2.6σ)
2026-02-11 05:47:17,Ma_B0x_Maison,FF:EE:DD:44:55:66,1,-70,2,RSSI Spike (2.7σ)
2026-02-11 05:47:17,Ma_Box_Maison,FF:FF:FF:EE:EE:EE,1,-30,5,Jitter/Timing Anomaly
2026-02-11 05:47:19,Ma_Box_Maison,AA:BB:CC:11:22:33,1,-64,5,RSSI Spike (2.6σ)
2026-02-11 05:47:19,Ma_B0x_Maison,FF:EE:DD:44:55:66,1,-69,2,RSSI Spike (2.7σ)
2026-02-11 05:47:19,Ma_Box_Maison,FF:FF:FF:EE:EE:EE,1,-30,5,Jitter/Timing Anomaly
2026-02-11 05:47:20,Ma_Box_Maison,AA:BB:CC:11:22:33,1,-63,5,RSSI Spike (2.6σ)
2026-02-11 05:47:20,Ma_B0x_Maison,FF:EE:DD:44:55:66,1,-66,2,RSSI Spike (2.7σ)
2026-02-11 05:47:20,Ma_Box_Maison,FF:FF:FF:EE:EE:EE,1,-30,5,Jitter/Timing Anomaly
2026-02-11 05:47:22,Ma_Box_Maison,AA:BB:CC:11:22:33,1,-63,5,RSSI Spike (2.6σ)
2026-02-11 05:47:22,Ma_B0x_Maison,FF:EE:DD:44:55:66,1,-61,2,RSSI Spike (2.7σ)
2026-02-11 05:47:22,Ma_Box_Maison,FF:FF:FF:EE:EE:EE,1,-30,5,Jitter/Timing Anomaly
2026-02-11 05:47:23,Ma_Box_Maison,AA:BB:CC:11:22:33,1,-62,5,RSSI Spike (2.6σ)
2026-02-11 05:47:23,Ma_B0x_Maison,FF:EE:DD:44:55:66,1,-66,2,RSSI Spike (2.7σ)
2026-02-11 05:47:23,Ma_Box_Maison,FF:FF:FF:EE:EE:EE,1,-30,5,Jitter/Timing Anomaly
2026-02-11 05:47:25,Ma_Box_Maison,AA:BB:CC:11:22:33,1,-57,5,RSSI Spike (2.6σ)
2026-02-11 05:47:25,Ma_B0x_Maison,FF:EE:DD:44:55:66,1,-61,2,RSSI Spike (2.7σ)
2026-02-11 05:47:25,Ma_Box_Maison,FF:FF:FF:EE:EE:EE,1,-30,5,Jitter/Timing Anomaly
2026-02-11 05:47:26,Ma_Box_Maison,AA:BB:CC:11:22:33,1,-58,5,RSSI Spike (2.6σ)
2026-02-11 05:47:26,Ma_B0x_Maison,FF:EE:DD:44:55:66,1,-64,2,RSSI Spike (2.7σ)
2026-02-11 05:47:26,Ma_Box_Maison,FF:FF:FF:EE:EE:EE,1,-30,5,Jitter/Timing Anomaly
2026-02-11 05:47:28,Ma_Box_Maison,AA:BB:CC:11:22:33,1,-55,5,RSSI Spike (2.6σ)
2026-02-11 05:47:28,Ma_B0x_Maison,FF:EE:DD:44:55:66,1,-61,2,RSSI Spike (2.7σ)
2026-02-11 05:47:28,Ma_Box_Maison,FF:FF:FF:EE:EE:EE,1,-30,5,Jitter/Timing Anomaly
2026-02-11 05:47:29,Ma_Box_Maison,AA:BB:CC:11:22:33,1,-64,5,RSSI Spike (2.6σ)
2026-02-11 05:47:29,Ma_B0x_Maison,FF:EE:DD:44:55:66,1,-70,2,RSSI Spike (2.7σ)
2026-02-11 05:47:29,Ma_Box_Maison,FF:FF:FF:EE:EE:EE,1,-30,5,Jitter/Timing Anomaly
2026-02-11 05:47:31,Ma_Box_Maison,AA:BB:CC:11:22:33,1,-56,5,RSSI Spike (2.6σ)
2026-02-11 05:47:31,Ma_B0x_Maison,FF:EE:DD:44:55:66,1,-70,2,RSSI Spike (2.7σ)
2026-02-11 05:47:31,Ma_Box_Maison,FF:FF:FF:EE:EE:EE,1,-30,5,Jitter/Timing Anomaly
2026-02-11 05:47:32,Ma_Box_Maison,AA:BB:CC:11:22:33,1,-61,5,RSSI Spike (2.6σ)
2026-02-11 05:47:32,Ma_B0x_Maison,FF:EE:DD:44:55:66,1,-64,2,RSSI Spike (2.7σ)
2026-02-11 05:47:32,Ma_Box_Maison,FF:FF:FF:EE:EE:EE,1,-30,5,Jitter/Timing Anomaly
2026-02-11 05:47:34,Ma_Box_Maison,AA:BB:CC:11:22:33,1,-60,5,RSSI Spike (2.6σ)
2026-02-11 05:47:34,Ma_B0x_Maison,FF:EE:DD:44:55:66,1,-66,2,RSSI Spike (2.7σ)
2026-02-11 05:47:34,Ma_Box_Maison,FF:FF:FF:EE:EE:EE,1,-30,5,Jitter/Timing Anomaly
2026-02-11 05:47:35,Ma_Box_Maison,AA:BB:CC:11:22:33,1,-61,5,RSSI Spike (2.6σ)
2026-02-11 05:47:35,Ma_B0x_Maison,FF:EE:DD:44:55:66,1,-70,2,RSSI Spike (2.7σ)
2026-02-11 05:47:35,Ma_Box_Maison,FF:FF:FF:EE:EE:EE,1,-30,5,Jitter/Timing Anomaly
2026-02-11 05:47:37,Ma_Box_Maison,AA:BB:CC:11:22:33,1,-55,5,RSSI Spike (2.6σ)
2026-02-11 05:47:37,Ma_B0x_Maison,FF:EE:DD:44:55:66,1,-61,2,RSSI Spike (2.7σ)
2026-02-11 05:47:37,Ma_Box_Maison,FF:FF:FF:EE:EE:EE,1,-30,5,Jitter/Timing Anomaly
2026-02-11 05:47:38,Ma_Box_Maison,AA:BB:CC:11:22:33,1,-59,5,RSSI Spike (2.6σ)
2026-02-11 05:47:38,Ma_B0x_Maison,FF:EE:DD:44:55:66,1,-63,2,RSSI Spike (2.7σ)
2026-02-11 05:47:38,Ma_Box_Maison,FF:FF:FF:EE:EE:EE,1,-30,5,Jitter/Timing Anomaly
2026-02-11 05:47:40,Ma_Box_Maison,AA:BB:CC:11:22:33,1,-58,5,RSSI Spike (2.6σ)
2026-02-11 05:47:40,Ma_B0x_Maison,FF:EE:DD:44:55:66,1,-67,2,RSSI Spike (2.7σ)
2026-02-11 05:47:40,Ma_Box_Maison,FF:FF:FF:EE:EE:EE,1,-30,5,Jitter/Timing Anomaly
2026-02-11 05:47:41,Ma_Box_Maison,AA:BB:CC:11:22:33,1,-56,5,RSSI Spike (2.6σ)
2026-02-11 05:47:41,Ma_B0x_Maison,FF:EE:DD:44:55:66,1,-67,2,RSSI Spike (2.7σ)
2026-02-11 05:47:41,Ma_Box_Maison,FF:FF:FF:EE:EE:EE,1,-30,5,Jitter/Timing Anomaly
2026-02-11 05:47:43,Ma_Box_Maison,AA:BB:CC:11:22:33,1,-55,5,RSSI Spike (2.6σ)
2026-02-11 05:47:43,Ma_B0x_Maison,FF:EE:DD:44:55:66,1,-66,2,RSSI Spike (2.7σ)
2026-02-11 05:47:43,Ma_Box_Maison,FF:FF:FF:EE:EE:EE,1,-30,5,Jitter/Timing Anomaly
2026-02-11 05:47:44,Ma_Box_Maison,AA:BB:CC:11:22:33,1,-60,5,RSSI Spike (2.6σ)
2026-02-11 05:47:44,Ma_B0x_Maison,FF:EE:DD:44:55:66,1,-64,2,RSSI Spike (2.7σ)
2026-02-11 05:47:44,Ma_Box_Maison,FF:FF:FF:EE:EE:EE,1,-30,5,Jitter/Timing Anomaly
2026-02-11 05:47:46,Ma_Box_Maison,AA:BB:CC:11:22:33,1,-65,5,RSSI Spike (2.6σ)
2026-02-11 05:47:46,Ma_B0x_Maison,FF:EE:DD:44:55:66,1,-60,2,RSSI Spike (2.7σ)
2026-02-11 05:47:46,Ma_Box_Maison,FF:FF:FF:EE:EE:EE,1,-30,5,Jitter/Timing Anomaly
2026-02-11 05:47:47,Ma_Box_Maison,AA:BB:CC:11:22:33,1,-57,5,RSSI Spike (2.6σ)
2026-02-11 05:47:47,Ma_B0x_Maison,FF:EE:DD:44:55:66,1,-69,2,RSSI Spike (2.7σ)
2026-02-11 05:47:47,Ma_Box_Maison,FF:FF:FF:EE:EE:EE,1,-30,5,Jitter/Timing Anomaly
2026-02-11 05:47:49,Ma_Box_Maison,AA:BB:CC:11:22:33,1,-61,5,RSSI Spike (2.6σ)
2026-02-11 05:47:49,Ma_B0x_Maison,FF:EE:DD:44:55:66,1,-69,2,RSSI Spike (2.7σ)
2026-02-11 05:47:49,Ma_Box_Maison,FF:FF:FF:EE:EE:EE,1,-30,5,Jitter/Timing Anomaly
2026-02-11 05:47:50,Ma_Box_Maison,AA:BB:CC:11:22:33,1,-62,5,RSSI Spike (2.6σ)
2026-02-11 05:47:50,Ma_B0x_Maison,FF:EE:DD:44:55:66,1,-69,2,RSSI Spike (2.7σ)
2026-02-11 05:47:50,Ma_Box_Maison,FF:FF:FF:EE:EE:EE,1,-30,5,Jitter/Timing Anomaly
2026-02-11 05:47:52,Ma_Box_Maison,AA:BB:CC:11:22:33,1,-60,5,RSSI Spike (2.6σ)
2026-02-11 05:47:52,Ma_B0x_Maison,FF:EE:DD:44:55:66,1,-60,2,RSSI Spike (2.7σ)
2026-02-11 05:47:52,Ma_Box_Maison,FF:FF:FF:EE:EE:EE,1,-30,5,Jitter/Timing Anomaly
2026-02-11 05:47:53,Ma_Box_Maison,AA:BB:CC:11:22:33,1,-61,5,RSSI Spike (2.6σ)
2026-02-11 05:47:53,Ma_B0x_Maison,FF:EE:DD:44:55:66,1,-64,2,RSSI Spike (2.7σ)
2026-02-11 05:47:53,Ma_Box_Maison,FF:FF:FF:EE:EE:EE,1,-30,5,Jitter/Timing Anomaly
2026-02-11 05:47:55,Ma_Box_Maison,AA:BB:CC:11:22:33,1,-61,5,RSSI Spike (2.6σ)
2026-02-11 05:47:55,Ma_B0x_Maison,FF:EE:DD:44:55:66,1,-69,2,RSSI Spike (2.7σ)
2026-02-11 05:47:55,Ma_Box_Maison,FF:FF:FF:EE:EE:EE,1,-30,5,Jitter/Timing Anomaly
2026-02-11 05:47:56,Ma_Box_Maison,AA:BB:CC:11:22:33,1,-61,5,RSSI Spike (2.6σ)
2026-02-11 05:47:56,Ma_B0x_Maison,FF:EE:DD:44:55:66,1,-69,2,RSSI Spike (2.7σ)
2026-02-11 05:47:56,Ma_Box_Maison,FF:FF:FF:EE:EE:EE,1,-30,5,Jitter/Timing Anomaly
2026-02-11 05:47:58,Ma_Box_Maison,AA:BB:CC:11:22:33,1,-60,5,RSSI Spike (2.6σ)
2026-02-11 05:47:58,Ma_B0x_Maison,FF:EE:DD:44:55:66,1,-69,2,RSSI Spike (2.7σ)
2026-02-11 05:47:58,Ma_Box_Maison,FF:FF:FF:EE:EE:EE,1,-30,5,Jitter/Timing Anomaly
2026-02-11 05:47:59,Ma_Box_Maison,AA:BB:CC:11:22:33,1,-62,5,RSSI Spike (2.6σ)
2026-02-11 05:47:59,Ma_B0x_Maison,FF:EE:DD:44:55:66,1,-64,2,RSSI Spike (2.7σ)
2026-02-11 05:47:59,Ma_Box_Maison,FF:FF:FF:EE:EE:EE,1,-30,5,Jitter/Timing Anomaly
2026-02-11 05:48:01,Ma_Box_Maison,AA:BB:CC:11:22:33,1,-64,5,RSSI Spike (2.6σ)
2026-02-11 05:48:01,Ma_B0x_Maison,FF:EE:DD:44:55:66,1,-67,2,RSSI Spike (2.7σ)
2026-02-11 05:48:01,Ma_Box_Maison,FF:FF:FF:EE:EE:EE,1,-30,5,Jitter/Timing Anomaly
2026-02-11 05:48:02,Ma_Box_Maison,AA:BB:CC:11:22:33,1,-62,5,RSSI Spike (2.6σ)
2026-02-11 05:48:02,Ma_B0x_Maison,FF:EE:DD:44:55:66,1,-62,2,RSSI Spike (2.7σ)
2026-02-11 05:48:02,Ma_Box_Maison,FF:FF:FF:EE:EE:EE,1,-30,5,Jitter/Timing Anomaly
2026-02-11 05:48:04,Ma_Box_Maison,AA:BB:CC:11:22:33,1,-65,5,RSSI Spike (2.6σ)
2026-02-11 05:48:04,Ma_B0x_Maison,FF:EE:DD:44:55:66,1,-65,2,RSSI Spike (2.7σ)
2026-02-11 05:48:04,Ma_Box_Maison,FF:FF:FF:EE:EE:EE,1,-30,5,Jitter/Timing Anomaly
2026-02-11 05:48:05,Ma_Box_Maison,AA:BB:CC:11:22:33,1,-62,5,RSSI Spike (2.6σ)
2026-02-11 05:48:05,Ma_B0x_Maison,FF:EE:DD:44:55:66,1,-62,2,RSSI Spike (2.7σ)
2026-02-11 05:48:05,Ma_Box_Maison,FF:FF:FF:EE:EE:EE,1,-30,5,Jitter/Timing Anomaly
2026-02-11 05:48:07,Ma_Box_Maison,AA:BB:CC:11:22:33,1,-56,5,RSSI Spike (3.7σ)
2026-02-11 05:48:07,Ma_B0x_Maison,FF:EE:DD:44:55:66,1,-64,2,RSSI Spike (2.7σ)
2026-02-11 05:48:07,Ma_Box_Maison,FF:FF:FF:EE:EE:EE,1,-30,5,Jitter/Timing Anomaly
2026-02-11 05:48:08,Ma_Box_Maison,AA:BB:CC:11:22:33,1,-59,5,RSSI Spike (3.7σ)
2026-02-11 05:48:08,Ma_B0x_Maison,FF:EE:DD:44:55:66,1,-64,2,RSSI Spike (2.7σ)
2026-02-11 05:48:08,Ma_Box_Maison,FF:FF:FF:EE:EE:EE,1,-30,5,Jitter/Timing Anomaly
2026-02-11 05:48:10,Ma_Box_Maison,AA:BB:CC:11:22:33,1,-61,5,RSSI Spike (3.7σ)
2026-02-11 05:48:10,Ma_B0x_Maison,FF:EE:DD:44:55:66,1,-70,2,RSSI Spike (2.7σ)
2026-02-11 05:48:10,Ma_Box_Maison,FF:FF:FF:EE:EE:EE,1,-30,5,Jitter/Timing Anomaly
2026-02-11 05:48:11,Ma_Box_Maison,AA:BB:CC:11:22:33,1,-62,5,RSSI Spike (3.7σ)
2026-02-11 05:48:11,Ma_B0x_Maison,FF:EE:DD:44:55:66,1,-62,2,RSSI Spike (2.7σ)
2026-02-11 05:48:11,Ma_Box_Maison,FF:FF:FF:EE:EE:EE,1,-30,5,Jitter/Timing Anomaly
2026-02-11 05:48:13,Ma_Box_Maison,AA:BB:CC:11:22:33,1,-55,5,RSSI Spike (3.7σ)
2026-02-11 05:48:13,Ma_B0x_Maison,FF:EE:DD:44:55:66,1,-65,2,RSSI Spike (2.7σ)
2026-02-11 05:48:13,Ma_Box_Maison,FF:FF:FF:EE:EE:EE,1,-30,5,Jitter/Timing Anomaly
2026-02-11 05:48:14,Ma_Box_Maison,AA:BB:CC:11:22:33,1,-56,5,RSSI Spike (3.7σ)
2026-02-11 05:48:14,Ma_B0x_Maison,FF:EE:DD:44:55:66,1,-69,2,RSSI Spike (2.7σ)
2026-02-11 05:48:14,Ma_Box_Maison,FF:FF:FF:EE:EE:EE,1,-30,5,Jitter/Timing Anomaly
2026-02-11 05:48:16,Ma_Box_Maison,AA:BB:CC:11:22:33,1,-55,5,RSSI Spike (3.7σ)
2026-02-11 05:48:16,Ma_B0x_Maison,FF:EE:DD:44:55:66,1,-64,2,RSSI Spike (2.7σ)
2026-02-11 05:48:16,Ma_Box_Maison,FF:FF:FF:EE:EE:EE,1,-30,5,Jitter/Timing Anomaly
2026-02-11 05:48:17,Ma_Box_Maison,AA:BB:CC:11:22:33,1,-59,5,RSSI Spike (3.7σ)
2026-02-11 05:48:17,Ma_B0x_Maison,FF:EE:DD:44:55:66,1,-60,2,RSSI Spike (2.7σ)
2026-02-11 05:48:17,Ma_Box_Maison,FF:FF:FF:EE:EE:EE,1,-30,5,Jitter/Timing Anomaly
2026-02-11 05:48:19,Ma_Box_Maison,AA:BB:CC:11:22:33,1,-61,5,RSSI Spike (3.7σ)
2026-02-11 05:48:19,Ma_B0x_Maison,FF:EE:DD:44:55:66,1,-67,2,RSSI Spike (2.7σ)
2026-02-11 05:48:19,Ma_Box_Maison,FF:FF:FF:EE:EE:EE,1,-30,5,Jitter/Timing Anomaly
2026-02-11 05:48:20,Ma_Box_Maison,AA:BB:CC:11:22:33,1,-65,5,RSSI Spike (3.7σ)
2026-02-11 05:48:20,Ma_B0x_Maison,FF:EE:DD:44:55:66,1,-68,2,RSSI Spike (2.7σ)
2026-02-11 05:48:20,Ma_Box_Maison,FF:FF:FF:EE:EE:EE,1,-30,5,Jitter/Timing Anomaly
2026-02-11 05:48:22,Ma_Box_Maison,AA:BB:CC:11:22:33,1,-61,5,RSSI Spike (3.7σ)
2026-02-11 05:48:22,Ma_B0x_Maison,FF:EE:DD:44:55:66,1,-68,2,RSSI Spike (2.7σ)
2026-02-11 05:48:22,Ma_Box_Maison,FF:FF:FF:EE:EE:EE,1,-30,5,Jitter/Timing Anomaly
2026-02-11 05:48:23,Ma_Box_Maison,AA:BB:CC:11:22:33,1,-58,5,RSSI Spike (3.7σ)
2026-02-11 05:48:23,Ma_B0x_Maison,FF:EE:DD:44:55:66,1,-63,2,RSSI Spike (2.7σ)
2026-02-11 05:48:23,Ma_Box_Maison,FF:FF:FF:EE:EE:EE,1,-30,5,Jitter/Timing Anomaly
2026-02-11 05:48:25,Ma_Box_Maison,AA:BB:CC:11:22:33,1,-63,5,RSSI Spike (3.7σ)
2026-02-11 05:48:25,Ma_B0x_Maison,FF:EE:DD:44:55:66,1,-67,2,RSSI Spike (2.7σ)
2026-02-11 05:48:25,Ma_Box_Maison,FF:FF:FF:EE:EE:EE,1,-30,5,Jitter/Timing Anomaly
2026-02-11 05:48:26,Ma_Box_Maison,AA:BB:CC:11:22:33,1,-58,5,RSSI Spike (3.7σ)
2026-02-11 05:48:26,Ma_B0x_Maison,FF:EE:DD:44:55:66,1,-61,2,RSSI Spike (2.7σ)
2026-02-11 05:48:26,Ma_Box_Maison,FF:FF:FF:EE:EE:EE,1,-30,5,Jitter/Timing Anomaly
2026-02-11 05:48:28,Ma_Box_Maison,AA:BB:CC:11:22:33,1,-58,5,RSSI Spike (3.7σ)
2026-02-11 05:48:28,Ma_B0x_Maison,FF:EE:DD:44:55:66,1,-68,2,RSSI Spike (2.7σ)
2026-02-11 05:48:28,Ma_Box_Maison,FF:FF:FF:EE:EE:EE,1,-30,5,Jitter/Timing Anomaly
2026-02-11 05:48:29,Ma_Box_Maison,AA:BB:CC:11:22:33,1,-64,5,RSSI Spike (3.7σ)
2026-02-11 05:48:29,Ma_B0x_Maison,FF:EE:DD:44:55:66,1,-65,2,RSSI Spike (2.7σ)
2026-02-11 05:48:29,Ma_Box_Maison,FF:FF:FF:EE:EE:EE,1,-30,5,Jitter/Timing Anomaly
2026-02-11 05:48:31,Ma_Box_Maison,AA:BB:CC:11:22:33,1,-63,5,RSSI Spike (3.7σ)
2026-02-11 05:48:31,Ma_B0x_Maison,FF:EE:DD:44:55:66,1,-62,2,RSSI Spike (2.7σ)
2026-02-11 05:48:31,Ma_Box_Maison,FF:FF:FF:EE:EE:EE,1,-30,5,Jitter/Timing Anomaly
2026-02-11 05:48:32,Ma_Box_Maison,AA:BB:CC:11:22:33,1,-62,5,RSSI Spike (3.7σ)
2026-02-11 05:48:32,Ma_B0x_Maison,FF:EE:DD:44:55:66,1,-69,2,RSSI Spike (2.7σ)
2026-02-11 05:48:32,Ma_Box_Maison,FF:FF:FF:EE:EE:EE,1,-30,5,Jitter/Timing Anomaly
2026-02-11 05:48:34,Ma_Box_Maison,AA:BB:CC:11:22:33,1,-61,5,RSSI Spike (2.7σ)
2026-02-11 05:48:34,Ma_B0x_Maison,FF:EE:DD:44:55:66,1,-70,2,RSSI Spike (2.7σ)
2026-02-11 05:48:34,Ma_Box_Maison,FF:FF:FF:EE:EE:EE,1,-30,5,Jitter/Timing Anomaly
2026-02-11 05:48:35,Ma_Box_Maison,AA:BB:CC:11:22:33,1,-59,5,RSSI Spike (2.7σ)
2026-02-11 05:48:35,Ma_B0x_Maison,FF:EE:DD:44:55:66,1,-64,2,RSSI Spike (2.7σ)
2026-02-11 05:48:35,Ma_Box_Maison,FF:FF:FF:EE:EE:EE,1,-30,5,Jitter/Timing Anomaly
2026-02-11 05:48:37,Ma_Box_Maison,AA:BB:CC:11:22:33,1,-63,5,RSSI Spike (2.7σ)
2026-02-11 05:48:37,Ma_B0x_Maison,FF:EE:DD:44:55:66,1,-61,2,RSSI Spike (2.7σ)
2026-02-11 05:48:37,Ma_Box_Maison,FF:FF:FF:EE:EE:EE,1,-30,5,Jitter/Timing Anomaly
2026-02-11 05:48:38,Ma_Box_Maison,AA:BB:CC:11:22:33,1,-62,5,RSSI Spike (2.7σ)
2026-02-11 05:48:38,Ma_B0x_Maison,FF:EE:DD:44:55:66,1,-64,2,RSSI Spike (2.7σ)
2026-02-11 05:48:38,Ma_Box_Maison,FF:FF:FF:EE:EE:EE,1,-30,5,Jitter/Timing Anomaly
2026-02-11 05:48:40,Ma_Box_Maison,AA:BB:CC:11:22:33,1,-55,5,RSSI Spike (2.7σ)
2026-02-11 05:48:40,Ma_B0x_Maison,FF:EE:DD:44:55:66,1,-63,2,RSSI Spike (2.7σ)
2026-02-11 05:48:40,Ma_Box_Maison,FF:FF:FF:EE:EE:EE,1,-30,5,Jitter/Timing Anomaly
2026-02-11 05:48:41,Ma_Box_Maison,AA:BB:CC:11:22:33,1,-63,5,RSSI Spike (2.7σ)
2026-02-11 05:48:41,Ma_B0x_Maison,FF:EE:DD:44:55:66,1,-66,2,RSSI Spike (2.7σ)
2026-02-11 05:48:41,Ma_Box_Maison,FF:FF:FF:EE:EE:EE,1,-30,5,Jitter/Timing Anomaly
2026-02-11 05:48:43,Ma_Box_Maison,AA:BB:CC:11:22:33,1,-59,5,RSSI Spike (2.7σ)
2026-02-11 05:48:43,Ma_B0x_Maison,FF:EE:DD:44:55:66,1,-64,2,RSSI Spike (2.7σ)
2026-02-11 05:48:43,Ma_Box_Maison,FF:FF:FF:EE:EE:EE,1,-30,5,Jitter/Timing Anomaly
2026-02-11 05:48:44,Ma_Box_Maison,AA:BB:CC:11:22:33,1,-56,5,RSSI Spike (2.7σ)
2026-02-11 05:48:44,Ma_B0x_Maison,FF:EE:DD:44:55:66,1,-68,2,RSSI Spike (2.7σ)
2026-02-11 05:48:44,Ma_Box_Maison,FF:FF:FF:EE:EE:EE,1,-30,5,Jitter/Timing Anomaly
2026-02-11 05:48:46,Ma_Box_Maison,AA:BB:CC:11:22:33,1,-61,5,RSSI Spike (2.7σ)
2026-02-11 05:48:46,Ma_B0x_Maison,FF:EE:DD:44:55:66,1,-60,2,RSSI Spike (2.7σ)
2026-02-11 05:48:46,Ma_Box_Maison,FF:FF:FF:EE:EE:EE,1,-30,5,Jitter/Timing Anomaly
2026-02-11 05:48:47,Ma_Box_Maison,AA:BB:CC:11:22:33,1,-56,5,RSSI Spike (2.7σ)
2026-02-11 05:48:47,Ma_B0x_Maison,FF:EE:DD:44:55:66,1,-63,2,RSSI Spike (2.7σ)
2026-02-11 05:48:47,Ma_Box_Maison,FF:FF:FF:EE:EE:EE,1,-30,5,Jitter/Timing Anomaly
2026-02-11 05:48:49,Ma_Box_Maison,AA:BB:CC:11:22:33,1,-55,5,RSSI Spike (2.7σ)
2026-02-11 05:48:49,Ma_B0x_Maison,FF:EE:DD:44:55:66,1,-68,2,RSSI Spike (2.7σ)
2026-02-11 05:48:49,Ma_Box_Maison,FF:FF:FF:EE:EE:EE,1,-30,5,Jitter/Timing Anomaly
2026-02-11 05:48:50,Ma_Box_Maison,AA:BB:CC:11:22:33,1,-57,5,RSSI Spike (2.7σ)
2026-02-11 05:48:50,Ma_B0x_Maison,FF:EE:DD:44:55:66,1,-69,2,RSSI Spike (2.7σ)
2026-02-11 05:48:50,Ma_Box_Maison,FF:FF:FF:EE:EE:EE,1,-30,5,Jitter/Timing Anomaly
2026-02-11 05:48:52,Ma_Box_Maison,AA:BB:CC:11:22:33,1,-60,5,RSSI Spike (2.7σ)
2026-02-11 05:48:52,Ma_B0x_Maison,FF:EE:DD:44:55:66,1,-66,2,RSSI Spike (2.7σ)
2026-02-11 05:48:52,Ma_Box_Maison,FF:FF:FF:EE:EE:EE,1,-30,5,Jitter/Timing Anomaly
2026-02-11 05:48:53,Ma_Box_Maison,AA:BB:CC:11:22:33,1,-55,5,RSSI Spike (2.7σ)
2026-02-11 05:48:53,Ma_B0x_Maison,FF:EE:DD:44:55:66,1,-60,2,RSSI Spike (2.7σ)
2026-02-11 05:48:53,Ma_Box_Maison,FF:FF:FF:EE:EE:EE,1,-30,5,Jitter/Timing Anomaly
2026-02-11 05:48:55,Ma_Box_Maison,AA:BB:CC:11:22:33,1,-61,5,RSSI Spike (2.7σ)
2026-02-11 05:48:55,Ma_B0x_Maison,FF:EE:DD:44:55:66,1,-60,2,RSSI Spike (2.7σ)
2026-02-11 05:48:55,Ma_Box_Maison,FF:FF:FF:EE:EE:EE,1,-30,5,Jitter/Timing Anomaly
2026-02-11 05:48:56,Ma_Box_Maison,AA:BB:CC:11:22:33,1,-59,5,RSSI Spike (2.7σ)
2026-02-11 05:48:56,Ma_B0x_Maison,FF:EE:DD:44:55:66,1,-67,2,RSSI Spike (2.7σ)
2026-02-11 05:48:56,Ma_Box_Maison,FF:FF:FF:EE:EE:EE,1,-30,5,Jitter/Timing Anomaly
2026-02-11 05:48:58,Ma_Box_Maison,AA:BB:CC:11:22:33,1,-55,5,RSSI Spike (2.7σ)
2026-02-11 05:48:58,Ma_B0x_Maison,FF:EE:DD:44:55:66,1,-70,2,RSSI Spike (2.7σ)
2026-02-11 05:48:58,Ma_Box_Maison,FF:FF:FF:EE:EE:EE,1,-30,5,Jitter/Timing Anomaly
2026-02-11 05:48:59,Ma_Box_Maison,AA:BB:CC:11:22:33,1,-61,5,RSSI Spike (2.7σ)
2026-02-11 05:48:59,Ma_B0x_Maison,FF:EE:DD:44:55:66,1,-63,2,RSSI Spike (2.7σ)
2026-02-11 05:48:59,Ma_Box_Maison,FF:FF:FF:EE:EE:EE,1,-30,5,Jitter/Timing Anomaly
2026-02-11 05:49:01,Ma_Box_Maison,AA:BB:CC:11:22:33,1,-64,5,RSSI Spike (2.7σ)
2026-02-11 05:49:01,Ma_B0x_Maison,FF:EE:DD:44:55:66,1,-66,2,RSSI Spike (2.7σ)
2026-02-11 05:49:01,Ma_Box_Maison,FF:FF:FF:EE:EE:EE,1,-30,5,Jitter/Timing Anomaly
2026-02-11 05:49:02,Ma_Box_Maison,AA:BB:CC:11:22:33,1,-61,5,RSSI Spike (2.7σ)
2026-02-11 05:49:02,Ma_B0x_Maison,FF:EE:DD:44:55:66,1,-62,2,RSSI Spike (2.7σ)
2026-02-11 05:49:02,Ma_Box_Maison,FF:FF:FF:EE:EE:EE,1,-30,5,Jitter/Timing Anomaly
2026-02-11 05:49:04,Ma_Box_Maison,AA:BB:CC:11:22:33,1,-59,5,RSSI Spike (2.7σ)
2026-02-11 05:49:04,Ma_B0x_Maison,FF:EE:DD:44:55:66,1,-60,2,RSSI Spike (2.7σ)
2026-02-11 05:49:04,Ma_Box_Maison,FF:FF:FF:EE:EE:EE,1,-30,5,Jitter/Timing Anomaly
2026-02-11 05:49:05,Ma_Box_Maison,AA:BB:CC:11:22:33,1,-61,5,RSSI Spike (2.7σ)
2026-02-11 05:49:05,Ma_B0x_Maison,FF:EE:DD:44:55:66,1,-68,2,RSSI Spike (2.7σ)
2026-02-11 05:49:05,Ma_Box_Maison,FF:FF:FF:EE:EE:EE,1,-30,5,Jitter/Timing Anomaly
2026-02-11 05:49:07,Ma_Box_Maison,AA:BB:CC:11:22:33,1,-56,5,RSSI Spike (2.7σ)
2026-02-11 05:49:07,Ma_B0x_Maison,FF:EE:DD:44:55:66,1,-69,2,RSSI Spike (2.7σ)
2026-02-11 05:49:07,Ma_Box_Maison,FF:FF:FF:EE:EE:EE,1,-30,5,Jitter/Timing Anomaly
2026-02-11 05:49:08,Ma_Box_Maison,AA:BB:CC:11:22:33,1,-64,5,RSSI Spike (2.7σ)
2026-02-11 05:49:08,Ma_B0x_Maison,FF:EE:DD:44:55:66,1,-64,2,RSSI Spike (2.7σ)
2026-02-11 05:49:08,Ma_Box_Maison,FF:FF:FF:EE:EE:EE,1,-30,5,Jitter/Timing Anomaly
2026-02-11 05:49:10,Ma_Box_Maison,AA:BB:CC:11:22:33,1,-58,5,RSSI Spike (2.7σ)
2026-02-11 05:49:10,Ma_B0x_Maison,FF:EE:DD:44:55:66,1,-65,2,RSSI Spike (2.7σ)
2026-02-11 05:49:10,Ma_Box_Maison,FF:FF:FF:EE:EE:EE,1,-30,5,Jitter/Timing Anomaly
2026-02-11 05:49:11,Ma_Box_Maison,AA:BB:CC:11:22:33,1,-62,5,RSSI Spike (2.7σ)
2026-02-11 05:49:11,Ma_B0x_Maison,FF:EE:DD:44:55:66,1,-66,2,RSSI Spike (2.7σ)
2026-02-11 05:49:11,Ma_Box_Maison,FF:FF:FF:EE:EE:EE,1,-30,5,Jitter/Timing Anomaly
2026-02-11 05:49:13,Ma_Box_Maison,AA:BB:CC:11:22:33,1,-56,5,RSSI Spike (2.7σ)
2026-02-11 05:49:13,Ma_B0x_Maison,FF:EE:DD:44:55:66,1,-62,2,RSSI Spike (2.7σ)
2026-02-11 05:49:13,Ma_Box_Maison,FF:FF:FF:EE:EE:EE,1,-30,5,Jitter/Timing Anomaly
2026-02-11 05:49:14,Ma_Box_Maison,AA:BB:CC:11:22:33,1,-61,5,RSSI Spike (2.7σ)
2026-02-11 05:49:14,Ma_B0x_Maison,FF:EE:DD:44:55:66,1,-62,2,RSSI Spike (2.7σ)
2026-02-11 05:49:14,Ma_Box_Maison,FF:FF:FF:EE:EE:EE,1,-30,5,Jitter/Timing Anomaly
2026-02-11 05:49:16,Ma_Box_Maison,AA:BB:CC:11:22:33,1,-63,5,RSSI Spike (2.7σ)
2026-02-11 05:49:16,Ma_B0x_Maison,FF:EE:DD:44:55:66,1,-70,2,RSSI Spike (2.7σ)
2026-02-11 05:49:16,Ma_Box_Maison,FF:FF:FF:EE:EE:EE,1,-30,5,Jitter/Timing Anomaly
2026-02-11 05:49:17,Ma_Box_Maison,AA:BB:CC:11:22:33,1,-64,5,RSSI Spike (2.7σ)
2026-02-11 05:49:17,Ma_B0x_Maison,FF:EE:DD:44:55:66,1,-67,2,RSSI Spike (2.7σ)
2026-02-11 05:49:17,Ma_Box_Maison,FF:FF:FF:EE:EE:EE,1,-30,5,Jitter/Timing Anomaly
2026-02-11 05:49:19,Ma_Box_Maison,AA:BB:CC:11:22:33,1,-57,5,RSSI Spike (2.7σ)
2026-02-11 05:49:19,Ma_B0x_Maison,FF:EE:DD:44:55:66,1,-64,2,RSSI Spike (2.7σ)
2026-02-11 05:49:19,Ma_Box_Maison,FF:FF:FF:EE:EE:EE,1,-30,5,Jitter/Timing Anomaly
2026-02-11 05:49:21,Ma_Box_Maison,AA:BB:CC:11:22:33,1,-62,5,RSSI Spike (2.7σ)
2026-02-11 05:49:21,Ma_B0x_Maison,FF:EE:DD:44:55:66,1,-61,2,RSSI Spike (2.7σ)
2026-02-11 05:49:21,Ma_Box_Maison,FF:FF:FF:EE:EE:EE,1,-30,5,Jitter/Timing Anomaly
2026-02-11 05:49:22,Ma_Box_Maison,AA:BB:CC:11:22:33,1,-64,5,RSSI Spike (2.7σ)
2026-02-11 05:49:22,Ma_B0x_Maison,FF:EE:DD:44:55:66,1,-60,2,RSSI Spike (2.7σ)
2026-02-11 05:49:22,Ma_Box_Maison,FF:FF:FF:EE:EE:EE,1,-30,5,Jitter/Timing Anomaly
2026-02-11 05:49:24,Ma_Box_Maison,AA:BB:CC:11:22:33,1,-63,5,RSSI Spike (2.7σ)
2026-02-11 05:49:24,Ma_B0x_Maison,FF:EE:DD:44:55:66,1,-69,2,RSSI Spike (2.7σ)
2026-02-11 05:49:24,Ma_Box_Maison,FF:FF:FF:EE:EE:EE,1,-30,5,Jitter/Timing Anomaly
2026-02-11 05:49:25,Ma_Box_Maison,AA:BB:CC:11:22:33,1,-64,5,RSSI Spike (2.7σ)
2026-02-11 05:49:25,Ma_B0x_Maison,FF:EE:DD:44:55:66,1,-70,2,RSSI Spike (2.7σ)
2026-02-11 05:49:25,Ma_Box_Maison,FF:FF:FF:EE:EE:EE,1,-30,5,Jitter/Timing Anomaly
2026-02-11 05:49:27,Ma_Box_Maison,AA:BB:CC:11:22:33,1,-60,5,RSSI Spike (2.7σ)
2026-02-11 05:49:27,Ma_B0x_Maison,FF:EE:DD:44:55:66,1,-69,2,RSSI Spike (2.7σ)
2026-02-11 05:49:27,Ma_Box_Maison,FF:FF:FF:EE:EE:EE,1,-30,5,Jitter/Timing Anomaly
2026-02-11 05:49:28,Ma_Box_Maison,AA:BB:CC:11:22:33,1,-63,5,RSSI Spike (2.7σ)
2026-02-11 05:49:28,Ma_B0x_Maison,FF:EE:DD:44:55:66,1,-68,2,RSSI Spike (2.7σ)
2026-02-11 05:49:28,Ma_Box_Maison,FF:FF:FF:EE:EE:EE,1,-30,5,Jitter/Timing Anomaly
2026-02-11 05:49:30,Ma_Box_Maison,AA:BB:CC:11:22:33,1,-58,5,RSSI Spike (2.7σ)
2026-02-11 05:49:30,Ma_B0x_Maison,FF:EE:DD:44:55:66,1,-66,2,RSSI Spike (2.7σ)
2026-02-11 05:49:30,Ma_Box_Maison,FF:FF:FF:EE:EE:EE,1,-30,5,Jitter/Timing Anomaly
2026-02-11 05:49:31,Ma_Box_Maison,AA:BB:CC:11:22:33,1,-60,5,RSSI Spike (2.7σ)
2026-02-11 05:49:31,Ma_B0x_Maison,FF:EE:DD:44:55:66,1,-66,2,RSSI Spike (2.7σ)
2026-02-11 05:49:31,Ma_Box_Maison,FF:FF:FF:EE:EE:EE,1,-30,5,Jitter/Timing Anomaly
2026-02-11 05:49:33,Ma_Box_Maison,AA:BB:CC:11:22:33,1,-61,5,RSSI Spike (2.7σ)
2026-02-11 05:49:33,Ma_B0x_Maison,FF:EE:DD:44:55:66,1,-60,2,RSSI Spike (2.7σ)
2026-02-11 05:49:33,Ma_Box_Maison,FF:FF:FF:EE:EE:EE,1,-30,5,Jitter/Timing Anomaly
2026-02-11 05:49:34,Ma_Box_Maison,AA:BB:CC:11:22:33,1,-59,5,RSSI Spike (2.7σ)
2026-02-11 05:49:34,Ma_B0x_Maison,FF:EE:DD:44:55:66,1,-66,2,RSSI Spike (2.7σ)
2026-02-11 05:49:34,Ma_Box_Maison,FF:FF:FF:EE:EE:EE,1,-30,5,Jitter/Timing Anomaly
2026-02-11 05:49:36,Ma_Box_Maison,AA:BB:CC:11:22:33,1,-58,5,RSSI Spike (2.7σ)
2026-02-11 05:49:36,Ma_B0x_Maison,FF:EE:DD:44:55:66,1,-63,2,RSSI Spike (2.7σ)
2026-02-11 05:49:36,Ma_Box_Maison,FF:FF:FF:EE:EE:EE,1,-30,5,Jitter/Timing Anomaly
2026-02-11 05:49:37,Ma_Box_Maison,AA:BB:CC:11:22:33,1,-63,5,RSSI Spike (2.7σ)
2026-02-11 05:49:37,Ma_B0x_Maison,FF:EE:DD:44:55:66,1,-64,2,RSSI Spike (2.7σ)
2026-02-11 05:49:37,Ma_Box_Maison,FF:FF:FF:EE:EE:EE,1,-30,5,Jitter/Timing Anomaly
2026-02-11 05:49:39,Ma_Box_Maison,AA:BB:CC:11:22:33,1,-58,5,RSSI Spike (2.7σ)
2026-02-11 05:49:39,Ma_B0x_Maison,FF:EE:DD:44:55:66,1,-68,2,RSSI Spike (2.7σ)
2026-02-11 05:49:39,Ma_Box_Maison,FF:FF:FF:EE:EE:EE,1,-30,5,Jitter/Timing Anomaly
2026-02-11 05:49:40,Ma_Box_Maison,AA:BB:CC:11:22:33,1,-64,5,RSSI Spike (2.7σ)
2026-02-11 05:49:40,Ma_B0x_Maison,FF:EE:DD:44:55:66,1,-68,2,RSSI Spike (2.7σ)
2026-02-11 05:49:40,Ma_Box_Maison,FF:FF:FF:EE:EE:EE,1,-30,5,Jitter/Timing Anomaly
2026-02-11 05:49:42,Ma_Box_Maison,AA:BB:CC:11:22:33,1,-57,5,RSSI Spike (2.7σ)
2026-02-11 05:49:42,Ma_B0x_Maison,FF:EE:DD:44:55:66,1,-66,2,RSSI Spike (2.7σ)
2026-02-11 05:49:42,Ma_Box_Maison,FF:FF:FF:EE:EE:EE,1,-30,5,Jitter/Timing Anomaly
2026-02-11 05:49:43,Ma_Box_Maison,AA:BB:CC:11:22:33,1,-58,5,RSSI Spike (2.7σ)
2026-02-11 05:49:43,Ma_B0x_Maison,FF:EE:DD:44:55:66,1,-69,2,RSSI Spike (2.7σ)
2026-02-11 05:49:43,Ma_Box_Maison,FF:FF:FF:EE:EE:EE,1,-30,5,Jitter/Timing Anomaly
2026-02-11 05:49:45,Ma_Box_Maison,AA:BB:CC:11:22:33,1,-61,5,RSSI Spike (2.7σ)
2026-02-11 05:49:45,Ma_B0x_Maison,FF:EE:DD:44:55:66,1,-62,2,RSSI Spike (2.7σ)
2026-02-11 05:49:45,Ma_Box_Maison,FF:FF:FF:EE:EE:EE,1,-30,5,Jitter/Timing Anomaly
2026-02-11 05:49:46,Ma_Box_Maison,AA:BB:CC:11:22:33,1,-55,5,RSSI Spike (2.7σ)
2026-02-11 05:49:46,Ma_B0x_Maison,FF:EE:DD:44:55:66,1,-65,2,RSSI Spike (2.7σ)
2026-02-11 05:49:46,Ma_Box_Maison,FF:FF:FF:EE:EE:EE,1,-30,5,Jitter/Timing Anomaly
2026-02-11 05:49:48,Ma_Box_Maison,AA:BB:CC:11:22:33,1,-57,5,RSSI Spike (2.7σ)
2026-02-11 05:49:48,Ma_B0x_Maison,FF:EE:DD:44:55:66,1,-68,2,RSSI Spike (2.7σ)
2026-02-11 05:49:48,Ma_Box_Maison,FF:FF:FF:EE:EE:EE,1,-30,5,Jitter/Timing Anomaly
2026-02-11 05:49:49,Ma_Box_Maison,AA:BB:CC:11:22:33,1,-58,5,RSSI Spike (2.7σ)
2026-02-11 05:49:49,Ma_B0x_Maison,FF:EE:DD:44:55:66,1,-61,2,RSSI Spike (2.7σ)
2026-02-11 05:49:49,Ma_Box_Maison,FF:FF:FF:EE:EE:EE,1,-30,5,Jitter/Timing Anomaly
2026-02-11 05:49:51,Ma_Box_Maison,AA:BB:CC:11:22:33,1,-60,5,RSSI Spike (2.7σ)
2026-02-11 05:49:51,Ma_B0x_Maison,FF:EE:DD:44:55:66,1,-61,2,RSSI Spike (2.7σ)
2026-02-11 05:49:51,Ma_Box_Maison,FF:FF:FF:EE:EE:EE,1,-30,5,Jitter/Timing Anomaly
2026-02-11 05:49:52,Ma_Box_Maison,AA:BB:CC:11:22:33,1,-63,5,RSSI Spike (2.7σ)
2026-02-11 05:49:52,Ma_B0x_Maison,FF:EE:DD:44:55:66,1,-63,2,RSSI Spike (2.7σ)
2026-02-11 05:49:52,Ma_Box_Maison,FF:FF:FF:EE:EE:EE,1,-30,5,Jitter/Timing Anomaly
2026-02-11 05:49:54,Ma_Box_Maison,AA:BB:CC:11:22:33,1,-57,5,RSSI Spike (2.7σ)
2026-02-11 05:49:54,Ma_B0x_Maison,FF:EE:DD:44:55:66,1,-63,2,RSSI Spike (2.7σ)
2026-02-11 05:49:54,Ma_Box_Maison,FF:FF:FF:EE:EE:EE,1,-30,5,Jitter/Timing Anomaly
2026-02-11 05:49:55,Ma_Box_Maison,AA:BB:CC:11:22:33,1,-65,5,RSSI Spike (2.7σ)
2026-02-11 05:49:55,Ma_B0x_Maison,FF:EE:DD:44:55:66,1,-69,2,RSSI Spike (2.7σ)
2026-02-11 05:49:55,Ma_Box_Maison,FF:FF:FF:EE:EE:EE,1,-30,5,Jitter/Timing Anomaly
2026-02-11 05:49:57,Ma_Box_Maison,AA:BB:CC:11:22:33,1,-55,5,RSSI Spike (2.7σ)
2026-02-11 05:49:57,Ma_B0x_Maison,FF:EE:DD:44:55:66,1,-62,2,RSSI Spike (2.7σ)
2026-02-11 05:49:57,Ma_Box_Maison,FF:FF:FF:EE:EE:EE,1,-30,5,Jitter/Timing Anomaly
2026-02-11 05:49:58,Ma_Box_Maison,AA:BB:CC:11:22:33,1,-55,5,RSSI Spike (2.7σ)
2026-02-11 05:49:58,Ma_B0x_Maison,FF:EE:DD:44:55:66,1,-60,2,RSSI Spike (2.7σ)
2026-02-11 05:49:58,Ma_Box_Maison,FF:FF:FF:EE:EE:EE,1,-30,5,Jitter/Timing Anomaly
2026-02-11 05:50:00,Ma_Box_Maison,AA:BB:CC:11:22:33,1,-61,5,RSSI Spike (2.7σ)
2026-02-11 05:50:00,Ma_B0x_Maison,FF:EE:DD:44:55:66,1,-61,2,RSSI Spike (2.7σ)
2026-02-11 05:50:00,Ma_Box_Maison,FF:FF:FF:EE:EE:EE,1,-30,5,Jitter/Timing Anomaly
2026-02-11 05:50:01,Ma_Box_Maison,AA:BB:CC:11:22:33,1,-58,5,RSSI Spike (2.7σ)
2026-02-11 05:50:01,Ma_B0x_Maison,FF:EE:DD:44:55:66,1,-64,2,RSSI Spike (2.7σ)
2026-02-11 05:50:01,Ma_Box_Maison,FF:FF:FF:EE:EE:EE,1,-30,5,Jitter/Timing Anomaly
2026-02-11 05:50:03,Ma_Box_Maison,AA:BB:CC:11:22:33,1,-60,5,RSSI Spike (2.7σ)
2026-02-11 05:50:03,Ma_B0x_Maison,FF:EE:DD:44:55:66,1,-63,2,RSSI Spike (2.7σ)
2026-02-11 05:50:03,Ma_Box_Maison,FF:FF:FF:EE:EE:EE,1,-30,5,Jitter/Timing Anomaly
2026-02-11 05:50:04,Ma_Box_Maison,AA:BB:CC:11:22:33,1,-60,5,RSSI Spike (2.7σ)
2026-02-11 05:50:04,Ma_B0x_Maison,FF:EE:DD:44:55:66,1,-68,2,RSSI Spike (2.7σ)
2026-02-11 05:50:04,Ma_Box_Maison,FF:FF:FF:EE:EE:EE,1,-30,5,Jitter/Timing Anomaly
2026-02-11 05:50:06,Ma_Box_Maison,AA:BB:CC:11:22:33,1,-58,5,RSSI Spike (2.7σ)
2026-02-11 05:50:06,Ma_B0x_Maison,FF:EE:DD:44:55:66,1,-64,2,RSSI Spike (2.7σ)
2026-02-11 05:50:06,Ma_Box_Maison,FF:FF:FF:EE:EE:EE,1,-30,5,Jitter/Timing Anomaly
2026-02-11 05:50:07,Ma_Box_Maison,AA:BB:CC:11:22:33,1,-60,5,RSSI Spike (2.7σ)
2026-02-11 05:50:07,Ma_B0x_Maison,FF:EE:DD:44:55:66,1,-64,2,RSSI Spike (2.7σ)
2026-02-11 05:50:07,Ma_Box_Maison,FF:FF:FF:EE:EE:EE,1,-30,5,Jitter/Timing Anomaly
2026-02-11 05:50:09,Ma_Box_Maison,AA:BB:CC:11:22:33,1,-61,5,RSSI Spike (2.7σ)
2026-02-11 05:50:09,Ma_B0x_Maison,FF:EE:DD:44:55:66,1,-63,2,RSSI Spike (2.7σ)
2026-02-11 05:50:09,Ma_Box_Maison,FF:FF:FF:EE:EE:EE,1,-30,5,Jitter/Timing Anomaly
2026-02-11 05:50:10,Ma_Box_Maison,AA:BB:CC:11:22:33,1,-63,5,RSSI Spike (2.7σ)
2026-02-11 05:50:10,Ma_B0x_Maison,FF:EE:DD:44:55:66,1,-62,2,RSSI Spike (2.7σ)
2026-02-11 05:50:10,Ma_Box_Maison,FF:FF:FF:EE:EE:EE,1,-30,5,Jitter/Timing Anomaly
2026-02-11 05:50:12,Ma_Box_Maison,AA:BB:CC:11:22:33,1,-62,5,RSSI Spike (2.7σ)
2026-02-11 05:50:12,Ma_B0x_Maison,FF:EE:DD:44:55:66,1,-62,2,RSSI Spike (2.7σ)
2026-02-11 05:50:12,Ma_Box_Maison,FF:FF:FF:EE:EE:EE,1,-30,5,Jitter/Timing Anomaly
2026-02-11 05:50:13,Ma_Box_Maison,AA:BB:CC:11:22:33,1,-64,5,RSSI Spike (2.7σ)
2026-02-11 05:50:13,Ma_B0x_Maison,FF:EE:DD:44:55:66,1,-61,2,RSSI Spike (2.7σ)
2026-02-11 05:50:13,Ma_Box_Maison,FF:FF:FF:EE:EE:EE,1,-30,5,Jitter/Timing Anomaly
2026-02-11 05:50:15,Ma_Box_Maison,AA:BB:CC:11:22:33,1,-59,5,RSSI Spike (2.7σ)
2026-02-11 05:50:15,Ma_B0x_Maison,FF:EE:DD:44:55:66,1,-66,2,RSSI Spike (2.7σ)
2026-02-11 05:50:15,Ma_Box_Maison,FF:FF:FF:EE:EE:EE,1,-30,5,Jitter/Timing Anomaly
2026-02-11 05:50:16,Ma_Box_Maison,AA:BB:CC:11:22:33,1,-58,5,RSSI Spike (2.7σ)
2026-02-11 05:50:16,Ma_B0x_Maison,FF:EE:DD:44:55:66,1,-60,2,RSSI Spike (2.7σ)
2026-02-11 05:50:16,Ma_Box_Maison,FF:FF:FF:EE:EE:EE,1,-30,5,Jitter/Timing Anomaly
2026-02-11 05:50:18,Ma_Box_Maison,AA:BB:CC:11:22:33,1,-62,5,RSSI Spike (2.7σ)
2026-02-11 05:50:18,Ma_B0x_Maison,FF:EE:DD:44:55:66,1,-64,2,RSSI Spike (2.7σ)
2026-02-11 05:50:18,Ma_Box_Maison,FF:FF:FF:EE:EE:EE,1,-30,5,Jitter/Timing Anomaly
2026-02-11 05:50:19,Ma_Box_Maison,AA:BB:CC:11:22:33,1,-58,5,RSSI Spike (2.7σ)
2026-02-11 05:50:19,Ma_B0x_Maison,FF:EE:DD:44:55:66,1,-64,2,RSSI Spike (2.7σ)
2026-02-11 05:50:19,Ma_Box_Maison,FF:FF:FF:EE:EE:EE,1,-30,5,Jitter/Timing Anomaly
2026-02-11 05:50:21,Ma_Box_Maison,AA:BB:CC:11:22:33,1,-58,5,RSSI Spike (2.7σ)
2026-02-11 05:50:21,Ma_B0x_Maison,FF:EE:DD:44:55:66,1,-68,2,RSSI Spike (2.7σ)
2026-02-11 05:50:21,Ma_Box_Maison,FF:FF:FF:EE:EE:EE,1,-30,5,Jitter/Timing Anomaly
2026-02-11 05:50:22,Ma_Box_Maison,AA:BB:CC:11:22:33,1,-60,5,RSSI Spike (2.7σ)
2026-02-11 05:50:22,Ma_B0x_Maison,FF:EE:DD:44:55:66,1,-66,2,RSSI Spike (2.7σ)
2026-02-11 05:50:22,Ma_Box_Maison,FF:FF:FF:EE:EE:EE,1,-30,5,Jitter/Timing Anomaly
2026-02-11 05:50:24,Ma_Box_Maison,AA:BB:CC:11:22:33,1,-56,5,RSSI Spike (2.7σ)
2026-02-11 05:50:24,Ma_B0x_Maison,FF:EE:DD:44:55:66,1,-63,2,RSSI Spike (2.7σ)
2026-02-11 05:50:24,Ma_Box_Maison,FF:FF:FF:EE:EE:EE,1,-30,5,Jitter/Timing Anomaly
2026-02-11 05:50:25,Ma_Box_Maison,AA:BB:CC:11:22:33,1,-63,5,RSSI Spike (2.7σ)
2026-02-11 05:50:25,Ma_B0x_Maison,FF:EE:DD:44:55:66,1,-68,2,RSSI Spike (2.7σ)
2026-02-11 05:50:25,Ma_Box_Maison,FF:FF:FF:EE:EE:EE,1,-30,5,Jitter/Timing Anomaly
2026-02-11 05:50:27,Ma_Box_Maison,AA:BB:CC:11:22:33,1,-63,5,RSSI Spike (2.7σ)
2026-02-11 05:50:27,Ma_B0x_Maison,FF:EE:DD:44:55:66,1,-68,2,RSSI Spike (2.7σ)
2026-02-11 05:50:27,Ma_Box_Maison,FF:FF:FF:EE:EE:EE,1,-30,5,Jitter/Timing Anomaly
2026-02-11 05:50:28,Ma_Box_Maison,AA:BB:CC:11:22:33,1,-57,5,RSSI Spike (2.7σ)
2026-02-11 05:50:28,Ma_B0x_Maison,FF:EE:DD:44:55:66,1,-61,2,RSSI Spike (2.7σ)
2026-02-11 05:50:28,Ma_Box_Maison,FF:FF:FF:EE:EE:EE,1,-30,5,Jitter/Timing Anomaly
2026-02-11 05:50:30,Ma_Box_Maison,AA:BB:CC:11:22:33,1,-62,5,RSSI Spike (2.7σ)
2026-02-11 05:50:30,Ma_B0x_Maison,FF:EE:DD:44:55:66,1,-63,2,RSSI Spike (2.7σ)
2026-02-11 05:50:30,Ma_Box_Maison,FF:FF:FF:EE:EE:EE,1,-30,5,Jitter/Timing Anomaly
2026-02-11 05:50:31,Ma_Box_Maison,AA:BB:CC:11:22:33,1,-64,5,RSSI Spike (2.7σ)
2026-02-11 05:50:31,Ma_B0x_Maison,FF:EE:DD:44:55:66,1,-63,2,RSSI Spike (2.7σ)
2026-02-11 05:50:31,Ma_Box_Maison,FF:FF:FF:EE:EE:EE,1,-30,5,Jitter/Timing Anomaly
2026-02-11 05:50:33,Ma_Box_Maison,AA:BB:CC:11:22:33,1,-57,5,RSSI Spike (2.7σ)
2026-02-11 05:50:33,Ma_B0x_Maison,FF:EE:DD:44:55:66,1,-62,2,RSSI Spike (2.7σ)
2026-02-11 05:50:33,Ma_Box_Maison,FF:FF:FF:EE:EE:EE,1,-30,5,Jitter/Timing Anomaly
2026-02-11 05:50:34,Ma_Box_Maison,AA:BB:CC:11:22:33,1,-55,5,RSSI Spike (2.7σ)
2026-02-11 05:50:34,Ma_B0x_Maison,FF:EE:DD:44:55:66,1,-62,2,RSSI Spike (2.7σ)
2026-02-11 05:50:34,Ma_Box_Maison,FF:FF:FF:EE:EE:EE,1,-30,5,Jitter/Timing Anomaly
2026-02-11 05:50:36,Ma_Box_Maison,AA:BB:CC:11:22:33,1,-65,5,RSSI Spike (2.7σ)
2026-02-11 05:50:36,Ma_B0x_Maison,FF:EE:DD:44:55:66,1,-69,2,RSSI Spike (2.7σ)
2026-02-11 05:50:36,Ma_Box_Maison,FF:FF:FF:EE:EE:EE,1,-30,5,Jitter/Timing Anomaly
2026-02-11 05:50:37,Ma_Box_Maison,AA:BB:CC:11:22:33,1,-65,5,RSSI Spike (2.7σ)
2026-02-11 05:50:37,Ma_B0x_Maison,FF:EE:DD:44:55:66,1,-69,2,RSSI Spike (2.7σ)
2026-02-11 05:50:37,Ma_Box_Maison,FF:FF:FF:EE:EE:EE,1,-30,5,Jitter/Timing Anomaly
2026-02-11 05:50:39,Ma_Box_Maison,AA:BB:CC:11:22:33,1,-59,5,RSSI Spike (2.7σ)
2026-02-11 05:50:39,Ma_B0x_Maison,FF:EE:DD:44:55:66,1,-60,2,RSSI Spike (2.7σ)
2026-02-11 05:50:39,Ma_Box_Maison,FF:FF:FF:EE:EE:EE,1,-30,5,Jitter/Timing Anomaly
2026-02-11 05:50:40,Ma_Box_Maison,AA:BB:CC:11:22:33,1,-64,5,RSSI Spike (2.7σ)
2026-02-11 05:50:40,Ma_B0x_Maison,FF:EE:DD:44:55:66,1,-66,2,RSSI Spike (2.7σ)
2026-02-11 05:50:40,Ma_Box_Maison,FF:FF:FF:EE:EE:EE,1,-30,5,Jitter/Timing Anomaly
2026-02-11 05:50:42,Ma_Box_Maison,AA:BB:CC:11:22:33,1,-56,5,RSSI Spike (2.7σ)
2026-02-11 05:50:42,Ma_B0x_Maison,FF:EE:DD:44:55:66,1,-60,2,RSSI Spike (2.7σ)
2026-02-11 05:50:42,Ma_Box_Maison,FF:FF:FF:EE:EE:EE,1,-30,5,Jitter/Timing Anomaly
2026-02-11 05:50:43,Ma_Box_Maison,AA:BB:CC:11:22:33,1,-62,5,RSSI Spike (2.7σ)
2026-02-11 05:50:43,Ma_B0x_Maison,FF:EE:DD:44:55:66,1,-69,2,RSSI Spike (2.7σ)
2026-02-11 05:50:43,Ma_Box_Maison,FF:FF:FF:EE:EE:EE,1,-30,5,Jitter/Timing Anomaly
2026-02-11 05:50:45,Ma_Box_Maison,AA:BB:CC:11:22:33,1,-62,5,RSSI Spike (2.7σ)
2026-02-11 05:50:45,Ma_B0x_Maison,FF:EE:DD:44:55:66,1,-64,2,RSSI Spike (2.7σ)
2026-02-11 05:50:45,Ma_Box_Maison,FF:FF:FF:EE:EE:EE,1,-30,5,Jitter/Timing Anomaly
2026-02-11 05:50:46,Ma_Box_Maison,AA:BB:CC:11:22:33,1,-64,5,RSSI Spike (2.7σ)
2026-02-11 05:50:46,Ma_B0x_Maison,FF:EE:DD:44:55:66,1,-62,2,RSSI Spike (2.7σ)
2026-02-11 05:50:46,Ma_Box_Maison,FF:FF:FF:EE:EE:EE,1,-30,5,Jitter/Timing Anomaly
2026-02-11 05:50:48,Ma_Box_Maison,AA:BB:CC:11:22:33,1,-64,5,RSSI Spike (2.7σ)
2026-02-11 05:50:48,Ma_B0x_Maison,FF:EE:DD:44:55:66,1,-69,2,RSSI Spike (2.7σ)
2026-02-11 05:50:48,Ma_Box_Maison,FF:FF:FF:EE:EE:EE,1,-30,5,Jitter/Timing Anomaly
2026-02-11 05:50:49,Ma_Box_Maison,AA:BB:CC:11:22:33,1,-56,5,RSSI Spike (2.7σ)
2026-02-11 05:50:49,Ma_B0x_Maison,FF:EE:DD:44:55:66,1,-70,2,RSSI Spike (2.7σ)
2026-02-11 05:50:49,Ma_Box_Maison,FF:FF:FF:EE:EE:EE,1,-30,5,Jitter/Timing Anomaly
2026-02-11 05:50:51,Ma_Box_Maison,AA:BB:CC:11:22:33,1,-62,5,RSSI Spike (2.7σ)
2026-02-11 05:50:51,Ma_B0x_Maison,FF:EE:DD:44:55:66,1,-67,2,RSSI Spike (2.7σ)
2026-02-11 05:50:51,Ma_Box_Maison,FF:FF:FF:EE:EE:EE,1,-30,5,Jitter/Timing Anomaly
2026-02-11 05:50:52,Ma_Box_Maison,AA:BB:CC:11:22:33,1,-62,5,RSSI Spike (2.7σ)
2026-02-11 05:50:52,Ma_B0x_Maison,FF:EE:DD:44:55:66,1,-69,2,RSSI Spike (2.7σ)
2026-02-11 05:50:52,Ma_Box_Maison,FF:FF:FF:EE:EE:EE,1,-30,5,Jitter/Timing Anomaly
2026-02-11 05:50:54,Ma_Box_Maison,AA:BB:CC:11:22:33,1,-56,5,RSSI Spike (2.7σ)
2026-02-11 05:50:54,Ma_B0x_Maison,FF:EE:DD:44:55:66,1,-66,2,RSSI Spike (2.7σ)
2026-02-11 05:50:54,Ma_Box_Maison,FF:FF:FF:EE:EE:EE,1,-30,5,Jitter/Timing Anomaly
2026-02-11 05:50:55,Ma_Box_Maison,AA:BB:CC:11:22:33,1,-58,5,RSSI Spike (2.7σ)
2026-02-11 05:50:55,Ma_B0x_Maison,FF:EE:DD:44:55:66,1,-64,2,RSSI Spike (2.7σ)
2026-02-11 05:50:55,Ma_Box_Maison,FF:FF:FF:EE:EE:EE,1,-30,5,Jitter/Timing Anomaly
2026-02-11 05:50:57,Ma_Box_Maison,AA:BB:CC:11:22:33,1,-58,5,RSSI Spike (2.7σ)
2026-02-11 05:50:57,Ma_B0x_Maison,FF:EE:DD:44:55:66,1,-66,2,RSSI Spike (2.7σ)
2026-02-11 05:50:57,Ma_Box_Maison,FF:FF:FF:EE:EE:EE,1,-30,5,Jitter/Timing Anomaly
2026-02-11 05:50:58,Ma_Box_Maison,AA:BB:CC:11:22:33,1,-57,5,RSSI Spike (2.7σ)
2026-02-11 05:50:58,Ma_B0x_Maison,FF:EE:DD:44:55:66,1,-62,2,RSSI Spike (2.7σ)
2026-02-11 05:50:58,Ma_Box_Maison,FF:FF:FF:EE:EE:EE,1,-30,5,Jitter/Timing Anomaly
2026-02-11 05:51:00,Ma_Box_Maison,AA:BB:CC:11:22:33,1,-64,5,RSSI Spike (2.7σ)
2026-02-11 05:51:00,Ma_B0x_Maison,FF:EE:DD:44:55:66,1,-66,2,RSSI Spike (2.7σ)
2026-02-11 05:51:00,Ma_Box_Maison,FF:FF:FF:EE:EE:EE,1,-30,5,Jitter/Timing Anomaly
2026-02-11 05:51:01,Ma_Box_Maison,AA:BB:CC:11:22:33,1,-55,5,RSSI Spike (2.7σ)
2026-02-11 05:51:01,Ma_B0x_Maison,FF:EE:DD:44:55:66,1,-70,2,RSSI Spike (2.7σ)
2026-02-11 05:51:01,Ma_Box_Maison,FF:FF:FF:EE:EE:EE,1,-30,5,Jitter/Timing Anomaly
2026-02-11 05:51:03,Ma_Box_Maison,AA:BB:CC:11:22:33,1,-63,5,RSSI Spike (2.7σ)
2026-02-11 05:51:03,Ma_B0x_Maison,FF:EE:DD:44:55:66,1,-64,2,RSSI Spike (2.7σ)
2026-02-11 05:51:03,Ma_Box_Maison,FF:FF:FF:EE:EE:EE,1,-30,5,Jitter/Timing Anomaly
2026-02-11 05:51:04,Ma_Box_Maison,AA:BB:CC:11:22:33,1,-56,5,RSSI Spike (2.7σ)
2026-02-11 05:51:04,Ma_B0x_Maison,FF:EE:DD:44:55:66,1,-70,2,RSSI Spike (2.7σ)
2026-02-11 05:51:04,Ma_Box_Maison,FF:FF:FF:EE:EE:EE,1,-30,5,Jitter/Timing Anomaly
2026-02-11 05:51:06,Ma_Box_Maison,AA:BB:CC:11:22:33,1,-61,5,RSSI Spike (2.7σ)
2026-02-11 05:51:06,Ma_B0x_Maison,FF:EE:DD:44:55:66,1,-65,2,RSSI Spike (2.7σ)
2026-02-11 05:51:06,Ma_Box_Maison,FF:FF:FF:EE:EE:EE,1,-30,5,Jitter/Timing Anomaly
2026-02-11 05:51:07,Ma_Box_Maison,AA:BB:CC:11:22:33,1,-55,5,RSSI Spike (2.7σ)
2026-02-11 05:51:07,Ma_B0x_Maison,FF:EE:DD:44:55:66,1,-61,2,RSSI Spike (2.7σ)
2026-02-11 05:51:07,Ma_Box_Maison,FF:FF:FF:EE:EE:EE,1,-30,5,Jitter/Timing Anomaly
2026-02-11 05:51:09,Ma_Box_Maison,AA:BB:CC:11:22:33,1,-55,5,RSSI Spike (2.7σ)
2026-02-11 05:51:09,Ma_B0x_Maison,FF:EE:DD:44:55:66,1,-63,2,RSSI Spike (2.7σ)
2026-02-11 05:51:09,Ma_Box_Maison,FF:FF:FF:EE:EE:EE,1,-30,5,Jitter/Timing Anomaly
2026-02-11 05:51:10,Ma_Box_Maison,AA:BB:CC:11:22:33,1,-60,5,RSSI Spike (2.7σ)
2026-02-11 05:51:10,Ma_B0x_Maison,FF:EE:DD:44:55:66,1,-68,2,RSSI Spike (2.7σ)
2026-02-11 05:51:10,Ma_Box_Maison,FF:FF:FF:EE:EE:EE,1,-30,5,Jitter/Timing Anomaly
2026-02-11 05:51:12,Ma_Box_Maison,AA:BB:CC:11:22:33,1,-63,5,RSSI Spike (2.7σ)
2026-02-11 05:51:12,Ma_B0x_Maison,FF:EE:DD:44:55:66,1,-66,2,RSSI Spike (2.7σ)
2026-02-11 05:51:12,Ma_Box_Maison,FF:FF:FF:EE:EE:EE,1,-30,5,Jitter/Timing Anomaly
2026-02-11 05:51:13,Ma_Box_Maison,AA:BB:CC:11:22:33,1,-63,5,RSSI Spike (2.7σ)
2026-02-11 05:51:13,Ma_B0x_Maison,FF:EE:DD:44:55:66,1,-63,2,RSSI Spike (2.7σ)
2026-02-11 05:51:13,Ma_Box_Maison,FF:FF:FF:EE:EE:EE,1,-30,5,Jitter/Timing Anomaly
2026-02-11 05:51:15,Ma_Box_Maison,AA:BB:CC:11:22:33,1,-65,5,RSSI Spike (2.7σ)
2026-02-11 05:51:15,Ma_B0x_Maison,FF:EE:DD:44:55:66,1,-64,2,RSSI Spike (2.7σ)
2026-02-11 05:51:15,Ma_Box_Maison,FF:FF:FF:EE:EE:EE,1,-30,5,Jitter/Timing Anomaly
2026-02-11 05:51:16,Ma_Box_Maison,AA:BB:CC:11:22:33,1,-56,5,RSSI Spike (2.7σ)
2026-02-11 05:51:16,Ma_B0x_Maison,FF:EE:DD:44:55:66,1,-63,2,RSSI Spike (2.7σ)
2026-02-11 05:51:16,Ma_Box_Maison,FF:FF:FF:EE:EE:EE,1,-30,5,Jitter/Timing Anomaly
2026-02-11 05:51:18,Ma_Box_Maison,AA:BB:CC:11:22:33,1,-62,5,RSSI Spike (2.7σ)
2026-02-11 05:51:18,Ma_B0x_Maison,FF:EE:DD:44:55:66,1,-61,2,RSSI Spike (2.7σ)
2026-02-11 05:51:18,Ma_Box_Maison,FF:FF:FF:EE:EE:EE,1,-30,5,Jitter/Timing Anomaly
2026-02-11 05:51:19,Ma_Box_Maison,AA:BB:CC:11:22:33,1,-60,5,RSSI Spike (2.7σ)
2026-02-11 05:51:19,Ma_B0x_Maison,FF:EE:DD:44:55:66,1,-63,2,RSSI Spike (2.7σ)
2026-02-11 05:51:19,Ma_Box_Maison,FF:FF:FF:EE:EE:EE,1,-30,5,Jitter/Timing Anomaly
2026-02-11 05:51:21,Ma_Box_Maison,AA:BB:CC:11:22:33,1,-61,5,RSSI Spike (2.7σ)
2026-02-11 05:51:21,Ma_B0x_Maison,FF:EE:DD:44:55:66,1,-68,2,RSSI Spike (2.7σ)
2026-02-11 05:51:21,Ma_Box_Maison,FF:FF:FF:EE:EE:EE,1,-30,5,Jitter/Timing Anomaly
2026-02-11 05:51:22,Ma_Box_Maison,AA:BB:CC:11:22:33,1,-55,5,RSSI Spike (2.7σ)
2026-02-11 05:51:22,Ma_B0x_Maison,FF:EE:DD:44:55:66,1,-70,2,RSSI Spike (2.7σ)
2026-02-11 05:51:22,Ma_Box_Maison,FF:FF:FF:EE:EE:EE,1,-30,5,Jitter/Timing Anomaly
2026-02-11 05:51:24,Ma_Box_Maison,AA:BB:CC:11:22:33,1,-63,5,RSSI Spike (2.7σ)
2026-02-11 05:51:24,Ma_B0x_Maison,FF:EE:DD:44:55:66,1,-61,2,RSSI Spike (2.7σ)
2026-02-11 05:51:24,Ma_Box_Maison,FF:FF:FF:EE:EE:EE,1,-30,5,Jitter/Timing Anomaly
2026-02-11 05:51:25,Ma_Box_Maison,AA:BB:CC:11:22:33,1,-62,5,RSSI Spike (2.7σ)
2026-02-11 05:51:25,Ma_B0x_Maison,FF:EE:DD:44:55:66,1,-62,2,RSSI Spike (2.7σ)
2026-02-11 05:51:25,Ma_Box_Maison,FF:FF:FF:EE:EE:EE,1,-30,5,Jitter/Timing Anomaly
2026-02-11 05:51:27,Ma_Box_Maison,AA:BB:CC:11:22:33,1,-57,5,RSSI Spike (2.7σ)
2026-02-11 05:51:27,Ma_B0x_Maison,FF:EE:DD:44:55:66,1,-60,2,RSSI Spike (2.7σ)
2026-02-11 05:51:27,Ma_Box_Maison,FF:FF:FF:EE:EE:EE,1,-30,5,Jitter/Timing Anomaly
2026-02-11 05:51:28,Ma_Box_Maison,AA:BB:CC:11:22:33,1,-58,5,RSSI Spike (2.7σ)
2026-02-11 05:51:28,Ma_B0x_Maison,FF:EE:DD:44:55:66,1,-65,2,RSSI Spike (2.7σ)
2026-02-11 05:51:28,Ma_Box_Maison,FF:FF:FF:EE:EE:EE,1,-30,5,Jitter/Timing Anomaly
2026-02-11 05:51:30,Ma_Box_Maison,AA:BB:CC:11:22:33,1,-55,5,RSSI Spike (2.7σ)
2026-02-11 05:51:30,Ma_B0x_Maison,FF:EE:DD:44:55:66,1,-67,2,RSSI Spike (2.7σ)
2026-02-11 05:51:30,Ma_Box_Maison,FF:FF:FF:EE:EE:EE,1,-30,5,Jitter/Timing Anomaly
2026-02-11 05:51:31,Ma_Box_Maison,AA:BB:CC:11:22:33,1,-63,5,RSSI Spike (2.7σ)
2026-02-11 05:51:31,Ma_B0x_Maison,FF:EE:DD:44:55:66,1,-68,2,RSSI Spike (2.7σ)
2026-02-11 05:51:31,Ma_Box_Maison,FF:FF:FF:EE:EE:EE,1,-30,5,Jitter/Timing Anomaly
2026-02-11 05:51:33,Ma_Box_Maison,AA:BB:CC:11:22:33,1,-64,5,RSSI Spike (2.7σ)
2026-02-11 05:51:33,Ma_B0x_Maison,FF:EE:DD:44:55:66,1,-62,2,RSSI Spike (2.7σ)
2026-02-11 05:51:33,Ma_Box_Maison,FF:FF:FF:EE:EE:EE,1,-30,5,Jitter/Timing Anomaly
2026-02-11 05:51:34,Ma_Box_Maison,AA:BB:CC:11:22:33,1,-62,5,RSSI Spike (2.7σ)
2026-02-11 05:51:34,Ma_B0x_Maison,FF:EE:DD:44:55:66,1,-69,2,RSSI Spike (2.7σ)
2026-02-11 05:51:34,Ma_Box_Maison,FF:FF:FF:EE:EE:EE,1,-30,5,Jitter/Timing Anomaly
2026-02-11 05:51:36,Ma_Box_Maison,AA:BB:CC:11:22:33,1,-57,5,RSSI Spike (2.7σ)
2026-02-11 05:51:36,Ma_B0x_Maison,FF:EE:DD:44:55:66,1,-65,2,RSSI Spike (2.7σ)
2026-02-11 05:51:36,Ma_Box_Maison,FF:FF:FF:EE:EE:EE,1,-30,5,Jitter/Timing Anomaly
2026-02-11 05:51:37,Ma_Box_Maison,AA:BB:CC:11:22:33,1,-65,5,RSSI Spike (2.7σ)
2026-02-11 05:51:37,Ma_B0x_Maison,FF:EE:DD:44:55:66,1,-66,2,RSSI Spike (2.7σ)
2026-02-11 05:51:37,Ma_Box_Maison,FF:FF:FF:EE:EE:EE,1,-30,5,Jitter/Timing Anomaly
2026-02-11 05:51:39,Ma_Box_Maison,AA:BB:CC:11:22:33,1,-59,5,RSSI Spike (2.7σ)
2026-02-11 05:51:39,Ma_B0x_Maison,FF:EE:DD:44:55:66,1,-65,2,RSSI Spike (2.7σ)
2026-02-11 05:51:39,Ma_Box_Maison,FF:FF:FF:EE:EE:EE,1,-30,5,Jitter/Timing Anomaly
2026-02-11 05:51:40,Ma_Box_Maison,AA:BB:CC:11:22:33,1,-55,5,RSSI Spike (2.7σ)
2026-02-11 05:51:40,Ma_B0x_Maison,FF:EE:DD:44:55:66,1,-62,2,RSSI Spike (2.7σ)
2026-02-11 05:51:40,Ma_Box_Maison,FF:FF:FF:EE:EE:EE,1,-30,5,Jitter/Timing Anomaly
2026-02-11 05:51:42,Ma_Box_Maison,AA:BB:CC:11:22:33,1,-56,5,RSSI Spike (2.7σ)
2026-02-11 05:51:42,Ma_B0x_Maison,FF:EE:DD:44:55:66,1,-66,2,RSSI Spike (2.7σ)
2026-02-11 05:51:42,Ma_Box_Maison,FF:FF:FF:EE:EE:EE,1,-30,5,Jitter/Timing Anomaly
2026-02-11 05:51:43,Ma_Box_Maison,AA:BB:CC:11:22:33,1,-55,5,RSSI Spike (2.7σ)
2026-02-11 05:51:43,Ma_B0x_Maison,FF:EE:DD:44:55:66,1,-62,2,RSSI Spike (2.7σ)
2026-02-11 05:51:43,Ma_Box_Maison,FF:FF:FF:EE:EE:EE,1,-30,5,Jitter/Timing Anomaly
2026-02-11 05:51:45,Ma_Box_Maison,AA:BB:CC:11:22:33,1,-55,5,RSSI Spike (2.7σ)
2026-02-11 05:51:45,Ma_B0x_Maison,FF:EE:DD:44:55:66,1,-66,2,RSSI Spike (2.7σ)
2026-02-11 05:51:45,Ma_Box_Maison,FF:FF:FF:EE:EE:EE,1,-30,5,Jitter/Timing Anomaly
2026-02-11 05:51:46,Ma_Box_Maison,AA:BB:CC:11:22:33,1,-64,5,RSSI Spike (2.7σ)
2026-02-11 05:51:46,Ma_B0x_Maison,FF:EE:DD:44:55:66,1,-63,2,RSSI Spike (2.7σ)
2026-02-11 05:51:46,Ma_Box_Maison,FF:FF:FF:EE:EE:EE,1,-30,5,Jitter/Timing Anomaly
2026-02-11 05:51:48,Ma_Box_Maison,AA:BB:CC:11:22:33,1,-61,5,RSSI Spike (2.7σ)
2026-02-11 05:51:48,Ma_B0x_Maison,FF:EE:DD:44:55:66,1,-69,2,RSSI Spike (2.7σ)
2026-02-11 05:51:48,Ma_Box_Maison,FF:FF:FF:EE:EE:EE,1,-30,5,Jitter/Timing Anomaly
2026-02-11 05:51:49,Ma_Box_Maison,AA:BB:CC:11:22:33,1,-57,5,RSSI Spike (2.7σ)
2026-02-11 05:51:49,Ma_B0x_Maison,FF:EE:DD:44:55:66,1,-68,2,RSSI Spike (2.7σ)
2026-02-11 05:51:49,Ma_Box_Maison,FF:FF:FF:EE:EE:EE,1,-30,5,Jitter/Timing Anomaly
2026-02-11 05:51:51,Ma_Box_Maison,AA:BB:CC:11:22:33,1,-64,5,RSSI Spike (2.7σ)
2026-02-11 05:51:51,Ma_B0x_Maison,FF:EE:DD:44:55:66,1,-70,2,RSSI Spike (2.7σ)
2026-02-11 05:51:51,Ma_Box_Maison,FF:FF:FF:EE:EE:EE,1,-30,5,Jitter/Timing Anomaly
2026-02-11 05:51:52,Ma_Box_Maison,AA:BB:CC:11:22:33,1,-64,5,RSSI Spike (2.7σ)
2026-02-11 05:51:52,Ma_B0x_Maison,FF:EE:DD:44:55:66,1,-61,2,RSSI Spike (2.7σ)
2026-02-11 05:51:52,Ma_Box_Maison,FF:FF:FF:EE:EE:EE,1,-30,5,Jitter/Timing Anomaly
2026-02-11 05:51:54,Ma_Box_Maison,AA:BB:CC:11:22:33,1,-56,5,RSSI Spike (2.7σ)
2026-02-11 05:51:54,Ma_B0x_Maison,FF:EE:DD:44:55:66,1,-66,2,RSSI Spike (2.7σ)
2026-02-11 05:51:54,Ma_Box_Maison,FF:FF:FF:EE:EE:EE,1,-30,5,Jitter/Timing Anomaly
2026-02-11 05:51:56,Ma_Box_Maison,AA:BB:CC:11:22:33,1,-59,5,RSSI Spike (2.7σ)
2026-02-11 05:51:56,Ma_B0x_Maison,FF:EE:DD:44:55:66,1,-64,2,RSSI Spike (2.7σ)
2026-02-11 05:51:56,Ma_Box_Maison,FF:FF:FF:EE:EE:EE,1,-30,5,Jitter/Timing Anomaly
2026-02-11 05:51:57,Ma_Box_Maison,AA:BB:CC:11:22:33,1,-64,5,RSSI Spike (2.7σ)
2026-02-11 05:51:57,Ma_B0x_Maison,FF:EE:DD:44:55:66,1,-61,2,RSSI Spike (2.7σ)
2026-02-11 05:51:57,Ma_Box_Maison,FF:FF:FF:EE:EE:EE,1,-30,5,Jitter/Timing Anomaly
2026-02-11 05:51:59,Ma_Box_Maison,AA:BB:CC:11:22:33,1,-57,5,RSSI Spike (2.7σ)
2026-02-11 05:51:59,Ma_B0x_Maison,FF:EE:DD:44:55:66,1,-61,2,RSSI Spike (2.7σ)
2026-02-11 05:51:59,Ma_Box_Maison,FF:FF:FF:EE:EE:EE,1,-30,5,Jitter/Timing Anomaly
2026-02-11 05:52:00,Ma_Box_Maison,AA:BB:CC:11:22:33,1,-59,5,RSSI Spike (2.7σ)
2026-02-11 05:52:00,Ma_B0x_Maison,FF:EE:DD:44:55:66,1,-69,2,RSSI Spike (2.7σ)
2026-02-11 05:52:00,Ma_Box_Maison,FF:FF:FF:EE:EE:EE,1,-30,5,Jitter/Timing Anomaly
2026-02-11 05:52:02,Ma_Box_Maison,AA:BB:CC:11:22:33,1,-65,5,RSSI Spike (2.7σ)
2026-02-11 05:52:02,Ma_B0x_Maison,FF:EE:DD:44:55:66,1,-69,2,RSSI Spike (2.7σ)
2026-02-11 05:52:02,Ma_Box_Maison,FF:FF:FF:EE:EE:EE,1,-30,5,Jitter/Timing Anomaly
2026-02-11 05:52:03,Ma_Box_Maison,AA:BB:CC:11:22:33,1,-58,5,RSSI Spike (2.7σ)
2026-02-11 05:52:03,Ma_B0x_Maison,FF:EE:DD:44:55:66,1,-61,2,RSSI Spike (2.7σ)
2026-02-11 05:52:03,Ma_Box_Maison,FF:FF:FF:EE:EE:EE,1,-30,5,Jitter/Timing Anomaly
2026-02-11 05:52:05,Ma_Box_Maison,AA:BB:CC:11:22:33,1,-63,5,RSSI Spike (2.7σ)
2026-02-11 05:52:05,Ma_B0x_Maison,FF:EE:DD:44:55:66,1,-65,2,RSSI Spike (2.7σ)
2026-02-11 05:52:05,Ma_Box_Maison,FF:FF:FF:EE:EE:EE,1,-30,5,Jitter/Timing Anomaly
2026-02-11 05:52:06,Ma_Box_Maison,AA:BB:CC:11:22:33,1,-58,5,RSSI Spike (2.7σ)
2026-02-11 05:52:06,Ma_B0x_Maison,FF:EE:DD:44:55:66,1,-68,2,RSSI Spike (2.7σ)
2026-02-11 05:52:06,Ma_Box_Maison,FF:FF:FF:EE:EE:EE,1,-30,5,Jitter/Timing Anomaly
2026-02-11 05:52:08,Ma_Box_Maison,AA:BB:CC:11:22:33,1,-55,5,RSSI Spike (2.7σ)
2026-02-11 05:52:08,Ma_B0x_Maison,FF:EE:DD:44:55:66,1,-68,2,RSSI Spike (2.7σ)
2026-02-11 05:52:08,Ma_Box_Maison,FF:FF:FF:EE:EE:EE,1,-30,5,Jitter/Timing Anomaly
2026-02-11 05:52:09,Ma_Box_Maison,AA:BB:CC:11:22:33,1,-57,5,RSSI Spike (2.7σ)
2026-02-11 05:52:09,Ma_B0x_Maison,FF:EE:DD:44:55:66,1,-61,2,RSSI Spike (2.7σ)
2026-02-11 05:52:09,Ma_Box_Maison,FF:FF:FF:EE:EE:EE,1,-30,5,Jitter/Timing Anomaly
2026-02-11 05:52:11,Ma_Box_Maison,AA:BB:CC:11:22:33,1,-60,5,RSSI Spike (2.7σ)
2026-02-11 05:52:11,Ma_B0x_Maison,FF:EE:DD:44:55:66,1,-62,2,RSSI Spike (2.7σ)
2026-02-11 05:52:11,Ma_Box_Maison,FF:FF:FF:EE:EE:EE,1,-30,5,Jitter/Timing Anomaly
2026-02-11 05:52:12,Ma_Box_Maison,AA:BB:CC:11:22:33,1,-64,5,RSSI Spike (2.7σ)
2026-02-11 05:52:12,Ma_B0x_Maison,FF:EE:DD:44:55:66,1,-63,2,RSSI Spike (2.7σ)
2026-02-11 05:52:12,Ma_Box_Maison,FF:FF:FF:EE:EE:EE,1,-30,5,Jitter/Timing Anomaly
2026-02-11 05:52:14,Ma_Box_Maison,AA:BB:CC:11:22:33,1,-61,5,RSSI Spike (2.7σ)
2026-02-11 05:52:14,Ma_B0x_Maison,FF:EE:DD:44:55:66,1,-62,2,RSSI Spike (2.7σ)
2026-02-11 05:52:14,Ma_Box_Maison,FF:FF:FF:EE:EE:EE,1,-30,5,Jitter/Timing Anomaly
2026-02-11 05:52:15,Ma_Box_Maison,AA:BB:CC:11:22:33,1,-55,5,RSSI Spike (2.7σ)
2026-02-11 05:52:15,Ma_B0x_Maison,FF:EE:DD:44:55:66,1,-70,2,RSSI Spike (2.7σ)
2026-02-11 05:52:15,Ma_Box_Maison,FF:FF:FF:EE:EE:EE,1,-30,5,Jitter/Timing Anomaly
2026-02-11 05:52:17,Ma_Box_Maison,AA:BB:CC:11:22:33,1,-65,5,RSSI Spike (2.7σ)
2026-02-11 05:52:17,Ma_B0x_Maison,FF:EE:DD:44:55:66,1,-67,2,RSSI Spike (2.7σ)
2026-02-11 05:52:17,Ma_Box_Maison,FF:FF:FF:EE:EE:EE,1,-30,5,Jitter/Timing Anomaly
2026-02-11 05:52:18,Ma_Box_Maison,AA:BB:CC:11:22:33,1,-62,5,RSSI Spike (2.7σ)
2026-02-11 05:52:18,Ma_B0x_Maison,FF:EE:DD:44:55:66,1,-60,2,RSSI Spike (2.7σ)
2026-02-11 05:52:18,Ma_Box_Maison,FF:FF:FF:EE:EE:EE,1,-30,5,Jitter/Timing Anomaly
2026-02-11 05:52:20,Ma_Box_Maison,AA:BB:CC:11:22:33,1,-58,5,RSSI Spike (2.7σ)
2026-02-11 05:52:20,Ma_B0x_Maison,FF:EE:DD:44:55:66,1,-60,2,RSSI Spike (2.7σ)
2026-02-11 05:52:20,Ma_Box_Maison,FF:FF:FF:EE:EE:EE,1,-30,5,Jitter/Timing Anomaly
2026-02-11 05:52:21,Ma_Box_Maison,AA:BB:CC:11:22:33,1,-60,5,RSSI Spike (2.7σ)
2026-02-11 05:52:21,Ma_B0x_Maison,FF:EE:DD:44:55:66,1,-64,2,RSSI Spike (2.7σ)
2026-02-11 05:52:21,Ma_Box_Maison,FF:FF:FF:EE:EE:EE,1,-30,5,Jitter/Timing Anomaly
2026-02-11 05:52:23,Ma_Box_Maison,AA:BB:CC:11:22:33,1,-60,5,RSSI Spike (2.7σ)
2026-02-11 05:52:23,Ma_B0x_Maison,FF:EE:DD:44:55:66,1,-63,2,RSSI Spike (2.7σ)
2026-02-11 05:52:23,Ma_Box_Maison,FF:FF:FF:EE:EE:EE,1,-30,5,Jitter/Timing Anomaly
2026-02-11 05:52:24,Ma_Box_Maison,AA:BB:CC:11:22:33,1,-58,5,RSSI Spike (2.7σ)
2026-02-11 05:52:24,Ma_B0x_Maison,FF:EE:DD:44:55:66,1,-66,2,RSSI Spike (2.7σ)
2026-02-11 05:52:24,Ma_Box_Maison,FF:FF:FF:EE:EE:EE,1,-30,5,Jitter/Timing Anomaly
2026-02-11 05:52:26,Ma_Box_Maison,AA:BB:CC:11:22:33,1,-55,5,RSSI Spike (2.7σ)
2026-02-11 05:52:26,Ma_B0x_Maison,FF:EE:DD:44:55:66,1,-62,2,RSSI Spike (2.7σ)
2026-02-11 05:52:26,Ma_Box_Maison,FF:FF:FF:EE:EE:EE,1,-30,5,Jitter/Timing Anomaly
2026-02-11 05:52:27,Ma_Box_Maison,AA:BB:CC:11:22:33,1,-57,5,RSSI Spike (2.7σ)
2026-02-11 05:52:27,Ma_B0x_Maison,FF:EE:DD:44:55:66,1,-67,2,RSSI Spike (2.7σ)
2026-02-11 05:52:27,Ma_Box_Maison,FF:FF:FF:EE:EE:EE,1,-30,5,Jitter/Timing Anomaly
2026-02-11 05:52:29,Ma_Box_Maison,AA:BB:CC:11:22:33,1,-59,5,RSSI Spike (2.7σ)
2026-02-11 05:52:29,Ma_B0x_Maison,FF:EE:DD:44:55:66,1,-63,2,RSSI Spike (2.7σ)
2026-02-11 05:52:29,Ma_Box_Maison,FF:FF:FF:EE:EE:EE,1,-30,5,Jitter/Timing Anomaly
2026-02-11 05:52:30,Ma_Box_Maison,AA:BB:CC:11:22:33,1,-60,5,RSSI Spike (2.7σ)
2026-02-11 05:52:30,Ma_B0x_Maison,FF:EE:DD:44:55:66,1,-60,2,RSSI Spike (2.7σ)
2026-02-11 05:52:30,Ma_Box_Maison,FF:FF:FF:EE:EE:EE,1,-30,5,Jitter/Timing Anomaly
2026-02-11 05:52:32,Ma_Box_Maison,AA:BB:CC:11:22:33,1,-59,5,RSSI Spike (2.7σ)
2026-02-11 05:52:32,Ma_B0x_Maison,FF:EE:DD:44:55:66,1,-62,2,RSSI Spike (2.7σ)
2026-02-11 05:52:32,Ma_Box_Maison,FF:FF:FF:EE:EE:EE,1,-30,5,Jitter/Timing Anomaly
2026-02-11 05:52:33,Ma_Box_Maison,AA:BB:CC:11:22:33,1,-55,5,RSSI Spike (2.7σ)
2026-02-11 05:52:33,Ma_B0x_Maison,FF:EE:DD:44:55:66,1,-68,2,RSSI Spike (2.7σ)
2026-02-11 05:52:33,Ma_Box_Maison,FF:FF:FF:EE:EE:EE,1,-30,5,Jitter/Timing Anomaly
2026-02-11 05:52:35,Ma_Box_Maison,AA:BB:CC:11:22:33,1,-55,5,RSSI Spike (2.7σ)
2026-02-11 05:52:35,Ma_B0x_Maison,FF:EE:DD:44:55:66,1,-67,2,RSSI Spike (2.7σ)
2026-02-11 05:52:35,Ma_Box_Maison,FF:FF:FF:EE:EE:EE,1,-30,5,Jitter/Timing Anomaly
2026-02-11 05:52:36,Ma_Box_Maison,AA:BB:CC:11:22:33,1,-56,5,RSSI Spike (2.7σ)
2026-02-11 05:52:36,Ma_B0x_Maison,FF:EE:DD:44:55:66,1,-66,2,RSSI Spike (2.7σ)
2026-02-11 05:52:36,Ma_Box_Maison,FF:FF:FF:EE:EE:EE,1,-30,5,Jitter/Timing Anomaly
2026-02-11 05:52:38,Ma_Box_Maison,AA:BB:CC:11:22:33,1,-61,5,RSSI Spike (2.7σ)
2026-02-11 05:52:38,Ma_B0x_Maison,FF:EE:DD:44:55:66,1,-70,2,RSSI Spike (2.7σ)
2026-02-11 05:52:38,Ma_Box_Maison,FF:FF:FF:EE:EE:EE,1,-30,5,Jitter/Timing Anomaly
2026-02-11 05:52:39,Ma_Box_Maison,AA:BB:CC:11:22:33,1,-61,5,RSSI Spike (2.7σ)
2026-02-11 05:52:39,Ma_B0x_Maison,FF:EE:DD:44:55:66,1,-62,2,RSSI Spike (2.7σ)
2026-02-11 05:52:39,Ma_Box_Maison,FF:FF:FF:EE:EE:EE,1,-30,5,Jitter/Timing Anomaly
2026-02-11 05:52:41,Ma_Box_Maison,AA:BB:CC:11:22:33,1,-62,5,RSSI Spike (2.7σ)
2026-02-11 05:52:41,Ma_B0x_Maison,FF:EE:DD:44:55:66,1,-61,2,RSSI Spike (2.7σ)
2026-02-11 05:52:41,Ma_Box_Maison,FF:FF:FF:EE:EE:EE,1,-30,5,Jitter/Timing Anomaly
2026-02-11 05:52:42,Ma_Box_Maison,AA:BB:CC:11:22:33,1,-64,5,RSSI Spike (2.7σ)
2026-02-11 05:52:42,Ma_B0x_Maison,FF:EE:DD:44:55:66,1,-62,2,RSSI Spike (2.7σ)
2026-02-11 05:52:42,Ma_Box_Maison,FF:FF:FF:EE:EE:EE,1,-30,5,Jitter/Timing Anomaly
2026-02-11 05:52:44,Ma_Box_Maison,AA:BB:CC:11:22:33,1,-61,5,RSSI Spike (2.7σ)
2026-02-11 05:52:44,Ma_B0x_Maison,FF:EE:DD:44:55:66,1,-68,2,RSSI Spike (2.7σ)
2026-02-11 05:52:44,Ma_Box_Maison,FF:FF:FF:EE:EE:EE,1,-30,5,Jitter/Timing Anomaly
2026-02-11 05:52:45,Ma_Box_Maison,AA:BB:CC:11:22:33,1,-57,5,RSSI Spike (2.7σ)
2026-02-11 05:52:45,Ma_B0x_Maison,FF:EE:DD:44:55:66,1,-64,2,RSSI Spike (2.7σ)
2026-02-11 05:52:45,Ma_Box_Maison,FF:FF:FF:EE:EE:EE,1,-30,5,Jitter/Timing Anomaly
2026-02-11 05:52:47,Ma_Box_Maison,AA:BB:CC:11:22:33,1,-55,5,RSSI Spike (2.7σ)
2026-02-11 05:52:47,Ma_B0x_Maison,FF:EE:DD:44:55:66,1,-66,2,RSSI Spike (2.7σ)
2026-02-11 05:52:47,Ma_Box_Maison,FF:FF:FF:EE:EE:EE,1,-30,5,Jitter/Timing Anomaly
2026-02-11 05:52:48,Ma_Box_Maison,AA:BB:CC:11:22:33,1,-60,5,RSSI Spike (2.7σ)
2026-02-11 05:52:48,Ma_B0x_Maison,FF:EE:DD:44:55:66,1,-65,2,RSSI Spike (2.7σ)
2026-02-11 05:52:48,Ma_Box_Maison,FF:FF:FF:EE:EE:EE,1,-30,5,Jitter/Timing Anomaly
2026-02-11 05:52:50,Ma_Box_Maison,AA:BB:CC:11:22:33,1,-58,5,RSSI Spike (2.7σ)
2026-02-11 05:52:50,Ma_B0x_Maison,FF:EE:DD:44:55:66,1,-62,2,RSSI Spike (2.7σ)
2026-02-11 05:52:50,Ma_Box_Maison,FF:FF:FF:EE:EE:EE,1,-30,5,Jitter/Timing Anomaly
2026-02-11 05:52:51,Ma_Box_Maison,AA:BB:CC:11:22:33,1,-58,5,RSSI Spike (2.7σ)
2026-02-11 05:52:51,Ma_B0x_Maison,FF:EE:DD:44:55:66,1,-66,2,RSSI Spike (2.7σ)
2026-02-11 05:52:51,Ma_Box_Maison,FF:FF:FF:EE:EE:EE,1,-30,5,Jitter/Timing Anomaly
2026-02-11 05:52:53,Ma_Box_Maison,AA:BB:CC:11:22:33,1,-59,5,RSSI Spike (2.7σ)
2026-02-11 05:52:53,Ma_B0x_Maison,FF:EE:DD:44:55:66,1,-67,2,RSSI Spike (2.7σ)
2026-02-11 05:52:53,Ma_Box_Maison,FF:FF:FF:EE:EE:EE,1,-30,5,Jitter/Timing Anomaly
2026-02-11 05:52:54,Ma_Box_Maison,AA:BB:CC:11:22:33,1,-61,5,RSSI Spike (2.7σ)
2026-02-11 05:52:54,Ma_B0x_Maison,FF:EE:DD:44:55:66,1,-62,2,RSSI Spike (2.7σ)
2026-02-11 05:52:54,Ma_Box_Maison,FF:FF:FF:EE:EE:EE,1,-30,5,Jitter/Timing Anomaly
2026-02-11 05:52:56,Ma_Box_Maison,AA:BB:CC:11:22:33,1,-60,5,RSSI Spike (2.7σ)
2026-02-11 05:52:56,Ma_B0x_Maison,FF:EE:DD:44:55:66,1,-68,2,RSSI Spike (2.7σ)
2026-02-11 05:52:56,Ma_Box_Maison,FF:FF:FF:EE:EE:EE,1,-30,5,Jitter/Timing Anomaly
2026-02-11 05:52:57,Ma_Box_Maison,AA:BB:CC:11:22:33,1,-55,5,RSSI Spike (2.7σ)
2026-02-11 05:52:57,Ma_B0x_Maison,FF:EE:DD:44:55:66,1,-65,2,RSSI Spike (2.7σ)
2026-02-11 05:52:57,Ma_Box_Maison,FF:FF:FF:EE:EE:EE,1,-30,5,Jitter/Timing Anomaly
2026-02-11 05:52:59,Ma_Box_Maison,AA:BB:CC:11:22:33,1,-63,5,RSSI Spike (2.7σ)
2026-02-11 05:52:59,Ma_B0x_Maison,FF:EE:DD:44:55:66,1,-68,2,RSSI Spike (2.7σ)
2026-02-11 05:52:59,Ma_Box_Maison,FF:FF:FF:EE:EE:EE,1,-30,5,Jitter/Timing Anomaly
2026-02-11 05:53:00,Ma_Box_Maison,AA:BB:CC:11:22:33,1,-63,5,RSSI Spike (2.7σ)
2026-02-11 05:53:00,Ma_B0x_Maison,FF:EE:DD:44:55:66,1,-68,2,RSSI Spike (2.7σ)
2026-02-11 05:53:00,Ma_Box_Maison,FF:FF:FF:EE:EE:EE,1,-30,5,Jitter/Timing Anomaly
2026-02-11 05:53:02,Ma_Box_Maison,AA:BB:CC:11:22:33,1,-61,5,RSSI Spike (2.7σ)
2026-02-11 05:53:02,Ma_B0x_Maison,FF:EE:DD:44:55:66,1,-69,2,RSSI Spike (2.7σ)
2026-02-11 05:53:02,Ma_Box_Maison,FF:FF:FF:EE:EE:EE,1,-30,5,Jitter/Timing Anomaly
2026-02-11 05:53:03,Ma_Box_Maison,AA:BB:CC:11:22:33,1,-60,5,RSSI Spike (2.7σ)
2026-02-11 05:53:03,Ma_B0x_Maison,FF:EE:DD:44:55:66,1,-67,2,RSSI Spike (2.7σ)
2026-02-11 05:53:03,Ma_Box_Maison,FF:FF:FF:EE:EE:EE,1,-30,5,Jitter/Timing Anomaly
2026-02-11 05:53:05,Ma_Box_Maison,AA:BB:CC:11:22:33,1,-56,5,RSSI Spike (2.7σ)
2026-02-11 05:53:05,Ma_B0x_Maison,FF:EE:DD:44:55:66,1,-68,2,RSSI Spike (2.7σ)
2026-02-11 05:53:05,Ma_Box_Maison,FF:FF:FF:EE:EE:EE,1,-30,5,Jitter/Timing Anomaly
2026-02-11 05:53:06,Ma_Box_Maison,AA:BB:CC:11:22:33,1,-65,5,RSSI Spike (2.7σ)
2026-02-11 05:53:06,Ma_B0x_Maison,FF:EE:DD:44:55:66,1,-60,2,RSSI Spike (2.7σ)
2026-02-11 05:53:06,Ma_Box_Maison,FF:FF:FF:EE:EE:EE,1,-30,5,Jitter/Timing Anomaly
2026-02-11 05:53:08,Ma_Box_Maison,AA:BB:CC:11:22:33,1,-56,5,RSSI Spike (2.7σ)
2026-02-11 05:53:08,Ma_B0x_Maison,FF:EE:DD:44:55:66,1,-67,2,RSSI Spike (2.7σ)
2026-02-11 05:53:08,Ma_Box_Maison,FF:FF:FF:EE:EE:EE,1,-30,5,Jitter/Timing Anomaly
2026-02-11 05:53:09,Ma_Box_Maison,AA:BB:CC:11:22:33,1,-57,5,RSSI Spike (2.7σ)
2026-02-11 05:53:09,Ma_B0x_Maison,FF:EE:DD:44:55:66,1,-63,2,RSSI Spike (2.7σ)
2026-02-11 05:53:09,Ma_Box_Maison,FF:FF:FF:EE:EE:EE,1,-30,5,Jitter/Timing Anomaly
2026-02-11 05:53:11,Ma_Box_Maison,AA:BB:CC:11:22:33,1,-63,5,RSSI Spike (2.7σ)
2026-02-11 05:53:11,Ma_B0x_Maison,FF:EE:DD:44:55:66,1,-63,2,RSSI Spike (2.7σ)
2026-02-11 05:53:11,Ma_Box_Maison,FF:FF:FF:EE:EE:EE,1,-30,5,Jitter/Timing Anomaly
2026-02-11 05:53:12,Ma_Box_Maison,AA:BB:CC:11:22:33,1,-60,5,RSSI Spike (2.7σ)
2026-02-11 05:53:12,Ma_B0x_Maison,FF:EE:DD:44:55:66,1,-69,2,RSSI Spike (2.7σ)
2026-02-11 05:53:12,Ma_Box_Maison,FF:FF:FF:EE:EE:EE,1,-30,5,Jitter/Timing Anomaly
2026-02-11 05:53:14,Ma_Box_Maison,AA:BB:CC:11:22:33,1,-56,5,RSSI Spike (2.7σ)
2026-02-11 05:53:14,Ma_B0x_Maison,FF:EE:DD:44:55:66,1,-68,2,RSSI Spike (2.7σ)
2026-02-11 05:53:14,Ma_Box_Maison,FF:FF:FF:EE:EE:EE,1,-30,5,Jitter/Timing Anomaly
2026-02-11 05:53:15,Ma_Box_Maison,AA:BB:CC:11:22:33,1,-63,5,RSSI Spike (2.7σ)
2026-02-11 05:53:15,Ma_B0x_Maison,FF:EE:DD:44:55:66,1,-64,2,RSSI Spike (2.7σ)
2026-02-11 05:53:15,Ma_Box_Maison,FF:FF:FF:EE:EE:EE,1,-30,5,Jitter/Timing Anomaly
2026-02-11 05:53:17,Ma_Box_Maison,AA:BB:CC:11:22:33,1,-63,5,RSSI Spike (2.7σ)
2026-02-11 05:53:17,Ma_B0x_Maison,FF:EE:DD:44:55:66,1,-64,2,RSSI Spike (2.7σ)
2026-02-11 05:53:17,Ma_Box_Maison,FF:FF:FF:EE:EE:EE,1,-30,5,Jitter/Timing Anomaly
2026-02-11 05:53:18,Ma_Box_Maison,AA:BB:CC:11:22:33,1,-57,5,RSSI Spike (2.7σ)
2026-02-11 05:53:18,Ma_B0x_Maison,FF:EE:DD:44:55:66,1,-62,2,RSSI Spike (2.7σ)
2026-02-11 05:53:18,Ma_Box_Maison,FF:FF:FF:EE:EE:EE,1,-30,5,Jitter/Timing Anomaly
2026-02-11 05:53:20,Ma_Box_Maison,AA:BB:CC:11:22:33,1,-63,5,RSSI Spike (2.7σ)
2026-02-11 05:53:20,Ma_B0x_Maison,FF:EE:DD:44:55:66,1,-66,2,RSSI Spike (2.7σ)
2026-02-11 05:53:20,Ma_Box_Maison,FF:FF:FF:EE:EE:EE,1,-30,5,Jitter/Timing Anomaly
2026-02-11 05:53:21,Ma_Box_Maison,AA:BB:CC:11:22:33,1,-55,5,RSSI Spike (2.7σ)
2026-02-11 05:53:21,Ma_B0x_Maison,FF:EE:DD:44:55:66,1,-66,2,RSSI Spike (2.7σ)
2026-02-11 05:53:21,Ma_Box_Maison,FF:FF:FF:EE:EE:EE,1,-30,5,Jitter/Timing Anomaly
2026-02-11 05:53:23,Ma_Box_Maison,AA:BB:CC:11:22:33,1,-64,5,RSSI Spike (2.7σ)
2026-02-11 05:53:23,Ma_B0x_Maison,FF:EE:DD:44:55:66,1,-63,2,RSSI Spike (2.7σ)
2026-02-11 05:53:23,Ma_Box_Maison,FF:FF:FF:EE:EE:EE,1,-30,5,Jitter/Timing Anomaly
2026-02-11 05:53:24,Ma_Box_Maison,AA:BB:CC:11:22:33,1,-62,5,RSSI Spike (2.7σ)
2026-02-11 05:53:24,Ma_B0x_Maison,FF:EE:DD:44:55:66,1,-67,2,RSSI Spike (2.7σ)
2026-02-11 05:53:24,Ma_Box_Maison,FF:FF:FF:EE:EE:EE,1,-30,5,Jitter/Timing Anomaly
2026-02-11 05:53:26,Ma_Box_Maison,AA:BB:CC:11:22:33,1,-64,5,RSSI Spike (2.7σ)
2026-02-11 05:53:26,Ma_B0x_Maison,FF:EE:DD:44:55:66,1,-70,2,RSSI Spike (2.7σ)
2026-02-11 05:53:26,Ma_Box_Maison,FF:FF:FF:EE:EE:EE,1,-30,5,Jitter/Timing Anomaly
2026-02-11 05:53:27,Ma_Box_Maison,AA:BB:CC:11:22:33,1,-56,5,RSSI Spike (2.7σ)
2026-02-11 05:53:27,Ma_B0x_Maison,FF:EE:DD:44:55:66,1,-61,2,RSSI Spike (2.7σ)
2026-02-11 05:53:27,Ma_Box_Maison,FF:FF:FF:EE:EE:EE,1,-30,5,Jitter/Timing Anomaly
2026-02-11 05:53:29,Ma_Box_Maison,AA:BB:CC:11:22:33,1,-61,5,RSSI Spike (2.7σ)
2026-02-11 05:53:29,Ma_B0x_Maison,FF:EE:DD:44:55:66,1,-68,2,RSSI Spike (2.7σ)
2026-02-11 05:53:29,Ma_Box_Maison,FF:FF:FF:EE:EE:EE,1,-30,5,Jitter/Timing Anomaly
2026-02-11 05:53:30,Ma_Box_Maison,AA:BB:CC:11:22:33,1,-55,5,RSSI Spike (2.7σ)
2026-02-11 05:53:30,Ma_B0x_Maison,FF:EE:DD:44:55:66,1,-62,2,RSSI Spike (2.7σ)
2026-02-11 05:53:30,Ma_Box_Maison,FF:FF:FF:EE:EE:EE,1,-30,5,Jitter/Timing Anomaly
2026-02-11 05:53:32,Ma_Box_Maison,AA:BB:CC:11:22:33,1,-65,5,RSSI Spike (2.7σ)
2026-02-11 05:53:32,Ma_B0x_Maison,FF:EE:DD:44:55:66,1,-65,2,RSSI Spike (2.7σ)
2026-02-11 05:53:32,Ma_Box_Maison,FF:FF:FF:EE:EE:EE,1,-30,5,Jitter/Timing Anomaly
2026-02-11 05:53:33,Ma_Box_Maison,AA:BB:CC:11:22:33,1,-60,5,RSSI Spike (2.7σ)
2026-02-11 05:53:33,Ma_B0x_Maison,FF:EE:DD:44:55:66,1,-69,2,RSSI Spike (2.7σ)
2026-02-11 05:53:33,Ma_Box_Maison,FF:FF:FF:EE:EE:EE,1,-30,5,Jitter/Timing Anomaly
2026-02-11 05:53:35,Ma_Box_Maison,AA:BB:CC:11:22:33,1,-58,5,RSSI Spike (2.7σ)
2026-02-11 05:53:35,Ma_B0x_Maison,FF:EE:DD:44:55:66,1,-64,2,RSSI Spike (2.7σ)
2026-02-11 05:53:35,Ma_Box_Maison,FF:FF:FF:EE:EE:EE,1,-30,5,Jitter/Timing Anomaly
2026-02-11 05:53:36,Ma_Box_Maison,AA:BB:CC:11:22:33,1,-58,5,RSSI Spike (2.7σ)
2026-02-11 05:53:36,Ma_B0x_Maison,FF:EE:DD:44:55:66,1,-60,2,RSSI Spike (2.7σ)
2026-02-11 05:53:36,Ma_Box_Maison,FF:FF:FF:EE:EE:EE,1,-30,5,Jitter/Timing Anomaly
2026-02-11 05:53:38,Ma_Box_Maison,AA:BB:CC:11:22:33,1,-60,5,RSSI Spike (2.7σ)
2026-02-11 05:53:38,Ma_B0x_Maison,FF:EE:DD:44:55:66,1,-64,2,RSSI Spike (2.7σ)
2026-02-11 05:53:38,Ma_Box_Maison,FF:FF:FF:EE:EE:EE,1,-30,5,Jitter/Timing Anomaly
2026-02-11 05:53:39,Ma_Box_Maison,AA:BB:CC:11:22:33,1,-62,5,RSSI Spike (2.7σ)
2026-02-11 05:53:39,Ma_B0x_Maison,FF:EE:DD:44:55:66,1,-63,2,RSSI Spike (2.7σ)
2026-02-11 05:53:39,Ma_Box_Maison,FF:FF:FF:EE:EE:EE,1,-30,5,Jitter/Timing Anomaly
2026-02-11 05:53:41,Ma_Box_Maison,AA:BB:CC:11:22:33,1,-60,5,RSSI Spike (2.7σ)
2026-02-11 05:53:41,Ma_B0x_Maison,FF:EE:DD:44:55:66,1,-60,2,RSSI Spike (2.7σ)
2026-02-11 05:53:41,Ma_Box_Maison,FF:FF:FF:EE:EE:EE,1,-30,5,Jitter/Timing Anomaly
2026-02-11 05:53:42,Ma_Box_Maison,AA:BB:CC:11:22:33,1,-65,5,RSSI Spike (2.7σ)
2026-02-11 05:53:42,Ma_B0x_Maison,FF:EE:DD:44:55:66,1,-67,2,RSSI Spike (2.7σ)
2026-02-11 05:53:42,Ma_Box_Maison,FF:FF:FF:EE:EE:EE,1,-30,5,Jitter/Timing Anomaly
2026-02-11 05:53:44,Ma_Box_Maison,AA:BB:CC:11:22:33,1,-58,5,RSSI Spike (2.7σ)
2026-02-11 05:53:44,Ma_B0x_Maison,FF:EE:DD:44:55:66,1,-60,2,RSSI Spike (2.7σ)
2026-02-11 05:53:44,Ma_Box_Maison,FF:FF:FF:EE:EE:EE,1,-30,5,Jitter/Timing Anomaly
2026-02-11 05:53:45,Ma_Box_Maison,AA:BB:CC:11:22:33,1,-63,5,RSSI Spike (2.7σ)
2026-02-11 05:53:45,Ma_B0x_Maison,FF:EE:DD:44:55:66,1,-63,2,RSSI Spike (2.7σ)
2026-02-11 05:53:45,Ma_Box_Maison,FF:FF:FF:EE:EE:EE,1,-30,5,Jitter/Timing Anomaly
2026-02-11 05:53:47,Ma_Box_Maison,AA:BB:CC:11:22:33,1,-64,5,RSSI Spike (2.7σ)
2026-02-11 05:53:47,Ma_B0x_Maison,FF:EE:DD:44:55:66,1,-60,2,RSSI Spike (2.7σ)
2026-02-11 05:53:47,Ma_Box_Maison,FF:FF:FF:EE:EE:EE,1,-30,5,Jitter/Timing Anomaly
2026-02-11 05:53:48,Ma_Box_Maison,AA:BB:CC:11:22:33,1,-55,5,RSSI Spike (2.7σ)
2026-02-11 05:53:48,Ma_B0x_Maison,FF:EE:DD:44:55:66,1,-62,2,RSSI Spike (2.7σ)
2026-02-11 05:53:48,Ma_Box_Maison,FF:FF:FF:EE:EE:EE,1,-30,5,Jitter/Timing Anomaly
2026-02-11 05:53:50,Ma_Box_Maison,AA:BB:CC:11:22:33,1,-56,5,RSSI Spike (2.7σ)
2026-02-11 05:53:50,Ma_B0x_Maison,FF:EE:DD:44:55:66,1,-69,2,RSSI Spike (2.7σ)
2026-02-11 05:53:50,Ma_Box_Maison,FF:FF:FF:EE:EE:EE,1,-30,5,Jitter/Timing Anomaly
2026-02-11 05:53:51,Ma_Box_Maison,AA:BB:CC:11:22:33,1,-64,5,RSSI Spike (2.7σ)
2026-02-11 05:53:51,Ma_B0x_Maison,FF:EE:DD:44:55:66,1,-65,2,RSSI Spike (2.7σ)
2026-02-11 05:53:51,Ma_Box_Maison,FF:FF:FF:EE:EE:EE,1,-30,5,Jitter/Timing Anomaly
2026-02-11 05:53:53,Ma_Box_Maison,AA:BB:CC:11:22:33,1,-55,5,RSSI Spike (2.7σ)
2026-02-11 05:53:53,Ma_B0x_Maison,FF:EE:DD:44:55:66,1,-66,2,RSSI Spike (2.7σ)
2026-02-11 05:53:53,Ma_Box_Maison,FF:FF:FF:EE:EE:EE,1,-30,5,Jitter/Timing Anomaly
2026-02-11 05:53:54,Ma_Box_Maison,AA:BB:CC:11:22:33,1,-62,5,RSSI Spike (2.7σ)
2026-02-11 05:53:54,Ma_B0x_Maison,FF:EE:DD:44:55:66,1,-66,2,RSSI Spike (2.7σ)
2026-02-11 05:53:54,Ma_Box_Maison,FF:FF:FF:EE:EE:EE,1,-30,5,Jitter/Timing Anomaly
2026-02-11 05:53:56,Ma_Box_Maison,AA:BB:CC:11:22:33,1,-65,5,RSSI Spike (2.7σ)
2026-02-11 05:53:56,Ma_B0x_Maison,FF:EE:DD:44:55:66,1,-65,2,RSSI Spike (2.7σ)
2026-02-11 05:53:56,Ma_Box_Maison,FF:FF:FF:EE:EE:EE,1,-30,5,Jitter/Timing Anomaly
2026-02-11 05:53:57,Ma_Box_Maison,AA:BB:CC:11:22:33,1,-60,5,RSSI Spike (2.7σ)
2026-02-11 05:53:57,Ma_B0x_Maison,FF:EE:DD:44:55:66,1,-67,2,RSSI Spike (2.7σ)
2026-02-11 05:53:57,Ma_Box_Maison,FF:FF:FF:EE:EE:EE,1,-30,5,Jitter/Timing Anomaly
2026-02-11 05:53:59,Ma_Box_Maison,AA:BB:CC:11:22:33,1,-64,5,RSSI Spike (2.7σ)
2026-02-11 05:53:59,Ma_B0x_Maison,FF:EE:DD:44:55:66,1,-60,2,RSSI Spike (2.7σ)
2026-02-11 05:53:59,Ma_Box_Maison,FF:FF:FF:EE:EE:EE,1,-30,5,Jitter/Timing Anomaly
2026-02-11 05:54:00,Ma_Box_Maison,AA:BB:CC:11:22:33,1,-63,5,RSSI Spike (2.7σ)
2026-02-11 05:54:00,Ma_B0x_Maison,FF:EE:DD:44:55:66,1,-68,2,RSSI Spike (2.7σ)
2026-02-11 05:54:00,Ma_Box_Maison,FF:FF:FF:EE:EE:EE,1,-30,5,Jitter/Timing Anomaly
2026-02-11 05:54:02,Ma_Box_Maison,AA:BB:CC:11:22:33,1,-62,5,RSSI Spike (2.7σ)
2026-02-11 05:54:02,Ma_B0x_Maison,FF:EE:DD:44:55:66,1,-63,2,RSSI Spike (2.7σ)
2026-02-11 05:54:02,Ma_Box_Maison,FF:FF:FF:EE:EE:EE,1,-30,5,Jitter/Timing Anomaly
2026-02-11 05:54:03,Ma_Box_Maison,AA:BB:CC:11:22:33,1,-64,5,RSSI Spike (2.7σ)
2026-02-11 05:54:03,Ma_B0x_Maison,FF:EE:DD:44:55:66,1,-70,2,RSSI Spike (2.7σ)
2026-02-11 05:54:03,Ma_Box_Maison,FF:FF:FF:EE:EE:EE,1,-30,5,Jitter/Timing Anomaly
2026-02-11 05:54:05,Ma_Box_Maison,AA:BB:CC:11:22:33,1,-56,5,RSSI Spike (2.7σ)
2026-02-11 05:54:05,Ma_B0x_Maison,FF:EE:DD:44:55:66,1,-62,2,RSSI Spike (2.7σ)
2026-02-11 05:54:05,Ma_Box_Maison,FF:FF:FF:EE:EE:EE,1,-30,5,Jitter/Timing Anomaly
2026-02-11 05:54:06,Ma_Box_Maison,AA:BB:CC:11:22:33,1,-55,5,RSSI Spike (2.7σ)
2026-02-11 05:54:06,Ma_B0x_Maison,FF:EE:DD:44:55:66,1,-63,2,RSSI Spike (2.7σ)
2026-02-11 05:54:06,Ma_Box_Maison,FF:FF:FF:EE:EE:EE,1,-30,5,Jitter/Timing Anomaly
2026-02-11 05:54:08,Ma_Box_Maison,AA:BB:CC:11:22:33,1,-57,5,RSSI Spike (2.7σ)
2026-02-11 05:54:08,Ma_B0x_Maison,FF:EE:DD:44:55:66,1,-68,2,RSSI Spike (2.7σ)
2026-02-11 05:54:08,Ma_Box_Maison,FF:FF:FF:EE:EE:EE,1,-30,5,Jitter/Timing Anomaly
2026-02-11 05:54:09,Ma_Box_Maison,AA:BB:CC:11:22:33,1,-61,5,RSSI Spike (2.7σ)
2026-02-11 05:54:09,Ma_B0x_Maison,FF:EE:DD:44:55:66,1,-66,2,RSSI Spike (2.7σ)
2026-02-11 05:54:09,Ma_Box_Maison,FF:FF:FF:EE:EE:EE,1,-30,5,Jitter/Timing Anomaly
2026-02-11 05:54:11,Ma_Box_Maison,AA:BB:CC:11:22:33,1,-62,5,RSSI Spike (2.7σ)
2026-02-11 05:54:11,Ma_B0x_Maison,FF:EE:DD:44:55:66,1,-70,2,RSSI Spike (2.7σ)
2026-02-11 05:54:11,Ma_Box_Maison,FF:FF:FF:EE:EE:EE,1,-30,5,Jitter/Timing Anomaly
2026-02-11 05:54:12,Ma_Box_Maison,AA:BB:CC:11:22:33,1,-59,5,RSSI Spike (2.7σ)
2026-02-11 05:54:12,Ma_B0x_Maison,FF:EE:DD:44:55:66,1,-67,2,RSSI Spike (2.7σ)
2026-02-11 05:54:12,Ma_Box_Maison,FF:FF:FF:EE:EE:EE,1,-30,5,Jitter/Timing Anomaly
2026-02-11 05:54:14,Ma_Box_Maison,AA:BB:CC:11:22:33,1,-57,5,RSSI Spike (2.7σ)
2026-02-11 05:54:14,Ma_B0x_Maison,FF:EE:DD:44:55:66,1,-64,2,RSSI Spike (2.7σ)
2026-02-11 05:54:14,Ma_Box_Maison,FF:FF:FF:EE:EE:EE,1,-30,5,Jitter/Timing Anomaly
2026-02-11 05:54:15,Ma_Box_Maison,AA:BB:CC:11:22:33,1,-56,5,RSSI Spike (2.7σ)
2026-02-11 05:54:15,Ma_B0x_Maison,FF:EE:DD:44:55:66,1,-64,2,RSSI Spike (2.7σ)
2026-02-11 05:54:15,Ma_Box_Maison,FF:FF:FF:EE:EE:EE,1,-30,5,Jitter/Timing Anomaly
2026-02-11 05:54:17,Ma_Box_Maison,AA:BB:CC:11:22:33,1,-60,5,RSSI Spike (2.7σ)
2026-02-11 05:54:17,Ma_B0x_Maison,FF:EE:DD:44:55:66,1,-65,2,RSSI Spike (2.7σ)
2026-02-11 05:54:17,Ma_Box_Maison,FF:FF:FF:EE:EE:EE,1,-30,5,Jitter/Timing Anomaly
2026-02-11 05:54:18,Ma_Box_Maison,AA:BB:CC:11:22:33,1,-56,5,RSSI Spike (2.7σ)
2026-02-11 05:54:18,Ma_B0x_Maison,FF:EE:DD:44:55:66,1,-64,2,RSSI Spike (2.7σ)
2026-02-11 05:54:18,Ma_Box_Maison,FF:FF:FF:EE:EE:EE,1,-30,5,Jitter/Timing Anomaly
2026-02-11 05:54:20,Ma_Box_Maison,AA:BB:CC:11:22:33,1,-58,5,RSSI Spike (2.7σ)
2026-02-11 05:54:20,Ma_B0x_Maison,FF:EE:DD:44:55:66,1,-70,2,RSSI Spike (2.7σ)
2026-02-11 05:54:20,Ma_Box_Maison,FF:FF:FF:EE:EE:EE,1,-30,5,Jitter/Timing Anomaly
2026-02-11 05:54:21,Ma_Box_Maison,AA:BB:CC:11:22:33,1,-65,5,RSSI Spike (2.7σ)
2026-02-11 05:54:21,Ma_B0x_Maison,FF:EE:DD:44:55:66,1,-61,2,RSSI Spike (2.7σ)
2026-02-11 05:54:21,Ma_Box_Maison,FF:FF:FF:EE:EE:EE,1,-30,5,Jitter/Timing Anomaly
2026-02-11 05:54:23,Ma_Box_Maison,AA:BB:CC:11:22:33,1,-59,5,RSSI Spike (2.7σ)
2026-02-11 05:54:23,Ma_B0x_Maison,FF:EE:DD:44:55:66,1,-70,2,RSSI Spike (2.7σ)
2026-02-11 05:54:23,Ma_Box_Maison,FF:FF:FF:EE:EE:EE,1,-30,5,Jitter/Timing Anomaly
2026-02-11 05:54:25,Ma_Box_Maison,AA:BB:CC:11:22:33,1,-62,5,RSSI Spike (2.7σ)
2026-02-11 05:54:25,Ma_B0x_Maison,FF:EE:DD:44:55:66,1,-68,2,RSSI Spike (2.7σ)
2026-02-11 05:54:25,Ma_Box_Maison,FF:FF:FF:EE:EE:EE,1,-30,5,Jitter/Timing Anomaly
2026-02-11 05:54:26,Ma_Box_Maison,AA:BB:CC:11:22:33,1,-58,5,RSSI Spike (2.7σ)
2026-02-11 05:54:26,Ma_B0x_Maison,FF:EE:DD:44:55:66,1,-63,2,RSSI Spike (2.7σ)
2026-02-11 05:54:26,Ma_Box_Maison,FF:FF:FF:EE:EE:EE,1,-30,5,Jitter/Timing Anomaly
2026-02-11 05:54:28,Ma_Box_Maison,AA:BB:CC:11:22:33,1,-65,5,RSSI Spike (2.7σ)
2026-02-11 05:54:28,Ma_B0x_Maison,FF:EE:DD:44:55:66,1,-69,2,RSSI Spike (2.7σ)
2026-02-11 05:54:28,Ma_Box_Maison,FF:FF:FF:EE:EE:EE,1,-30,5,Jitter/Timing Anomaly
2026-02-11 05:54:29,Ma_Box_Maison,AA:BB:CC:11:22:33,1,-64,5,RSSI Spike (2.7σ)
2026-02-11 05:54:29,Ma_B0x_Maison,FF:EE:DD:44:55:66,1,-67,2,RSSI Spike (2.7σ)
2026-02-11 05:54:29,Ma_Box_Maison,FF:FF:FF:EE:EE:EE,1,-30,5,Jitter/Timing Anomaly
2026-02-11 05:54:31,Ma_Box_Maison,AA:BB:CC:11:22:33,1,-56,5,RSSI Spike (2.7σ)
2026-02-11 05:54:31,Ma_B0x_Maison,FF:EE:DD:44:55:66,1,-70,2,RSSI Spike (2.7σ)
2026-02-11 05:54:31,Ma_Box_Maison,FF:FF:FF:EE:EE:EE,1,-30,5,Jitter/Timing Anomaly
2026-02-11 05:54:32,Ma_Box_Maison,AA:BB:CC:11:22:33,1,-62,5,RSSI Spike (2.7σ)
2026-02-11 05:54:32,Ma_B0x_Maison,FF:EE:DD:44:55:66,1,-69,2,RSSI Spike (2.7σ)
2026-02-11 05:54:32,Ma_Box_Maison,FF:FF:FF:EE:EE:EE,1,-30,5,Jitter/Timing Anomaly
2026-02-11 05:54:34,Ma_Box_Maison,AA:BB:CC:11:22:33,1,-61,5,RSSI Spike (2.7σ)
2026-02-11 05:54:34,Ma_B0x_Maison,FF:EE:DD:44:55:66,1,-70,2,RSSI Spike (2.7σ)
2026-02-11 05:54:34,Ma_Box_Maison,FF:FF:FF:EE:EE:EE,1,-30,5,Jitter/Timing Anomaly
2026-02-11 05:54:35,Ma_Box_Maison,AA:BB:CC:11:22:33,1,-64,5,RSSI Spike (2.7σ)
2026-02-11 05:54:35,Ma_B0x_Maison,FF:EE:DD:44:55:66,1,-63,2,RSSI Spike (2.7σ)
2026-02-11 05:54:35,Ma_Box_Maison,FF:FF:FF:EE:EE:EE,1,-30,5,Jitter/Timing Anomaly
2026-02-11 05:54:37,Ma_Box_Maison,AA:BB:CC:11:22:33,1,-61,5,RSSI Spike (2.7σ)
2026-02-11 05:54:37,Ma_B0x_Maison,FF:EE:DD:44:55:66,1,-63,2,RSSI Spike (2.7σ)
2026-02-11 05:54:37,Ma_Box_Maison,FF:FF:FF:EE:EE:EE,1,-30,5,Jitter/Timing Anomaly
2026-02-11 05:54:38,Ma_Box_Maison,AA:BB:CC:11:22:33,1,-61,5,RSSI Spike (2.7σ)
2026-02-11 05:54:38,Ma_B0x_Maison,FF:EE:DD:44:55:66,1,-62,2,RSSI Spike (2.7σ)
2026-02-11 05:54:38,Ma_Box_Maison,FF:FF:FF:EE:EE:EE,1,-30,5,Jitter/Timing Anomaly
2026-02-11 05:54:40,Ma_Box_Maison,AA:BB:CC:11:22:33,1,-55,5,RSSI Spike (2.7σ)
2026-02-11 05:54:40,Ma_B0x_Maison,FF:EE:DD:44:55:66,1,-67,2,RSSI Spike (2.7σ)
2026-02-11 05:54:40,Ma_Box_Maison,FF:FF:FF:EE:EE:EE,1,-30,5,Jitter/Timing Anomaly
2026-02-11 05:54:41,Ma_Box_Maison,AA:BB:CC:11:22:33,1,-57,5,RSSI Spike (2.7σ)
2026-02-11 05:54:41,Ma_B0x_Maison,FF:EE:DD:44:55:66,1,-64,2,RSSI Spike (2.7σ)
2026-02-11 05:54:41,Ma_Box_Maison,FF:FF:FF:EE:EE:EE,1,-30,5,Jitter/Timing Anomaly
2026-02-11 05:54:43,Ma_Box_Maison,AA:BB:CC:11:22:33,1,-55,5,RSSI Spike (2.7σ)
2026-02-11 05:54:43,Ma_B0x_Maison,FF:EE:DD:44:55:66,1,-68,2,RSSI Spike (2.7σ)
2026-02-11 05:54:43,Ma_Box_Maison,FF:FF:FF:EE:EE:EE,1,-30,5,Jitter/Timing Anomaly
2026-02-11 05:54:44,Ma_Box_Maison,AA:BB:CC:11:22:33,1,-59,5,RSSI Spike (2.7σ)
2026-02-11 05:54:44,Ma_B0x_Maison,FF:EE:DD:44:55:66,1,-65,2,RSSI Spike (2.7σ)
2026-02-11 05:54:44,Ma_Box_Maison,FF:FF:FF:EE:EE:EE,1,-30,5,Jitter/Timing Anomaly
2026-02-11 05:54:46,Ma_Box_Maison,AA:BB:CC:11:22:33,1,-64,5,RSSI Spike (2.7σ)
2026-02-11 05:54:46,Ma_B0x_Maison,FF:EE:DD:44:55:66,1,-68,2,RSSI Spike (2.7σ)
2026-02-11 05:54:46,Ma_Box_Maison,FF:FF:FF:EE:EE:EE,1,-30,5,Jitter/Timing Anomaly
2026-02-11 05:54:47,Ma_Box_Maison,AA:BB:CC:11:22:33,1,-62,5,RSSI Spike (2.7σ)
2026-02-11 05:54:47,Ma_B0x_Maison,FF:EE:DD:44:55:66,1,-67,2,RSSI Spike (2.7σ)
2026-02-11 05:54:47,Ma_Box_Maison,FF:FF:FF:EE:EE:EE,1,-30,5,Jitter/Timing Anomaly
2026-02-11 05:54:49,Ma_Box_Maison,AA:BB:CC:11:22:33,1,-55,5,RSSI Spike (2.7σ)
2026-02-11 05:54:49,Ma_B0x_Maison,FF:EE:DD:44:55:66,1,-66,2,RSSI Spike (2.7σ)
2026-02-11 05:54:49,Ma_Box_Maison,FF:FF:FF:EE:EE:EE,1,-30,5,Jitter/Timing Anomaly
2026-02-11 05:54:50,Ma_Box_Maison,AA:BB:CC:11:22:33,1,-58,5,RSSI Spike (2.7σ)
2026-02-11 05:54:50,Ma_B0x_Maison,FF:EE:DD:44:55:66,1,-62,2,RSSI Spike (2.7σ)
2026-02-11 05:54:50,Ma_Box_Maison,FF:FF:FF:EE:EE:EE,1,-30,5,Jitter/Timing Anomaly
2026-02-11 05:54:52,Ma_Box_Maison,AA:BB:CC:11:22:33,1,-63,5,RSSI Spike (2.7σ)
2026-02-11 05:54:52,Ma_B0x_Maison,FF:EE:DD:44:55:66,1,-66,2,RSSI Spike (2.7σ)
2026-02-11 05:54:52,Ma_Box_Maison,FF:FF:FF:EE:EE:EE,1,-30,5,Jitter/Timing Anomaly
2026-02-11 05:54:53,Ma_Box_Maison,AA:BB:CC:11:22:33,1,-58,5,RSSI Spike (2.7σ)
2026-02-11 05:54:53,Ma_B0x_Maison,FF:EE:DD:44:55:66,1,-65,2,RSSI Spike (2.7σ)
2026-02-11 05:54:53,Ma_Box_Maison,FF:FF:FF:EE:EE:EE,1,-30,5,Jitter/Timing Anomaly
2026-02-11 05:54:55,Ma_Box_Maison,AA:BB:CC:11:22:33,1,-60,5,RSSI Spike (2.7σ)
2026-02-11 05:54:55,Ma_B0x_Maison,FF:EE:DD:44:55:66,1,-62,2,RSSI Spike (2.7σ)
2026-02-11 05:54:55,Ma_Box_Maison,FF:FF:FF:EE:EE:EE,1,-30,5,Jitter/Timing Anomaly
2026-02-11 05:54:56,Ma_Box_Maison,AA:BB:CC:11:22:33,1,-59,5,RSSI Spike (2.7σ)
2026-02-11 05:54:56,Ma_B0x_Maison,FF:EE:DD:44:55:66,1,-60,2,RSSI Spike (2.7σ)
2026-02-11 05:54:56,Ma_Box_Maison,FF:FF:FF:EE:EE:EE,1,-30,5,Jitter/Timing Anomaly
2026-02-11 05:54:58,Ma_Box_Maison,AA:BB:CC:11:22:33,1,-55,5,RSSI Spike (2.7σ)
2026-02-11 05:54:58,Ma_B0x_Maison,FF:EE:DD:44:55:66,1,-67,2,RSSI Spike (2.7σ)
2026-02-11 05:54:58,Ma_Box_Maison,FF:FF:FF:EE:EE:EE,1,-30,5,Jitter/Timing Anomaly
2026-02-11 05:54:59,Ma_Box_Maison,AA:BB:CC:11:22:33,1,-61,5,RSSI Spike (2.7σ)
2026-02-11 05:54:59,Ma_B0x_Maison,FF:EE:DD:44:55:66,1,-69,2,RSSI Spike (2.7σ)
2026-02-11 05:54:59,Ma_Box_Maison,FF:FF:FF:EE:EE:EE,1,-30,5,Jitter/Timing Anomaly
2026-02-11 05:55:01,Ma_Box_Maison,AA:BB:CC:11:22:33,1,-62,5,RSSI Spike (2.7σ)
2026-02-11 05:55:01,Ma_B0x_Maison,FF:EE:DD:44:55:66,1,-68,2,RSSI Spike (2.7σ)
2026-02-11 05:55:01,Ma_Box_Maison,FF:FF:FF:EE:EE:EE,1,-30,5,Jitter/Timing Anomaly
2026-02-11 05:55:02,Ma_Box_Maison,AA:BB:CC:11:22:33,1,-60,5,RSSI Spike (2.7σ)
2026-02-11 05:55:02,Ma_B0x_Maison,FF:EE:DD:44:55:66,1,-68,2,RSSI Spike (2.7σ)
2026-02-11 05:55:02,Ma_Box_Maison,FF:FF:FF:EE:EE:EE,1,-30,5,Jitter/Timing Anomaly
2026-02-11 05:55:04,Ma_Box_Maison,AA:BB:CC:11:22:33,1,-65,5,RSSI Spike (2.7σ)
2026-02-11 05:55:04,Ma_B0x_Maison,FF:EE:DD:44:55:66,1,-70,2,RSSI Spike (2.7σ)
2026-02-11 05:55:04,Ma_Box_Maison,FF:FF:FF:EE:EE:EE,1,-30,5,Jitter/Timing Anomaly
2026-02-11 05:55:05,Ma_Box_Maison,AA:BB:CC:11:22:33,1,-64,5,RSSI Spike (2.7σ)
2026-02-11 05:55:05,Ma_B0x_Maison,FF:EE:DD:44:55:66,1,-66,2,RSSI Spike (2.7σ)
2026-02-11 05:55:05,Ma_Box_Maison,FF:FF:FF:EE:EE:EE,1,-30,5,Jitter/Timing Anomaly
2026-02-11 05:55:07,Ma_Box_Maison,AA:BB:CC:11:22:33,1,-56,5,RSSI Spike (2.7σ)
2026-02-11 05:55:07,Ma_B0x_Maison,FF:EE:DD:44:55:66,1,-67,2,RSSI Spike (2.7σ)
2026-02-11 05:55:07,Ma_Box_Maison,FF:FF:FF:EE:EE:EE,1,-30,5,Jitter/Timing Anomaly
2026-02-11 05:55:08,Ma_Box_Maison,AA:BB:CC:11:22:33,1,-56,5,RSSI Spike (2.7σ)
2026-02-11 05:55:08,Ma_B0x_Maison,FF:EE:DD:44:55:66,1,-67,2,RSSI Spike (2.7σ)
2026-02-11 05:55:08,Ma_Box_Maison,FF:FF:FF:EE:EE:EE,1,-30,5,Jitter/Timing Anomaly
2026-02-11 05:55:10,Ma_Box_Maison,AA:BB:CC:11:22:33,1,-64,5,RSSI Spike (2.7σ)
2026-02-11 05:55:10,Ma_B0x_Maison,FF:EE:DD:44:55:66,1,-66,2,RSSI Spike (2.7σ)
2026-02-11 05:55:10,Ma_Box_Maison,FF:FF:FF:EE:EE:EE,1,-30,5,Jitter/Timing Anomaly
2026-02-11 05:55:11,Ma_Box_Maison,AA:BB:CC:11:22:33,1,-56,5,RSSI Spike (2.7σ)
2026-02-11 05:55:11,Ma_B0x_Maison,FF:EE:DD:44:55:66,1,-70,2,RSSI Spike (2.7σ)
2026-02-11 05:55:11,Ma_Box_Maison,FF:FF:FF:EE:EE:EE,1,-30,5,Jitter/Timing Anomaly
2026-02-11 05:55:13,Ma_Box_Maison,AA:BB:CC:11:22:33,1,-56,5,RSSI Spike (2.7σ)
2026-02-11 05:55:13,Ma_B0x_Maison,FF:EE:DD:44:55:66,1,-67,2,RSSI Spike (2.7σ)
2026-02-11 05:55:13,Ma_Box_Maison,FF:FF:FF:EE:EE:EE,1,-30,5,Jitter/Timing Anomaly
2026-02-11 05:55:14,Ma_Box_Maison,AA:BB:CC:11:22:33,1,-55,5,RSSI Spike (2.7σ)
2026-02-11 05:55:14,Ma_B0x_Maison,FF:EE:DD:44:55:66,1,-61,2,RSSI Spike (2.7σ)
2026-02-11 05:55:14,Ma_Box_Maison,FF:FF:FF:EE:EE:EE,1,-30,5,Jitter/Timing Anomaly
2026-02-11 05:55:16,Ma_Box_Maison,AA:BB:CC:11:22:33,1,-57,5,RSSI Spike (2.7σ)
2026-02-11 05:55:16,Ma_B0x_Maison,FF:EE:DD:44:55:66,1,-61,2,RSSI Spike (2.7σ)
2026-02-11 05:55:16,Ma_Box_Maison,FF:FF:FF:EE:EE:EE,1,-30,5,Jitter/Timing Anomaly
2026-02-11 05:55:17,Ma_Box_Maison,AA:BB:CC:11:22:33,1,-59,5,RSSI Spike (2.7σ)
2026-02-11 05:55:17,Ma_B0x_Maison,FF:EE:DD:44:55:66,1,-68,2,RSSI Spike (2.7σ)
2026-02-11 05:55:17,Ma_Box_Maison,FF:FF:FF:EE:EE:EE,1,-30,5,Jitter/Timing Anomaly
2026-02-11 05:55:19,Ma_Box_Maison,AA:BB:CC:11:22:33,1,-64,5,RSSI Spike (2.7σ)
2026-02-11 05:55:19,Ma_B0x_Maison,FF:EE:DD:44:55:66,1,-67,2,RSSI Spike (2.7σ)
2026-02-11 05:55:19,Ma_Box_Maison,FF:FF:FF:EE:EE:EE,1,-30,5,Jitter/Timing Anomaly
2026-02-11 05:55:20,Ma_Box_Maison,AA:BB:CC:11:22:33,1,-64,5,RSSI Spike (2.7σ)
2026-02-11 05:55:20,Ma_B0x_Maison,FF:EE:DD:44:55:66,1,-67,2,RSSI Spike (2.7σ)
2026-02-11 05:55:20,Ma_Box_Maison,FF:FF:FF:EE:EE:EE,1,-30,5,Jitter/Timing Anomaly
2026-02-11 05:55:22,Ma_Box_Maison,AA:BB:CC:11:22:33,1,-58,5,RSSI Spike (2.7σ)
2026-02-11 05:55:22,Ma_B0x_Maison,FF:EE:DD:44:55:66,1,-66,2,RSSI Spike (2.7σ)
2026-02-11 05:55:22,Ma_Box_Maison,FF:FF:FF:EE:EE:EE,1,-30,5,Jitter/Timing Anomaly
2026-02-11 05:55:23,Ma_Box_Maison,AA:BB:CC:11:22:33,1,-59,5,RSSI Spike (2.7σ)
2026-02-11 05:55:23,Ma_B0x_Maison,FF:EE:DD:44:55:66,1,-69,2,RSSI Spike (2.7σ)
2026-02-11 05:55:23,Ma_Box_Maison,FF:FF:FF:EE:EE:EE,1,-30,5,Jitter/Timing Anomaly
2026-02-11 05:55:25,Ma_Box_Maison,AA:BB:CC:11:22:33,1,-64,5,RSSI Spike (2.7σ)
2026-02-11 05:55:25,Ma_B0x_Maison,FF:EE:DD:44:55:66,1,-63,2,RSSI Spike (2.7σ)
2026-02-11 05:55:25,Ma_Box_Maison,FF:FF:FF:EE:EE:EE,1,-30,5,Jitter/Timing Anomaly
2026-02-11 05:55:26,Ma_Box_Maison,AA:BB:CC:11:22:33,1,-59,5,RSSI Spike (2.7σ)
2026-02-11 05:55:26,Ma_B0x_Maison,FF:EE:DD:44:55:66,1,-67,2,RSSI Spike (2.7σ)
2026-02-11 05:55:26,Ma_Box_Maison,FF:FF:FF:EE:EE:EE,1,-30,5,Jitter/Timing Anomaly
2026-02-11 05:55:28,Ma_Box_Maison,AA:BB:CC:11:22:33,1,-65,5,RSSI Spike (2.7σ)
2026-02-11 05:55:28,Ma_B0x_Maison,FF:EE:DD:44:55:66,1,-60,2,RSSI Spike (2.7σ)
2026-02-11 05:55:28,Ma_Box_Maison,FF:FF:FF:EE:EE:EE,1,-30,5,Jitter/Timing Anomaly
2026-02-11 05:55:29,Ma_Box_Maison,AA:BB:CC:11:22:33,1,-61,5,RSSI Spike (2.7σ)
2026-02-11 05:55:29,Ma_B0x_Maison,FF:EE:DD:44:55:66,1,-61,2,RSSI Spike (2.7σ)
2026-02-11 05:55:29,Ma_Box_Maison,FF:FF:FF:EE:EE:EE,1,-30,5,Jitter/Timing Anomaly
2026-02-11 05:55:31,Ma_Box_Maison,AA:BB:CC:11:22:33,1,-62,5,RSSI Spike (2.7σ)
2026-02-11 05:55:31,Ma_B0x_Maison,FF:EE:DD:44:55:66,1,-61,2,RSSI Spike (2.7σ)
2026-02-11 05:55:31,Ma_Box_Maison,FF:FF:FF:EE:EE:EE,1,-30,5,Jitter/Timing Anomaly
2026-02-11 05:55:32,Ma_Box_Maison,AA:BB:CC:11:22:33,1,-60,5,RSSI Spike (2.7σ)
2026-02-11 05:55:32,Ma_B0x_Maison,FF:EE:DD:44:55:66,1,-69,2,RSSI Spike (2.7σ)
2026-02-11 05:55:32,Ma_Box_Maison,FF:FF:FF:EE:EE:EE,1,-30,5,Jitter/Timing Anomaly
2026-02-11 05:55:34,Ma_Box_Maison,AA:BB:CC:11:22:33,1,-58,5,RSSI Spike (2.7σ)
2026-02-11 05:55:34,Ma_B0x_Maison,FF:EE:DD:44:55:66,1,-66,2,RSSI Spike (2.7σ)
2026-02-11 05:55:34,Ma_Box_Maison,FF:FF:FF:EE:EE:EE,1,-30,5,Jitter/Timing Anomaly
2026-02-11 05:55:35,Ma_Box_Maison,AA:BB:CC:11:22:33,1,-65,5,RSSI Spike (2.7σ)
2026-02-11 05:55:35,Ma_B0x_Maison,FF:EE:DD:44:55:66,1,-62,2,RSSI Spike (2.7σ)
2026-02-11 05:55:35,Ma_Box_Maison,FF:FF:FF:EE:EE:EE,1,-30,5,Jitter/Timing Anomaly
2026-02-11 05:55:37,Ma_Box_Maison,AA:BB:CC:11:22:33,1,-57,5,RSSI Spike (2.7σ)
2026-02-11 05:55:37,Ma_B0x_Maison,FF:EE:DD:44:55:66,1,-70,2,RSSI Spike (2.7σ)
2026-02-11 05:55:37,Ma_Box_Maison,FF:FF:FF:EE:EE:EE,1,-30,5,Jitter/Timing Anomaly
2026-02-11 05:55:38,Ma_Box_Maison,AA:BB:CC:11:22:33,1,-59,5,RSSI Spike (2.7σ)
2026-02-11 05:55:38,Ma_B0x_Maison,FF:EE:DD:44:55:66,1,-65,2,RSSI Spike (2.7σ)
2026-02-11 05:55:38,Ma_Box_Maison,FF:FF:FF:EE:EE:EE,1,-30,5,Jitter/Timing Anomaly
2026-02-11 05:55:40,Ma_Box_Maison,AA:BB:CC:11:22:33,1,-65,5,RSSI Spike (2.7σ)
2026-02-11 05:55:40,Ma_B0x_Maison,FF:EE:DD:44:55:66,1,-65,2,RSSI Spike (2.7σ)
2026-02-11 05:55:40,Ma_Box_Maison,FF:FF:FF:EE:EE:EE,1,-30,5,Jitter/Timing Anomaly
2026-02-11 05:55:41,Ma_Box_Maison,AA:BB:CC:11:22:33,1,-64,5,RSSI Spike (2.7σ)
2026-02-11 05:55:41,Ma_B0x_Maison,FF:EE:DD:44:55:66,1,-64,2,RSSI Spike (2.7σ)
2026-02-11 05:55:41,Ma_Box_Maison,FF:FF:FF:EE:EE:EE,1,-30,5,Jitter/Timing Anomaly
2026-02-11 05:55:43,Ma_Box_Maison,AA:BB:CC:11:22:33,1,-57,5,RSSI Spike (2.7σ)
2026-02-11 05:55:43,Ma_B0x_Maison,FF:EE:DD:44:55:66,1,-69,2,RSSI Spike (2.7σ)
2026-02-11 05:55:43,Ma_Box_Maison,FF:FF:FF:EE:EE:EE,1,-30,5,Jitter/Timing Anomaly
2026-02-11 05:55:44,Ma_Box_Maison,AA:BB:CC:11:22:33,1,-58,5,RSSI Spike (2.7σ)
2026-02-11 05:55:44,Ma_B0x_Maison,FF:EE:DD:44:55:66,1,-64,2,RSSI Spike (2.7σ)
2026-02-11 05:55:44,Ma_Box_Maison,FF:FF:FF:EE:EE:EE,1,-30,5,Jitter/Timing Anomaly
2026-02-11 05:55:46,Ma_Box_Maison,AA:BB:CC:11:22:33,1,-57,5,RSSI Spike (2.7σ)
2026-02-11 05:55:46,Ma_B0x_Maison,FF:EE:DD:44:55:66,1,-67,2,RSSI Spike (2.7σ)
2026-02-11 05:55:46,Ma_Box_Maison,FF:FF:FF:EE:EE:EE,1,-30,5,Jitter/Timing Anomaly
2026-02-11 05:55:47,Ma_Box_Maison,AA:BB:CC:11:22:33,1,-57,5,RSSI Spike (2.7σ)
2026-02-11 05:55:47,Ma_B0x_Maison,FF:EE:DD:44:55:66,1,-69,2,RSSI Spike (2.7σ)
2026-02-11 05:55:47,Ma_Box_Maison,FF:FF:FF:EE:EE:EE,1,-30,5,Jitter/Timing Anomaly
2026-02-11 05:55:49,Ma_Box_Maison,AA:BB:CC:11:22:33,1,-59,5,RSSI Spike (2.7σ)
2026-02-11 05:55:49,Ma_B0x_Maison,FF:EE:DD:44:55:66,1,-61,2,RSSI Spike (2.7σ)
2026-02-11 05:55:49,Ma_Box_Maison,FF:FF:FF:EE:EE:EE,1,-30,5,Jitter/Timing Anomaly
2026-02-11 05:55:50,Ma_Box_Maison,AA:BB:CC:11:22:33,1,-57,5,RSSI Spike (2.7σ)
2026-02-11 05:55:50,Ma_B0x_Maison,FF:EE:DD:44:55:66,1,-61,2,RSSI Spike (2.7σ)
2026-02-11 05:55:50,Ma_Box_Maison,FF:FF:FF:EE:EE:EE,1,-30,5,Jitter/Timing Anomaly
2026-02-11 05:55:52,Ma_Box_Maison,AA:BB:CC:11:22:33,1,-56,5,RSSI Spike (2.7σ)
2026-02-11 05:55:52,Ma_B0x_Maison,FF:EE:DD:44:55:66,1,-63,2,RSSI Spike (2.7σ)
2026-02-11 05:55:52,Ma_Box_Maison,FF:FF:FF:EE:EE:EE,1,-30,5,Jitter/Timing Anomaly
2026-02-11 05:55:53,Ma_Box_Maison,AA:BB:CC:11:22:33,1,-62,5,RSSI Spike (2.7σ)
2026-02-11 05:55:53,Ma_B0x_Maison,FF:EE:DD:44:55:66,1,-65,2,RSSI Spike (2.7σ)
2026-02-11 05:55:53,Ma_Box_Maison,FF:FF:FF:EE:EE:EE,1,-30,5,Jitter/Timing Anomaly
2026-02-11 05:55:55,Ma_Box_Maison,AA:BB:CC:11:22:33,1,-65,5,RSSI Spike (2.7σ)
2026-02-11 05:55:55,Ma_B0x_Maison,FF:EE:DD:44:55:66,1,-60,2,RSSI Spike (2.7σ)
2026-02-11 05:55:55,Ma_Box_Maison,FF:FF:FF:EE:EE:EE,1,-30,5,Jitter/Timing Anomaly
2026-02-11 05:55:56,Ma_Box_Maison,AA:BB:CC:11:22:33,1,-63,5,RSSI Spike (2.7σ)
2026-02-11 05:55:56,Ma_B0x_Maison,FF:EE:DD:44:55:66,1,-62,2,RSSI Spike (2.7σ)
2026-02-11 05:55:56,Ma_Box_Maison,FF:FF:FF:EE:EE:EE,1,-30,5,Jitter/Timing Anomaly
2026-02-11 05:55:58,Ma_Box_Maison,AA:BB:CC:11:22:33,1,-58,5,RSSI Spike (2.7σ)
2026-02-11 05:55:58,Ma_B0x_Maison,FF:EE:DD:44:55:66,1,-67,2,RSSI Spike (2.7σ)
2026-02-11 05:55:58,Ma_Box_Maison,FF:FF:FF:EE:EE:EE,1,-30,5,Jitter/Timing Anomaly
2026-02-11 05:55:59,Ma_Box_Maison,AA:BB:CC:11:22:33,1,-59,5,RSSI Spike (2.7σ)
2026-02-11 05:55:59,Ma_B0x_Maison,FF:EE:DD:44:55:66,1,-60,2,RSSI Spike (2.7σ)
2026-02-11 05:55:59,Ma_Box_Maison,FF:FF:FF:EE:EE:EE,1,-30,5,Jitter/Timing Anomaly
2026-02-11 05:56:01,Ma_Box_Maison,AA:BB:CC:11:22:33,1,-60,5,RSSI Spike (2.7σ)
2026-02-11 05:56:01,Ma_B0x_Maison,FF:EE:DD:44:55:66,1,-64,2,RSSI Spike (2.7σ)
2026-02-11 05:56:01,Ma_Box_Maison,FF:FF:FF:EE:EE:EE,1,-30,5,Jitter/Timing Anomaly
2026-02-11 05:56:02,Ma_Box_Maison,AA:BB:CC:11:22:33,1,-63,5,RSSI Spike (2.7σ)
2026-02-11 05:56:02,Ma_B0x_Maison,FF:EE:DD:44:55:66,1,-61,2,RSSI Spike (2.7σ)
2026-02-11 05:56:02,Ma_Box_Maison,FF:FF:FF:EE:EE:EE,1,-30,5,Jitter/Timing Anomaly
2026-02-11 05:56:04,Ma_Box_Maison,AA:BB:CC:11:22:33,1,-59,5,RSSI Spike (2.7σ)
2026-02-11 05:56:04,Ma_B0x_Maison,FF:EE:DD:44:55:66,1,-60,2,RSSI Spike (2.7σ)
2026-02-11 05:56:04,Ma_Box_Maison,FF:FF:FF:EE:EE:EE,1,-30,5,Jitter/Timing Anomaly
2026-02-11 05:56:05,Ma_Box_Maison,AA:BB:CC:11:22:33,1,-57,5,RSSI Spike (2.7σ)
2026-02-11 05:56:05,Ma_B0x_Maison,FF:EE:DD:44:55:66,1,-64,2,RSSI Spike (2.7σ)
2026-02-11 05:56:05,Ma_Box_Maison,FF:FF:FF:EE:EE:EE,1,-30,5,Jitter/Timing Anomaly
2026-02-11 05:56:07,Ma_Box_Maison,AA:BB:CC:11:22:33,1,-61,5,RSSI Spike (2.7σ)
2026-02-11 05:56:07,Ma_B0x_Maison,FF:EE:DD:44:55:66,1,-62,2,RSSI Spike (2.7σ)
2026-02-11 05:56:07,Ma_Box_Maison,FF:FF:FF:EE:EE:EE,1,-30,5,Jitter/Timing Anomaly
2026-02-11 05:56:08,Ma_Box_Maison,AA:BB:CC:11:22:33,1,-58,5,RSSI Spike (2.7σ)
2026-02-11 05:56:08,Ma_B0x_Maison,FF:EE:DD:44:55:66,1,-70,2,RSSI Spike (2.7σ)
2026-02-11 05:56:08,Ma_Box_Maison,FF:FF:FF:EE:EE:EE,1,-30,5,Jitter/Timing Anomaly
2026-02-11 05:56:10,Ma_Box_Maison,AA:BB:CC:11:22:33,1,-55,5,RSSI Spike (2.7σ)
2026-02-11 05:56:10,Ma_B0x_Maison,FF:EE:DD:44:55:66,1,-62,2,RSSI Spike (2.7σ)
2026-02-11 05:56:10,Ma_Box_Maison,FF:FF:FF:EE:EE:EE,1,-30,5,Jitter/Timing Anomaly
2026-02-11 05:56:11,Ma_Box_Maison,AA:BB:CC:11:22:33,1,-55,5,RSSI Spike (2.7σ)
2026-02-11 05:56:11,Ma_B0x_Maison,FF:EE:DD:44:55:66,1,-63,2,RSSI Spike (2.7σ)
2026-02-11 05:56:11,Ma_Box_Maison,FF:FF:FF:EE:EE:EE,1,-30,5,Jitter/Timing Anomaly
2026-02-11 05:56:13,Ma_Box_Maison,AA:BB:CC:11:22:33,1,-56,5,RSSI Spike (2.7σ)
2026-02-11 05:56:13,Ma_B0x_Maison,FF:EE:DD:44:55:66,1,-62,2,RSSI Spike (2.7σ)
2026-02-11 05:56:13,Ma_Box_Maison,FF:FF:FF:EE:EE:EE,1,-30,5,Jitter/Timing Anomaly
2026-02-11 05:56:14,Ma_Box_Maison,AA:BB:CC:11:22:33,1,-57,5,RSSI Spike (2.7σ)
2026-02-11 05:56:14,Ma_B0x_Maison,FF:EE:DD:44:55:66,1,-69,2,RSSI Spike (2.7σ)
2026-02-11 05:56:14,Ma_Box_Maison,FF:FF:FF:EE:EE:EE,1,-30,5,Jitter/Timing Anomaly
2026-02-11 05:56:16,Ma_Box_Maison,AA:BB:CC:11:22:33,1,-57,5,RSSI Spike (2.7σ)
2026-02-11 05:56:16,Ma_B0x_Maison,FF:EE:DD:44:55:66,1,-70,2,RSSI Spike (2.7σ)
2026-02-11 05:56:16,Ma_Box_Maison,FF:FF:FF:EE:EE:EE,1,-30,5,Jitter/Timing Anomaly
2026-02-11 05:56:17,Ma_Box_Maison,AA:BB:CC:11:22:33,1,-60,5,RSSI Spike (2.7σ)
2026-02-11 05:56:17,Ma_B0x_Maison,FF:EE:DD:44:55:66,1,-70,2,RSSI Spike (2.7σ)
2026-02-11 05:56:17,Ma_Box_Maison,FF:FF:FF:EE:EE:EE,1,-30,5,Jitter/Timing Anomaly
2026-02-11 05:56:19,Ma_Box_Maison,AA:BB:CC:11:22:33,1,-61,5,RSSI Spike (2.7σ)
2026-02-11 05:56:19,Ma_B0x_Maison,FF:EE:DD:44:55:66,1,-62,2,RSSI Spike (2.7σ)
2026-02-11 05:56:19,Ma_Box_Maison,FF:FF:FF:EE:EE:EE,1,-30,5,Jitter/Timing Anomaly
2026-02-11 05:56:20,Ma_Box_Maison,AA:BB:CC:11:22:33,1,-60,5,RSSI Spike (2.7σ)
2026-02-11 05:56:20,Ma_B0x_Maison,FF:EE:DD:44:55:66,1,-67,2,RSSI Spike (2.7σ)
2026-02-11 05:56:20,Ma_Box_Maison,FF:FF:FF:EE:EE:EE,1,-30,5,Jitter/Timing Anomaly
2026-02-11 05:56:22,Ma_Box_Maison,AA:BB:CC:11:22:33,1,-57,5,RSSI Spike (2.7σ)
2026-02-11 05:56:22,Ma_B0x_Maison,FF:EE:DD:44:55:66,1,-64,2,RSSI Spike (2.7σ)
2026-02-11 05:56:22,Ma_Box_Maison,FF:FF:FF:EE:EE:EE,1,-30,5,Jitter/Timing Anomaly
2026-02-11 05:56:23,Ma_Box_Maison,AA:BB:CC:11:22:33,1,-57,5,RSSI Spike (2.7σ)
2026-02-11 05:56:23,Ma_B0x_Maison,FF:EE:DD:44:55:66,1,-66,2,RSSI Spike (2.7σ)
2026-02-11 05:56:23,Ma_Box_Maison,FF:FF:FF:EE:EE:EE,1,-30,5,Jitter/Timing Anomaly
2026-02-11 05:56:25,Ma_Box_Maison,AA:BB:CC:11:22:33,1,-59,5,RSSI Spike (2.7σ)
2026-02-11 05:56:25,Ma_B0x_Maison,FF:EE:DD:44:55:66,1,-70,2,RSSI Spike (2.7σ)
2026-02-11 05:56:25,Ma_Box_Maison,FF:FF:FF:EE:EE:EE,1,-30,5,Jitter/Timing Anomaly
2026-02-11 05:56:26,Ma_Box_Maison,AA:BB:CC:11:22:33,1,-62,5,RSSI Spike (2.7σ)
2026-02-11 05:56:26,Ma_B0x_Maison,FF:EE:DD:44:55:66,1,-65,2,RSSI Spike (2.7σ)
2026-02-11 05:56:26,Ma_Box_Maison,FF:FF:FF:EE:EE:EE,1,-30,5,Jitter/Timing Anomaly
2026-02-11 05:56:28,Ma_Box_Maison,AA:BB:CC:11:22:33,1,-55,5,RSSI Spike (2.7σ)
2026-02-11 05:56:28,Ma_B0x_Maison,FF:EE:DD:44:55:66,1,-61,2,RSSI Spike (2.7σ)
2026-02-11 05:56:28,Ma_Box_Maison,FF:FF:FF:EE:EE:EE,1,-30,5,Jitter/Timing Anomaly
2026-02-11 05:56:29,Ma_Box_Maison,AA:BB:CC:11:22:33,1,-63,5,RSSI Spike (2.7σ)
2026-02-11 05:56:29,Ma_B0x_Maison,FF:EE:DD:44:55:66,1,-60,2,RSSI Spike (2.7σ)
2026-02-11 05:56:29,Ma_Box_Maison,FF:FF:FF:EE:EE:EE,1,-30,5,Jitter/Timing Anomaly
2026-02-11 05:56:31,Ma_Box_Maison,AA:BB:CC:11:22:33,1,-64,5,RSSI Spike (2.7σ)
2026-02-11 05:56:31,Ma_B0x_Maison,FF:EE:DD:44:55:66,1,-65,2,RSSI Spike (2.7σ)
2026-02-11 05:56:31,Ma_Box_Maison,FF:FF:FF:EE:EE:EE,1,-30,5,Jitter/Timing Anomaly
2026-02-11 05:56:32,Ma_Box_Maison,AA:BB:CC:11:22:33,1,-61,5,RSSI Spike (2.7σ)
2026-02-11 05:56:32,Ma_B0x_Maison,FF:EE:DD:44:55:66,1,-63,2,RSSI Spike (2.7σ)
2026-02-11 05:56:32,Ma_Box_Maison,FF:FF:FF:EE:EE:EE,1,-30,5,Jitter/Timing Anomaly
2026-02-11 05:56:34,Ma_Box_Maison,AA:BB:CC:11:22:33,1,-65,5,RSSI Spike (2.7σ)
2026-02-11 05:56:34,Ma_B0x_Maison,FF:EE:DD:44:55:66,1,-68,2,RSSI Spike (2.7σ)
2026-02-11 05:56:34,Ma_Box_Maison,FF:FF:FF:EE:EE:EE,1,-30,5,Jitter/Timing Anomaly
2026-02-11 05:56:35,Ma_Box_Maison,AA:BB:CC:11:22:33,1,-64,5,RSSI Spike (2.7σ)
2026-02-11 05:56:35,Ma_B0x_Maison,FF:EE:DD:44:55:66,1,-70,2,RSSI Spike (2.7σ)
2026-02-11 05:56:35,Ma_Box_Maison,FF:FF:FF:EE:EE:EE,1,-30,5,Jitter/Timing Anomaly
2026-02-11 05:56:37,Ma_Box_Maison,AA:BB:CC:11:22:33,1,-57,5,RSSI Spike (2.7σ)
2026-02-11 05:56:37,Ma_B0x_Maison,FF:EE:DD:44:55:66,1,-62,2,RSSI Spike (2.7σ)
2026-02-11 05:56:37,Ma_Box_Maison,FF:FF:FF:EE:EE:EE,1,-30,5,Jitter/Timing Anomaly
2026-02-11 05:56:38,Ma_Box_Maison,AA:BB:CC:11:22:33,1,-60,5,RSSI Spike (2.7σ)
2026-02-11 05:56:38,Ma_B0x_Maison,FF:EE:DD:44:55:66,1,-65,2,RSSI Spike (2.7σ)
2026-02-11 05:56:38,Ma_Box_Maison,FF:FF:FF:EE:EE:EE,1,-30,5,Jitter/Timing Anomaly
2026-02-11 05:56:40,Ma_Box_Maison,AA:BB:CC:11:22:33,1,-59,5,RSSI Spike (2.7σ)
2026-02-11 05:56:40,Ma_B0x_Maison,FF:EE:DD:44:55:66,1,-61,2,RSSI Spike (2.7σ)
2026-02-11 05:56:40,Ma_Box_Maison,FF:FF:FF:EE:EE:EE,1,-30,5,Jitter/Timing Anomaly
2026-02-11 05:56:41,Ma_Box_Maison,AA:BB:CC:11:22:33,1,-62,5,RSSI Spike (2.7σ)
2026-02-11 05:56:41,Ma_B0x_Maison,FF:EE:DD:44:55:66,1,-62,2,RSSI Spike (2.7σ)
2026-02-11 05:56:41,Ma_Box_Maison,FF:FF:FF:EE:EE:EE,1,-30,5,Jitter/Timing Anomaly
2026-02-11 05:56:43,Ma_Box_Maison,AA:BB:CC:11:22:33,1,-61,5,RSSI Spike (2.7σ)
2026-02-11 05:56:43,Ma_B0x_Maison,FF:EE:DD:44:55:66,1,-64,2,RSSI Spike (2.7σ)
2026-02-11 05:56:43,Ma_Box_Maison,FF:FF:FF:EE:EE:EE,1,-30,5,Jitter/Timing Anomaly
2026-02-11 05:56:44,Ma_Box_Maison,AA:BB:CC:11:22:33,1,-62,5,RSSI Spike (2.7σ)
2026-02-11 05:56:44,Ma_B0x_Maison,FF:EE:DD:44:55:66,1,-61,2,RSSI Spike (2.7σ)
2026-02-11 05:56:44,Ma_Box_Maison,FF:FF:FF:EE:EE:EE,1,-30,5,Jitter/Timing Anomaly
2026-02-11 05:56:46,Ma_Box_Maison,AA:BB:CC:11:22:33,1,-56,5,RSSI Spike (2.7σ)
2026-02-11 05:56:46,Ma_B0x_Maison,FF:EE:DD:44:55:66,1,-70,2,RSSI Spike (2.7σ)
2026-02-11 05:56:46,Ma_Box_Maison,FF:FF:FF:EE:EE:EE,1,-30,5,Jitter/Timing Anomaly
2026-02-11 05:56:47,Ma_Box_Maison,AA:BB:CC:11:22:33,1,-63,5,RSSI Spike (2.7σ)
2026-02-11 05:56:47,Ma_B0x_Maison,FF:EE:DD:44:55:66,1,-60,2,RSSI Spike (2.7σ)
2026-02-11 05:56:47,Ma_Box_Maison,FF:FF:FF:EE:EE:EE,1,-30,5,Jitter/Timing Anomaly
2026-02-11 05:56:49,Ma_Box_Maison,AA:BB:CC:11:22:33,1,-59,5,RSSI Spike (2.7σ)
2026-02-11 05:56:49,Ma_B0x_Maison,FF:EE:DD:44:55:66,1,-69,2,RSSI Spike (2.7σ)
2026-02-11 05:56:49,Ma_Box_Maison,FF:FF:FF:EE:EE:EE,1,-30,5,Jitter/Timing Anomaly
2026-02-11 05:56:50,Ma_Box_Maison,AA:BB:CC:11:22:33,1,-63,5,RSSI Spike (2.7σ)
2026-02-11 05:56:50,Ma_B0x_Maison,FF:EE:DD:44:55:66,1,-62,2,RSSI Spike (2.7σ)
2026-02-11 05:56:50,Ma_Box_Maison,FF:FF:FF:EE:EE:EE,1,-30,5,Jitter/Timing Anomaly
2026-02-11 05:56:52,Ma_Box_Maison,AA:BB:CC:11:22:33,1,-60,5,RSSI Spike (2.7σ)
2026-02-11 05:56:52,Ma_B0x_Maison,FF:EE:DD:44:55:66,1,-63,2,RSSI Spike (2.7σ)
2026-02-11 05:56:52,Ma_Box_Maison,FF:FF:FF:EE:EE:EE,1,-30,5,Jitter/Timing Anomaly
2026-02-11 05:56:53,Ma_Box_Maison,AA:BB:CC:11:22:33,1,-61,5,RSSI Spike (2.7σ)
2026-02-11 05:56:53,Ma_B0x_Maison,FF:EE:DD:44:55:66,1,-64,2,RSSI Spike (2.7σ)
2026-02-11 05:56:53,Ma_Box_Maison,FF:FF:FF:EE:EE:EE,1,-30,5,Jitter/Timing Anomaly
2026-02-11 05:56:55,Ma_Box_Maison,AA:BB:CC:11:22:33,1,-59,5,RSSI Spike (2.7σ)
2026-02-11 05:56:55,Ma_B0x_Maison,FF:EE:DD:44:55:66,1,-65,2,RSSI Spike (2.7σ)
2026-02-11 05:56:55,Ma_Box_Maison,FF:FF:FF:EE:EE:EE,1,-30,5,Jitter/Timing Anomaly
2026-02-11 05:56:57,Ma_Box_Maison,AA:BB:CC:11:22:33,1,-61,5,RSSI Spike (2.7σ)
2026-02-11 05:56:57,Ma_B0x_Maison,FF:EE:DD:44:55:66,1,-61,2,RSSI Spike (2.7σ)
2026-02-11 05:56:57,Ma_Box_Maison,FF:FF:FF:EE:EE:EE,1,-30,5,Jitter/Timing Anomaly
2026-02-11 05:56:58,Ma_Box_Maison,AA:BB:CC:11:22:33,1,-58,5,RSSI Spike (2.7σ)
2026-02-11 05:56:58,Ma_B0x_Maison,FF:EE:DD:44:55:66,1,-70,2,RSSI Spike (2.7σ)
2026-02-11 05:56:58,Ma_Box_Maison,FF:FF:FF:EE:EE:EE,1,-30,5,Jitter/Timing Anomaly
2026-02-11 05:57:00,Ma_Box_Maison,AA:BB:CC:11:22:33,1,-61,5,RSSI Spike (2.7σ)
2026-02-11 05:57:00,Ma_B0x_Maison,FF:EE:DD:44:55:66,1,-64,2,RSSI Spike (2.7σ)
2026-02-11 05:57:00,Ma_Box_Maison,FF:FF:FF:EE:EE:EE,1,-30,5,Jitter/Timing Anomaly
2026-02-11 05:57:01,Ma_Box_Maison,AA:BB:CC:11:22:33,1,-63,5,RSSI Spike (2.7σ)
2026-02-11 05:57:01,Ma_B0x_Maison,FF:EE:DD:44:55:66,1,-67,2,RSSI Spike (2.7σ)
2026-02-11 05:57:01,Ma_Box_Maison,FF:FF:FF:EE:EE:EE,1,-30,5,Jitter/Timing Anomaly
2026-02-11 05:57:03,Ma_Box_Maison,AA:BB:CC:11:22:33,1,-65,5,RSSI Spike (2.7σ)
2026-02-11 05:57:03,Ma_B0x_Maison,FF:EE:DD:44:55:66,1,-67,2,RSSI Spike (2.7σ)
2026-02-11 05:57:03,Ma_Box_Maison,FF:FF:FF:EE:EE:EE,1,-30,5,Jitter/Timing Anomaly
2026-02-11 05:57:04,Ma_Box_Maison,AA:BB:CC:11:22:33,1,-55,5,RSSI Spike (2.7σ)
2026-02-11 05:57:04,Ma_B0x_Maison,FF:EE:DD:44:55:66,1,-68,2,RSSI Spike (2.7σ)
2026-02-11 05:57:04,Ma_Box_Maison,FF:FF:FF:EE:EE:EE,1,-30,5,Jitter/Timing Anomaly
2026-02-11 05:57:06,Ma_Box_Maison,AA:BB:CC:11:22:33,1,-61,5,RSSI Spike (2.7σ)
2026-02-11 05:57:06,Ma_B0x_Maison,FF:EE:DD:44:55:66,1,-70,2,RSSI Spike (2.7σ)
2026-02-11 05:57:06,Ma_Box_Maison,FF:FF:FF:EE:EE:EE,1,-30,5,Jitter/Timing Anomaly
2026-02-11 05:57:07,Ma_Box_Maison,AA:BB:CC:11:22:33,1,-59,5,RSSI Spike (2.7σ)
2026-02-11 05:57:07,Ma_B0x_Maison,FF:EE:DD:44:55:66,1,-62,2,RSSI Spike (2.7σ)
2026-02-11 05:57:07,Ma_Box_Maison,FF:FF:FF:EE:EE:EE,1,-30,5,Jitter/Timing Anomaly
2026-02-11 05:57:09,Ma_Box_Maison,AA:BB:CC:11:22:33,1,-62,5,RSSI Spike (2.7σ)
2026-02-11 05:57:09,Ma_B0x_Maison,FF:EE:DD:44:55:66,1,-68,2,RSSI Spike (2.7σ)
2026-02-11 05:57:09,Ma_Box_Maison,FF:FF:FF:EE:EE:EE,1,-30,5,Jitter/Timing Anomaly
2026-02-11 05:57:10,Ma_Box_Maison,AA:BB:CC:11:22:33,1,-56,5,RSSI Spike (2.7σ)
2026-02-11 05:57:10,Ma_B0x_Maison,FF:EE:DD:44:55:66,1,-61,2,RSSI Spike (2.7σ)
2026-02-11 05:57:10,Ma_Box_Maison,FF:FF:FF:EE:EE:EE,1,-30,5,Jitter/Timing Anomaly
2026-02-11 05:57:12,Ma_Box_Maison,AA:BB:CC:11:22:33,1,-60,5,RSSI Spike (2.7σ)
2026-02-11 05:57:12,Ma_B0x_Maison,FF:EE:DD:44:55:66,1,-62,2,RSSI Spike (2.7σ)
2026-02-11 05:57:12,Ma_Box_Maison,FF:FF:FF:EE:EE:EE,1,-30,5,Jitter/Timing Anomaly
2026-02-11 05:57:13,Ma_Box_Maison,AA:BB:CC:11:22:33,1,-58,5,RSSI Spike (2.7σ)
2026-02-11 05:57:13,Ma_B0x_Maison,FF:EE:DD:44:55:66,1,-70,2,RSSI Spike (2.7σ)
2026-02-11 05:57:13,Ma_Box_Maison,FF:FF:FF:EE:EE:EE,1,-30,5,Jitter/Timing Anomaly
2026-02-11 05:57:15,Ma_Box_Maison,AA:BB:CC:11:22:33,1,-65,5,RSSI Spike (2.7σ)
2026-02-11 05:57:15,Ma_B0x_Maison,FF:EE:DD:44:55:66,1,-68,2,RSSI Spike (2.7σ)
2026-02-11 05:57:15,Ma_Box_Maison,FF:FF:FF:EE:EE:EE,1,-30,5,Jitter/Timing Anomaly
2026-02-11 05:57:16,Ma_Box_Maison,AA:BB:CC:11:22:33,1,-61,5,RSSI Spike (2.7σ)
2026-02-11 05:57:16,Ma_B0x_Maison,FF:EE:DD:44:55:66,1,-62,2,RSSI Spike (2.7σ)
2026-02-11 05:57:16,Ma_Box_Maison,FF:FF:FF:EE:EE:EE,1,-30,5,Jitter/Timing Anomaly
2026-02-11 05:57:18,Ma_Box_Maison,AA:BB:CC:11:22:33,1,-56,5,RSSI Spike (2.7σ)
2026-02-11 05:57:18,Ma_B0x_Maison,FF:EE:DD:44:55:66,1,-62,2,RSSI Spike (2.7σ)
2026-02-11 05:57:18,Ma_Box_Maison,FF:FF:FF:EE:EE:EE,1,-30,5,Jitter/Timing Anomaly
2026-02-11 05:57:19,Ma_Box_Maison,AA:BB:CC:11:22:33,1,-63,5,RSSI Spike (2.7σ)
2026-02-11 05:57:19,Ma_B0x_Maison,FF:EE:DD:44:55:66,1,-70,2,RSSI Spike (2.7σ)
2026-02-11 05:57:19,Ma_Box_Maison,FF:FF:FF:EE:EE:EE,1,-30,5,Jitter/Timing Anomaly
2026-02-11 05:57:21,Ma_Box_Maison,AA:BB:CC:11:22:33,1,-57,5,RSSI Spike (2.7σ)
2026-02-11 05:57:21,Ma_B0x_Maison,FF:EE:DD:44:55:66,1,-69,2,RSSI Spike (2.7σ)
2026-02-11 05:57:21,Ma_Box_Maison,FF:FF:FF:EE:EE:EE,1,-30,5,Jitter/Timing Anomaly
2026-02-11 05:57:22,Ma_Box_Maison,AA:BB:CC:11:22:33,1,-65,5,RSSI Spike (2.7σ)
2026-02-11 05:57:22,Ma_B0x_Maison,FF:EE:DD:44:55:66,1,-68,2,RSSI Spike (2.7σ)
2026-02-11 05:57:22,Ma_Box_Maison,FF:FF:FF:EE:EE:EE,1,-30,5,Jitter/Timing Anomaly
2026-02-11 05:57:24,Ma_Box_Maison,AA:BB:CC:11:22:33,1,-60,5,RSSI Spike (2.7σ)
2026-02-11 05:57:24,Ma_B0x_Maison,FF:EE:DD:44:55:66,1,-66,2,RSSI Spike (2.7σ)
2026-02-11 05:57:24,Ma_Box_Maison,FF:FF:FF:EE:EE:EE,1,-30,5,Jitter/Timing Anomaly
2026-02-11 05:57:25,Ma_Box_Maison,AA:BB:CC:11:22:33,1,-56,5,RSSI Spike (2.7σ)
2026-02-11 05:57:25,Ma_B0x_Maison,FF:EE:DD:44:55:66,1,-60,2,RSSI Spike (2.7σ)
2026-02-11 05:57:25,Ma_Box_Maison,FF:FF:FF:EE:EE:EE,1,-30,5,Jitter/Timing Anomaly
2026-02-11 05:57:27,Ma_Box_Maison,AA:BB:CC:11:22:33,1,-63,5,RSSI Spike (2.7σ)
2026-02-11 05:57:27,Ma_B0x_Maison,FF:EE:DD:44:55:66,1,-61,2,RSSI Spike (2.7σ)
2026-02-11 05:57:27,Ma_Box_Maison,FF:FF:FF:EE:EE:EE,1,-30,5,Jitter/Timing Anomaly
2026-02-11 05:57:28,Ma_Box_Maison,AA:BB:CC:11:22:33,1,-55,5,RSSI Spike (2.7σ)
2026-02-11 05:57:28,Ma_B0x_Maison,FF:EE:DD:44:55:66,1,-68,2,RSSI Spike (2.7σ)
2026-02-11 05:57:28,Ma_Box_Maison,FF:FF:FF:EE:EE:EE,1,-30,5,Jitter/Timing Anomaly
2026-02-11 05:57:30,Ma_Box_Maison,AA:BB:CC:11:22:33,1,-64,5,RSSI Spike (2.7σ)
2026-02-11 05:57:30,Ma_B0x_Maison,FF:EE:DD:44:55:66,1,-65,2,RSSI Spike (2.7σ)
2026-02-11 05:57:30,Ma_Box_Maison,FF:FF:FF:EE:EE:EE,1,-30,5,Jitter/Timing Anomaly
2026-02-11 05:57:31,Ma_Box_Maison,AA:BB:CC:11:22:33,1,-57,5,RSSI Spike (2.7σ)
2026-02-11 05:57:31,Ma_B0x_Maison,FF:EE:DD:44:55:66,1,-69,2,RSSI Spike (2.7σ)
2026-02-11 05:57:31,Ma_Box_Maison,FF:FF:FF:EE:EE:EE,1,-30,5,Jitter/Timing Anomaly
2026-02-11 05:57:33,Ma_Box_Maison,AA:BB:CC:11:22:33,1,-60,5,RSSI Spike (2.7σ)
2026-02-11 05:57:33,Ma_B0x_Maison,FF:EE:DD:44:55:66,1,-63,2,RSSI Spike (2.7σ)
2026-02-11 05:57:33,Ma_Box_Maison,FF:FF:FF:EE:EE:EE,1,-30,5,Jitter/Timing Anomaly
2026-02-11 05:57:34,Ma_Box_Maison,AA:BB:CC:11:22:33,1,-60,5,RSSI Spike (2.7σ)
2026-02-11 05:57:34,Ma_B0x_Maison,FF:EE:DD:44:55:66,1,-65,2,RSSI Spike (2.7σ)
2026-02-11 05:57:34,Ma_Box_Maison,FF:FF:FF:EE:EE:EE,1,-30,5,Jitter/Timing Anomaly
2026-02-11 05:57:36,Ma_Box_Maison,AA:BB:CC:11:22:33,1,-62,5,RSSI Spike (2.7σ)
2026-02-11 05:57:36,Ma_B0x_Maison,FF:EE:DD:44:55:66,1,-65,2,RSSI Spike (2.7σ)
2026-02-11 05:57:36,Ma_Box_Maison,FF:FF:FF:EE:EE:EE,1,-30,5,Jitter/Timing Anomaly
2026-02-11 05:57:37,Ma_Box_Maison,AA:BB:CC:11:22:33,1,-65,5,RSSI Spike (2.7σ)
2026-02-11 05:57:37,Ma_B0x_Maison,FF:EE:DD:44:55:66,1,-61,2,RSSI Spike (2.7σ)
2026-02-11 05:57:37,Ma_Box_Maison,FF:FF:FF:EE:EE:EE,1,-30,5,Jitter/Timing Anomaly
2026-02-11 05:57:39,Ma_Box_Maison,AA:BB:CC:11:22:33,1,-62,5,RSSI Spike (2.7σ)
2026-02-11 05:57:39,Ma_B0x_Maison,FF:EE:DD:44:55:66,1,-69,2,RSSI Spike (2.7σ)
2026-02-11 05:57:39,Ma_Box_Maison,FF:FF:FF:EE:EE:EE,1,-30,5,Jitter/Timing Anomaly
2026-02-11 05:57:40,Ma_Box_Maison,AA:BB:CC:11:22:33,1,-62,5,RSSI Spike (2.7σ)
2026-02-11 05:57:40,Ma_B0x_Maison,FF:EE:DD:44:55:66,1,-64,2,RSSI Spike (2.7σ)
2026-02-11 05:57:40,Ma_Box_Maison,FF:FF:FF:EE:EE:EE,1,-30,5,Jitter/Timing Anomaly
2026-02-11 05:57:42,Ma_Box_Maison,AA:BB:CC:11:22:33,1,-65,5,RSSI Spike (2.7σ)
2026-02-11 05:57:42,Ma_B0x_Maison,FF:EE:DD:44:55:66,1,-70,2,RSSI Spike (2.7σ)
2026-02-11 05:57:42,Ma_Box_Maison,FF:FF:FF:EE:EE:EE,1,-30,5,Jitter/Timing Anomaly
2026-02-11 05:57:43,Ma_Box_Maison,AA:BB:CC:11:22:33,1,-56,5,RSSI Spike (2.7σ)
2026-02-11 05:57:43,Ma_B0x_Maison,FF:EE:DD:44:55:66,1,-70,2,RSSI Spike (2.7σ)
2026-02-11 05:57:43,Ma_Box_Maison,FF:FF:FF:EE:EE:EE,1,-30,5,Jitter/Timing Anomaly
2026-02-11 05:57:45,Ma_Box_Maison,AA:BB:CC:11:22:33,1,-60,5,RSSI Spike (2.7σ)
2026-02-11 05:57:45,Ma_B0x_Maison,FF:EE:DD:44:55:66,1,-70,2,RSSI Spike (2.7σ)
2026-02-11 05:57:45,Ma_Box_Maison,FF:FF:FF:EE:EE:EE,1,-30,5,Jitter/Timing Anomaly
2026-02-11 05:57:46,Ma_Box_Maison,AA:BB:CC:11:22:33,1,-57,5,RSSI Spike (2.7σ)
2026-02-11 05:57:46,Ma_B0x_Maison,FF:EE:DD:44:55:66,1,-68,2,RSSI Spike (2.7σ)
2026-02-11 05:57:46,Ma_Box_Maison,FF:FF:FF:EE:EE:EE,1,-30,5,Jitter/Timing Anomaly
2026-02-11 05:57:48,Ma_Box_Maison,AA:BB:CC:11:22:33,1,-57,5,RSSI Spike (2.7σ)
2026-02-11 05:57:48,Ma_B0x_Maison,FF:EE:DD:44:55:66,1,-66,2,RSSI Spike (2.7σ)
2026-02-11 05:57:48,Ma_Box_Maison,FF:FF:FF:EE:EE:EE,1,-30,5,Jitter/Timing Anomaly
2026-02-11 05:57:49,Ma_Box_Maison,AA:BB:CC:11:22:33,1,-56,5,RSSI Spike (2.7σ)
2026-02-11 05:57:49,Ma_B0x_Maison,FF:EE:DD:44:55:66,1,-70,2,RSSI Spike (2.7σ)
2026-02-11 05:57:49,Ma_Box_Maison,FF:FF:FF:EE:EE:EE,1,-30,5,Jitter/Timing Anomaly
2026-02-11 05:57:51,Ma_Box_Maison,AA:BB:CC:11:22:33,1,-61,5,RSSI Spike (2.7σ)
2026-02-11 05:57:51,Ma_B0x_Maison,FF:EE:DD:44:55:66,1,-60,2,RSSI Spike (2.7σ)
2026-02-11 05:57:51,Ma_Box_Maison,FF:FF:FF:EE:EE:EE,1,-30,5,Jitter/Timing Anomaly
2026-02-11 05:57:52,Ma_Box_Maison,AA:BB:CC:11:22:33,1,-60,5,RSSI Spike (2.7σ)
2026-02-11 05:57:52,Ma_B0x_Maison,FF:EE:DD:44:55:66,1,-67,2,RSSI Spike (2.7σ)
2026-02-11 05:57:52,Ma_Box_Maison,FF:FF:FF:EE:EE:EE,1,-30,5,Jitter/Timing Anomaly
2026-02-11 05:57:54,Ma_Box_Maison,AA:BB:CC:11:22:33,1,-65,5,RSSI Spike (2.7σ)
2026-02-11 05:57:54,Ma_B0x_Maison,FF:EE:DD:44:55:66,1,-62,2,RSSI Spike (2.7σ)
2026-02-11 05:57:54,Ma_Box_Maison,FF:FF:FF:EE:EE:EE,1,-30,5,Jitter/Timing Anomaly
2026-02-11 05:57:55,Ma_Box_Maison,AA:BB:CC:11:22:33,1,-60,5,RSSI Spike (2.7σ)
2026-02-11 05:57:55,Ma_B0x_Maison,FF:EE:DD:44:55:66,1,-68,2,RSSI Spike (2.7σ)
2026-02-11 05:57:55,Ma_Box_Maison,FF:FF:FF:EE:EE:EE,1,-30,5,Jitter/Timing Anomaly
2026-02-11 05:57:57,Ma_Box_Maison,AA:BB:CC:11:22:33,1,-65,5,RSSI Spike (2.7σ)
2026-02-11 05:57:57,Ma_B0x_Maison,FF:EE:DD:44:55:66,1,-65,2,RSSI Spike (2.7σ)
2026-02-11 05:57:57,Ma_Box_Maison,FF:FF:FF:EE:EE:EE,1,-30,5,Jitter/Timing Anomaly
2026-02-11 05:57:58,Ma_Box_Maison,AA:BB:CC:11:22:33,1,-61,5,RSSI Spike (2.7σ)
2026-02-11 05:57:58,Ma_B0x_Maison,FF:EE:DD:44:55:66,1,-60,2,RSSI Spike (2.7σ)
2026-02-11 05:57:58,Ma_Box_Maison,FF:FF:FF:EE:EE:EE,1,-30,5,Jitter/Timing Anomaly
2026-02-11 05:58:00,Ma_Box_Maison,AA:BB:CC:11:22:33,1,-64,5,RSSI Spike (2.7σ)
2026-02-11 05:58:00,Ma_B0x_Maison,FF:EE:DD:44:55:66,1,-64,2,RSSI Spike (2.7σ)
2026-02-11 05:58:00,Ma_Box_Maison,FF:FF:FF:EE:EE:EE,1,-30,5,Jitter/Timing Anomaly
2026-02-11 05:58:01,Ma_Box_Maison,AA:BB:CC:11:22:33,1,-64,5,RSSI Spike (2.7σ)
2026-02-11 05:58:01,Ma_B0x_Maison,FF:EE:DD:44:55:66,1,-66,2,RSSI Spike (2.7σ)
2026-02-11 05:58:01,Ma_Box_Maison,FF:FF:FF:EE:EE:EE,1,-30,5,Jitter/Timing Anomaly
2026-02-11 05:58:03,Ma_Box_Maison,AA:BB:CC:11:22:33,1,-59,5,RSSI Spike (2.7σ)
2026-02-11 05:58:03,Ma_B0x_Maison,FF:EE:DD:44:55:66,1,-69,2,RSSI Spike (2.7σ)
2026-02-11 05:58:03,Ma_Box_Maison,FF:FF:FF:EE:EE:EE,1,-30,5,Jitter/Timing Anomaly
2026-02-11 05:58:04,Ma_Box_Maison,AA:BB:CC:11:22:33,1,-56,5,RSSI Spike (2.7σ)
2026-02-11 05:58:04,Ma_B0x_Maison,FF:EE:DD:44:55:66,1,-60,2,RSSI Spike (2.7σ)
2026-02-11 05:58:04,Ma_Box_Maison,FF:FF:FF:EE:EE:EE,1,-30,5,Jitter/Timing Anomaly
2026-02-11 05:58:06,Ma_Box_Maison,AA:BB:CC:11:22:33,1,-63,5,RSSI Spike (2.7σ)
2026-02-11 05:58:06,Ma_B0x_Maison,FF:EE:DD:44:55:66,1,-63,2,RSSI Spike (2.7σ)
2026-02-11 05:58:06,Ma_Box_Maison,FF:FF:FF:EE:EE:EE,1,-30,5,Jitter/Timing Anomaly
2026-02-11 05:58:07,Ma_Box_Maison,AA:BB:CC:11:22:33,1,-57,5,RSSI Spike (2.7σ)
2026-02-11 05:58:07,Ma_B0x_Maison,FF:EE:DD:44:55:66,1,-66,2,RSSI Spike (2.7σ)
2026-02-11 05:58:07,Ma_Box_Maison,FF:FF:FF:EE:EE:EE,1,-30,5,Jitter/Timing Anomaly
2026-02-11 05:58:09,Ma_Box_Maison,AA:BB:CC:11:22:33,1,-58,5,RSSI Spike (2.7σ)
2026-02-11 05:58:09,Ma_B0x_Maison,FF:EE:DD:44:55:66,1,-69,2,RSSI Spike (2.7σ)
2026-02-11 05:58:09,Ma_Box_Maison,FF:FF:FF:EE:EE:EE,1,-30,5,Jitter/Timing Anomaly
2026-02-11 05:58:10,Ma_Box_Maison,AA:BB:CC:11:22:33,1,-60,5,RSSI Spike (2.7σ)
2026-02-11 05:58:10,Ma_B0x_Maison,FF:EE:DD:44:55:66,1,-66,2,RSSI Spike (2.7σ)
2026-02-11 05:58:10,Ma_Box_Maison,FF:FF:FF:EE:EE:EE,1,-30,5,Jitter/Timing Anomaly
2026-02-11 05:58:12,Ma_Box_Maison,AA:BB:CC:11:22:33,1,-65,5,RSSI Spike (2.7σ)
2026-02-11 05:58:12,Ma_B0x_Maison,FF:EE:DD:44:55:66,1,-64,2,RSSI Spike (2.7σ)
2026-02-11 05:58:12,Ma_Box_Maison,FF:FF:FF:EE:EE:EE,1,-30,5,Jitter/Timing Anomaly
2026-02-11 05:58:13,Ma_Box_Maison,AA:BB:CC:11:22:33,1,-62,5,RSSI Spike (2.7σ)
2026-02-11 05:58:13,Ma_B0x_Maison,FF:EE:DD:44:55:66,1,-64,2,RSSI Spike (2.7σ)
2026-02-11 05:58:13,Ma_Box_Maison,FF:FF:FF:EE:EE:EE,1,-30,5,Jitter/Timing Anomaly
2026-02-11 05:58:15,Ma_Box_Maison,AA:BB:CC:11:22:33,1,-56,5,RSSI Spike (2.7σ)
2026-02-11 05:58:15,Ma_B0x_Maison,FF:EE:DD:44:55:66,1,-63,2,RSSI Spike (2.7σ)
2026-02-11 05:58:15,Ma_Box_Maison,FF:FF:FF:EE:EE:EE,1,-30,5,Jitter/Timing Anomaly
2026-02-11 05:58:16,Ma_Box_Maison,AA:BB:CC:11:22:33,1,-60,5,RSSI Spike (2.7σ)
2026-02-11 05:58:16,Ma_B0x_Maison,FF:EE:DD:44:55:66,1,-63,2,RSSI Spike (2.7σ)
2026-02-11 05:58:16,Ma_Box_Maison,FF:FF:FF:EE:EE:EE,1,-30,5,Jitter/Timing Anomaly
2026-02-11 05:58:18,Ma_Box_Maison,AA:BB:CC:11:22:33,1,-60,5,RSSI Spike (2.7σ)
2026-02-11 05:58:18,Ma_B0x_Maison,FF:EE:DD:44:55:66,1,-62,2,RSSI Spike (2.7σ)
2026-02-11 05:58:18,Ma_Box_Maison,FF:FF:FF:EE:EE:EE,1,-30,5,Jitter/Timing Anomaly
2026-02-11 05:58:19,Ma_Box_Maison,AA:BB:CC:11:22:33,1,-58,5,RSSI Spike (2.7σ)
2026-02-11 05:58:19,Ma_B0x_Maison,FF:EE:DD:44:55:66,1,-67,2,RSSI Spike (2.7σ)
2026-02-11 05:58:19,Ma_Box_Maison,FF:FF:FF:EE:EE:EE,1,-30,5,Jitter/Timing Anomaly
2026-02-11 05:58:21,Ma_Box_Maison,AA:BB:CC:11:22:33,1,-62,5,RSSI Spike (2.7σ)
2026-02-11 05:58:21,Ma_B0x_Maison,FF:EE:DD:44:55:66,1,-61,2,RSSI Spike (2.7σ)
2026-02-11 05:58:21,Ma_Box_Maison,FF:FF:FF:EE:EE:EE,1,-30,5,Jitter/Timing Anomaly
2026-02-11 05:58:22,Ma_Box_Maison,AA:BB:CC:11:22:33,1,-63,5,RSSI Spike (2.7σ)
2026-02-11 05:58:22,Ma_B0x_Maison,FF:EE:DD:44:55:66,1,-66,2,RSSI Spike (2.7σ)
2026-02-11 05:58:22,Ma_Box_Maison,FF:FF:FF:EE:EE:EE,1,-30,5,Jitter/Timing Anomaly
2026-02-11 05:58:24,Ma_Box_Maison,AA:BB:CC:11:22:33,1,-65,5,RSSI Spike (2.7σ)
2026-02-11 05:58:24,Ma_B0x_Maison,FF:EE:DD:44:55:66,1,-63,2,RSSI Spike (2.7σ)
2026-02-11 05:58:24,Ma_Box_Maison,FF:FF:FF:EE:EE:EE,1,-30,5,Jitter/Timing Anomaly
2026-02-11 05:58:25,Ma_Box_Maison,AA:BB:CC:11:22:33,1,-61,5,RSSI Spike (2.7σ)
2026-02-11 05:58:25,Ma_B0x_Maison,FF:EE:DD:44:55:66,1,-67,2,RSSI Spike (2.7σ)
2026-02-11 05:58:25,Ma_Box_Maison,FF:FF:FF:EE:EE:EE,1,-30,5,Jitter/Timing Anomaly
2026-02-11 05:58:27,Ma_Box_Maison,AA:BB:CC:11:22:33,1,-56,5,RSSI Spike (2.7σ)
2026-02-11 05:58:27,Ma_B0x_Maison,FF:EE:DD:44:55:66,1,-63,2,RSSI Spike (2.7σ)
2026-02-11 05:58:27,Ma_Box_Maison,FF:FF:FF:EE:EE:EE,1,-30,5,Jitter/Timing Anomaly
2026-02-11 05:58:28,Ma_Box_Maison,AA:BB:CC:11:22:33,1,-56,5,RSSI Spike (2.7σ)
2026-02-11 05:58:28,Ma_B0x_Maison,FF:EE:DD:44:55:66,1,-65,2,RSSI Spike (2.7σ)
2026-02-11 05:58:28,Ma_Box_Maison,FF:FF:FF:EE:EE:EE,1,-30,5,Jitter/Timing Anomaly
2026-02-11 05:58:30,Ma_Box_Maison,AA:BB:CC:11:22:33,1,-63,5,RSSI Spike (2.7σ)
2026-02-11 05:58:30,Ma_B0x_Maison,FF:EE:DD:44:55:66,1,-66,2,RSSI Spike (2.7σ)
2026-02-11 05:58:30,Ma_Box_Maison,FF:FF:FF:EE:EE:EE,1,-30,5,Jitter/Timing Anomaly
2026-02-11 05:58:31,Ma_Box_Maison,AA:BB:CC:11:22:33,1,-60,5,RSSI Spike (2.7σ)
2026-02-11 05:58:31,Ma_B0x_Maison,FF:EE:DD:44:55:66,1,-61,2,RSSI Spike (2.7σ)
2026-02-11 05:58:31,Ma_Box_Maison,FF:FF:FF:EE:EE:EE,1,-30,5,Jitter/Timing Anomaly
2026-02-11 05:58:33,Ma_Box_Maison,AA:BB:CC:11:22:33,1,-58,5,RSSI Spike (2.7σ)
2026-02-11 05:58:33,Ma_B0x_Maison,FF:EE:DD:44:55:66,1,-70,2,RSSI Spike (2.7σ)
2026-02-11 05:58:33,Ma_Box_Maison,FF:FF:FF:EE:EE:EE,1,-30,5,Jitter/Timing Anomaly
2026-02-11 05:58:34,Ma_Box_Maison,AA:BB:CC:11:22:33,1,-64,5,RSSI Spike (2.7σ)
2026-02-11 05:58:34,Ma_B0x_Maison,FF:EE:DD:44:55:66,1,-66,2,RSSI Spike (2.7σ)
2026-02-11 05:58:34,Ma_Box_Maison,FF:FF:FF:EE:EE:EE,1,-30,5,Jitter/Timing Anomaly
2026-02-11 05:58:36,Ma_Box_Maison,AA:BB:CC:11:22:33,1,-63,5,RSSI Spike (2.7σ)
2026-02-11 05:58:36,Ma_B0x_Maison,FF:EE:DD:44:55:66,1,-69,2,RSSI Spike (2.7σ)
2026-02-11 05:58:36,Ma_Box_Maison,FF:FF:FF:EE:EE:EE,1,-30,5,Jitter/Timing Anomaly
2026-02-11 05:58:37,Ma_Box_Maison,AA:BB:CC:11:22:33,1,-62,5,RSSI Spike (2.7σ)
2026-02-11 05:58:37,Ma_B0x_Maison,FF:EE:DD:44:55:66,1,-62,2,RSSI Spike (2.7σ)
2026-02-11 05:58:37,Ma_Box_Maison,FF:FF:FF:EE:EE:EE,1,-30,5,Jitter/Timing Anomaly
2026-02-11 05:58:39,Ma_Box_Maison,AA:BB:CC:11:22:33,1,-55,5,RSSI Spike (2.7σ)
2026-02-11 05:58:39,Ma_B0x_Maison,FF:EE:DD:44:55:66,1,-65,2,RSSI Spike (2.7σ)
2026-02-11 05:58:39,Ma_Box_Maison,FF:FF:FF:EE:EE:EE,1,-30,5,Jitter/Timing Anomaly
2026-02-11 05:58:40,Ma_Box_Maison,AA:BB:CC:11:22:33,1,-60,5,RSSI Spike (2.7σ)
2026-02-11 05:58:40,Ma_B0x_Maison,FF:EE:DD:44:55:66,1,-63,2,RSSI Spike (2.7σ)
2026-02-11 05:58:40,Ma_Box_Maison,FF:FF:FF:EE:EE:EE,1,-30,5,Jitter/Timing Anomaly
2026-02-11 05:58:42,Ma_Box_Maison,AA:BB:CC:11:22:33,1,-57,5,RSSI Spike (2.7σ)
2026-02-11 05:58:42,Ma_B0x_Maison,FF:EE:DD:44:55:66,1,-63,2,RSSI Spike (2.7σ)
2026-02-11 05:58:42,Ma_Box_Maison,FF:FF:FF:EE:EE:EE,1,-30,5,Jitter/Timing Anomaly
2026-02-11 05:58:43,Ma_Box_Maison,AA:BB:CC:11:22:33,1,-59,5,RSSI Spike (2.7σ)
2026-02-11 05:58:43,Ma_B0x_Maison,FF:EE:DD:44:55:66,1,-64,2,RSSI Spike (2.7σ)
2026-02-11 05:58:43,Ma_Box_Maison,FF:FF:FF:EE:EE:EE,1,-30,5,Jitter/Timing Anomaly
2026-02-11 05:58:45,Ma_Box_Maison,AA:BB:CC:11:22:33,1,-60,5,RSSI Spike (2.7σ)
2026-02-11 05:58:45,Ma_B0x_Maison,FF:EE:DD:44:55:66,1,-69,2,RSSI Spike (2.7σ)
2026-02-11 05:58:45,Ma_Box_Maison,FF:FF:FF:EE:EE:EE,1,-30,5,Jitter/Timing Anomaly
2026-02-11 05:58:46,Ma_Box_Maison,AA:BB:CC:11:22:33,1,-60,5,RSSI Spike (2.7σ)
2026-02-11 05:58:46,Ma_B0x_Maison,FF:EE:DD:44:55:66,1,-64,2,RSSI Spike (2.7σ)
2026-02-11 05:58:46,Ma_Box_Maison,FF:FF:FF:EE:EE:EE,1,-30,5,Jitter/Timing Anomaly
2026-02-11 05:58:48,Ma_Box_Maison,AA:BB:CC:11:22:33,1,-55,5,RSSI Spike (2.7σ)
2026-02-11 05:58:48,Ma_B0x_Maison,FF:EE:DD:44:55:66,1,-65,2,RSSI Spike (2.7σ)
2026-02-11 05:58:48,Ma_Box_Maison,FF:FF:FF:EE:EE:EE,1,-30,5,Jitter/Timing Anomaly
2026-02-11 05:58:49,Ma_Box_Maison,AA:BB:CC:11:22:33,1,-61,5,RSSI Spike (2.7σ)
2026-02-11 05:58:49,Ma_B0x_Maison,FF:EE:DD:44:55:66,1,-70,2,RSSI Spike (2.7σ)
2026-02-11 05:58:49,Ma_Box_Maison,FF:FF:FF:EE:EE:EE,1,-30,5,Jitter/Timing Anomaly
2026-02-11 05:58:51,Ma_Box_Maison,AA:BB:CC:11:22:33,1,-56,5,RSSI Spike (2.7σ)
2026-02-11 05:58:51,Ma_B0x_Maison,FF:EE:DD:44:55:66,1,-70,2,RSSI Spike (2.7σ)
2026-02-11 05:58:51,Ma_Box_Maison,FF:FF:FF:EE:EE:EE,1,-30,5,Jitter/Timing Anomaly
2026-02-11 05:58:52,Ma_Box_Maison,AA:BB:CC:11:22:33,1,-62,5,RSSI Spike (2.7σ)
2026-02-11 05:58:52,Ma_B0x_Maison,FF:EE:DD:44:55:66,1,-67,2,RSSI Spike (2.7σ)
2026-02-11 05:58:52,Ma_Box_Maison,FF:FF:FF:EE:EE:EE,1,-30,5,Jitter/Timing Anomaly
2026-02-11 05:58:54,Ma_Box_Maison,AA:BB:CC:11:22:33,1,-59,5,RSSI Spike (2.7σ)
2026-02-11 05:58:54,Ma_B0x_Maison,FF:EE:DD:44:55:66,1,-64,2,RSSI Spike (2.7σ)
2026-02-11 05:58:54,Ma_Box_Maison,FF:FF:FF:EE:EE:EE,1,-30,5,Jitter/Timing Anomaly
2026-02-11 05:58:55,Ma_Box_Maison,AA:BB:CC:11:22:33,1,-65,5,RSSI Spike (2.7σ)
2026-02-11 05:58:55,Ma_B0x_Maison,FF:EE:DD:44:55:66,1,-70,2,RSSI Spike (2.7σ)
2026-02-11 05:58:55,Ma_Box_Maison,FF:FF:FF:EE:EE:EE,1,-30,5,Jitter/Timing Anomaly
2026-02-11 05:58:57,Ma_Box_Maison,AA:BB:CC:11:22:33,1,-58,5,RSSI Spike (2.7σ)
2026-02-11 05:58:57,Ma_B0x_Maison,FF:EE:DD:44:55:66,1,-60,2,RSSI Spike (2.7σ)
2026-02-11 05:58:57,Ma_Box_Maison,FF:FF:FF:EE:EE:EE,1,-30,5,Jitter/Timing Anomaly
2026-02-11 05:58:58,Ma_Box_Maison,AA:BB:CC:11:22:33,1,-55,5,RSSI Spike (2.7σ)
2026-02-11 05:58:58,Ma_B0x_Maison,FF:EE:DD:44:55:66,1,-63,2,RSSI Spike (2.7σ)
2026-02-11 05:58:58,Ma_Box_Maison,FF:FF:FF:EE:EE:EE,1,-30,5,Jitter/Timing Anomaly
2026-02-11 05:59:00,Ma_Box_Maison,AA:BB:CC:11:22:33,1,-61,5,RSSI Spike (2.7σ)
2026-02-11 05:59:00,Ma_B0x_Maison,FF:EE:DD:44:55:66,1,-64,2,RSSI Spike (2.7σ)
2026-02-11 05:59:00,Ma_Box_Maison,FF:FF:FF:EE:EE:EE,1,-30,5,Jitter/Timing Anomaly
2026-02-11 05:59:01,Ma_Box_Maison,AA:BB:CC:11:22:33,1,-55,5,RSSI Spike (2.7σ)
2026-02-11 05:59:01,Ma_B0x_Maison,FF:EE:DD:44:55:66,1,-69,2,RSSI Spike (2.7σ)
2026-02-11 05:59:01,Ma_Box_Maison,FF:FF:FF:EE:EE:EE,1,-30,5,Jitter/Timing Anomaly
2026-02-11 05:59:03,Ma_Box_Maison,AA:BB:CC:11:22:33,1,-65,5,RSSI Spike (2.7σ)
2026-02-11 05:59:03,Ma_B0x_Maison,FF:EE:DD:44:55:66,1,-64,2,RSSI Spike (2.7σ)
2026-02-11 05:59:03,Ma_Box_Maison,FF:FF:FF:EE:EE:EE,1,-30,5,Jitter/Timing Anomaly
2026-02-11 05:59:04,Ma_Box_Maison,AA:BB:CC:11:22:33,1,-62,5,RSSI Spike (2.7σ)
2026-02-11 05:59:04,Ma_B0x_Maison,FF:EE:DD:44:55:66,1,-62,2,RSSI Spike (2.7σ)
2026-02-11 05:59:04,Ma_Box_Maison,FF:FF:FF:EE:EE:EE,1,-30,5,Jitter/Timing Anomaly
2026-02-11 05:59:06,Ma_Box_Maison,AA:BB:CC:11:22:33,1,-62,5,RSSI Spike (2.7σ)
2026-02-11 05:59:06,Ma_B0x_Maison,FF:EE:DD:44:55:66,1,-68,2,RSSI Spike (2.7σ)
2026-02-11 05:59:06,Ma_Box_Maison,FF:FF:FF:EE:EE:EE,1,-30,5,Jitter/Timing Anomaly
2026-02-11 05:59:07,Ma_Box_Maison,AA:BB:CC:11:22:33,1,-61,5,RSSI Spike (2.7σ)
2026-02-11 05:59:07,Ma_B0x_Maison,FF:EE:DD:44:55:66,1,-70,2,RSSI Spike (2.7σ)
2026-02-11 05:59:07,Ma_Box_Maison,FF:FF:FF:EE:EE:EE,1,-30,5,Jitter/Timing Anomaly
2026-02-11 05:59:09,Ma_Box_Maison,AA:BB:CC:11:22:33,1,-55,5,RSSI Spike (2.7σ)
2026-02-11 05:59:09,Ma_B0x_Maison,FF:EE:DD:44:55:66,1,-67,2,RSSI Spike (2.7σ)
2026-02-11 05:59:09,Ma_Box_Maison,FF:FF:FF:EE:EE:EE,1,-30,5,Jitter/Timing Anomaly
2026-02-11 05:59:10,Ma_Box_Maison,AA:BB:CC:11:22:33,1,-63,5,RSSI Spike (2.7σ)
2026-02-11 05:59:10,Ma_B0x_Maison,FF:EE:DD:44:55:66,1,-68,2,RSSI Spike (2.7σ)
2026-02-11 05:59:10,Ma_Box_Maison,FF:FF:FF:EE:EE:EE,1,-30,5,Jitter/Timing Anomaly
2026-02-11 05:59:12,Ma_Box_Maison,AA:BB:CC:11:22:33,1,-56,5,RSSI Spike (2.7σ)
2026-02-11 05:59:12,Ma_B0x_Maison,FF:EE:DD:44:55:66,1,-64,2,RSSI Spike (2.7σ)
2026-02-11 05:59:12,Ma_Box_Maison,FF:FF:FF:EE:EE:EE,1,-30,5,Jitter/Timing Anomaly
2026-02-11 05:59:13,Ma_Box_Maison,AA:BB:CC:11:22:33,1,-55,5,RSSI Spike (2.7σ)
2026-02-11 05:59:13,Ma_B0x_Maison,FF:EE:DD:44:55:66,1,-68,2,RSSI Spike (2.7σ)
2026-02-11 05:59:13,Ma_Box_Maison,FF:FF:FF:EE:EE:EE,1,-30,5,Jitter/Timing Anomaly
2026-02-11 05:59:15,Ma_Box_Maison,AA:BB:CC:11:22:33,1,-61,5,RSSI Spike (2.7σ)
2026-02-11 05:59:15,Ma_B0x_Maison,FF:EE:DD:44:55:66,1,-70,2,RSSI Spike (2.7σ)
2026-02-11 05:59:15,Ma_Box_Maison,FF:FF:FF:EE:EE:EE,1,-30,5,Jitter/Timing Anomaly
2026-02-11 05:59:16,Ma_Box_Maison,AA:BB:CC:11:22:33,1,-65,5,RSSI Spike (2.7σ)
2026-02-11 05:59:16,Ma_B0x_Maison,FF:EE:DD:44:55:66,1,-60,2,RSSI Spike (2.6σ)
2026-02-11 05:59:16,Ma_Box_Maison,FF:FF:FF:EE:EE:EE,1,-30,5,Jitter/Timing Anomaly
2026-02-11 05:59:18,Ma_Box_Maison,AA:BB:CC:11:22:33,1,-60,5,RSSI Spike (2.7σ)
2026-02-11 05:59:18,Ma_B0x_Maison,FF:EE:DD:44:55:66,1,-69,2,RSSI Spike (2.6σ)
2026-02-11 05:59:18,Ma_Box_Maison,FF:FF:FF:EE:EE:EE,1,-30,5,Jitter/Timing Anomaly
2026-02-11 05:59:19,Ma_Box_Maison,AA:BB:CC:11:22:33,1,-63,5,RSSI Spike (2.7σ)
2026-02-11 05:59:19,Ma_B0x_Maison,FF:EE:DD:44:55:66,1,-63,2,RSSI Spike (2.6σ)
2026-02-11 05:59:19,Ma_Box_Maison,FF:FF:FF:EE:EE:EE,1,-30,5,Jitter/Timing Anomaly
2026-02-11 05:59:21,Ma_Box_Maison,AA:BB:CC:11:22:33,1,-59,5,RSSI Spike (2.7σ)
2026-02-11 05:59:21,Ma_B0x_Maison,FF:EE:DD:44:55:66,1,-60,2,RSSI Spike (2.6σ)
2026-02-11 05:59:21,Ma_Box_Maison,FF:FF:FF:EE:EE:EE,1,-30,5,Jitter/Timing Anomaly
2026-02-11 05:59:22,Ma_Box_Maison,AA:BB:CC:11:22:33,1,-63,5,RSSI Spike (2.7σ)
2026-02-11 05:59:22,Ma_B0x_Maison,FF:EE:DD:44:55:66,1,-70,2,RSSI Spike (2.6σ)
2026-02-11 05:59:22,Ma_Box_Maison,FF:FF:FF:EE:EE:EE,1,-30,5,Jitter/Timing Anomaly
2026-02-11 05:59:24,Ma_Box_Maison,AA:BB:CC:11:22:33,1,-62,5,RSSI Spike (2.7σ)
2026-02-11 05:59:24,Ma_B0x_Maison,FF:EE:DD:44:55:66,1,-62,2,RSSI Spike (2.6σ)
2026-02-11 05:59:24,Ma_Box_Maison,FF:FF:FF:EE:EE:EE,1,-30,5,Jitter/Timing Anomaly
2026-02-11 05:59:25,Ma_Box_Maison,AA:BB:CC:11:22:33,1,-62,5,RSSI Spike (2.7σ)
2026-02-11 05:59:25,Ma_B0x_Maison,FF:EE:DD:44:55:66,1,-66,2,RSSI Spike (2.6σ)
2026-02-11 05:59:25,Ma_Box_Maison,FF:FF:FF:EE:EE:EE,1,-30,5,Jitter/Timing Anomaly
2026-02-11 05:59:27,Ma_Box_Maison,AA:BB:CC:11:22:33,1,-59,5,RSSI Spike (2.7σ)
2026-02-11 05:59:27,Ma_B0x_Maison,FF:EE:DD:44:55:66,1,-61,2,RSSI Spike (2.6σ)
2026-02-11 05:59:27,Ma_Box_Maison,FF:FF:FF:EE:EE:EE,1,-30,5,Jitter/Timing Anomaly
2026-02-11 05:59:28,Ma_Box_Maison,AA:BB:CC:11:22:33,1,-58,5,RSSI Spike (2.7σ)
2026-02-11 05:59:28,Ma_B0x_Maison,FF:EE:DD:44:55:66,1,-60,2,RSSI Spike (2.6σ)
2026-02-11 05:59:28,Ma_Box_Maison,FF:FF:FF:EE:EE:EE,1,-30,5,Jitter/Timing Anomaly
2026-02-11 05:59:30,Ma_Box_Maison,AA:BB:CC:11:22:33,1,-59,5,RSSI Spike (2.7σ)
2026-02-11 05:59:30,Ma_B0x_Maison,FF:EE:DD:44:55:66,1,-70,2,RSSI Spike (2.6σ)
2026-02-11 05:59:30,Ma_Box_Maison,FF:FF:FF:EE:EE:EE,1,-30,5,Jitter/Timing Anomaly
2026-02-11 05:59:31,Ma_Box_Maison,AA:BB:CC:11:22:33,1,-60,5,RSSI Spike (2.7σ)
2026-02-11 05:59:31,Ma_B0x_Maison,FF:EE:DD:44:55:66,1,-60,2,RSSI Spike (2.6σ)
2026-02-11 05:59:31,Ma_Box_Maison,FF:FF:FF:EE:EE:EE,1,-30,5,Jitter/Timing Anomaly
2026-02-11 05:59:33,Ma_Box_Maison,AA:BB:CC:11:22:33,1,-55,5,RSSI Spike (2.7σ)
2026-02-11 05:59:33,Ma_B0x_Maison,FF:EE:DD:44:55:66,1,-62,2,RSSI Spike (2.6σ)
2026-02-11 05:59:33,Ma_Box_Maison,FF:FF:FF:EE:EE:EE,1,-30,5,Jitter/Timing Anomaly
2026-02-11 05:59:34,Ma_Box_Maison,AA:BB:CC:11:22:33,1,-63,5,RSSI Spike (2.7σ)
2026-02-11 05:59:34,Ma_B0x_Maison,FF:EE:DD:44:55:66,1,-67,2,RSSI Spike (2.6σ)
2026-02-11 05:59:34,Ma_Box_Maison,FF:FF:FF:EE:EE:EE,1,-30,5,Jitter/Timing Anomaly
2026-02-11 05:59:36,Ma_Box_Maison,AA:BB:CC:11:22:33,1,-60,5,RSSI Spike (2.7σ)
2026-02-11 05:59:36,Ma_B0x_Maison,FF:EE:DD:44:55:66,1,-63,2,RSSI Spike (2.6σ)
2026-02-11 05:59:36,Ma_Box_Maison,FF:FF:FF:EE:EE:EE,1,-30,5,Jitter/Timing Anomaly
2026-02-11 05:59:37,Ma_Box_Maison,AA:BB:CC:11:22:33,1,-57,5,RSSI Spike (2.7σ)
2026-02-11 05:59:37,Ma_B0x_Maison,FF:EE:DD:44:55:66,1,-62,2,RSSI Spike (2.6σ)
2026-02-11 05:59:37,Ma_Box_Maison,FF:FF:FF:EE:EE:EE,1,-30,5,Jitter/Timing Anomaly
2026-02-11 05:59:39,Ma_Box_Maison,AA:BB:CC:11:22:33,1,-56,5,RSSI Spike (2.7σ)
2026-02-11 05:59:39,Ma_B0x_Maison,FF:EE:DD:44:55:66,1,-60,2,RSSI Spike (2.6σ)
2026-02-11 05:59:39,Ma_Box_Maison,FF:FF:FF:EE:EE:EE,1,-30,5,Jitter/Timing Anomaly
2026-02-11 05:59:41,Ma_Box_Maison,AA:BB:CC:11:22:33,1,-55,5,RSSI Spike (2.7σ)
2026-02-11 05:59:41,Ma_B0x_Maison,FF:EE:DD:44:55:66,1,-62,2,RSSI Spike (2.6σ)
2026-02-11 05:59:41,Ma_Box_Maison,FF:FF:FF:EE:EE:EE,1,-30,5,Jitter/Timing Anomaly
2026-02-11 05:59:42,Ma_Box_Maison,AA:BB:CC:11:22:33,1,-59,5,RSSI Spike (2.7σ)
2026-02-11 05:59:42,Ma_B0x_Maison,FF:EE:DD:44:55:66,1,-61,2,RSSI Spike (2.6σ)
2026-02-11 05:59:42,Ma_Box_Maison,FF:FF:FF:EE:EE:EE,1,-30,5,Jitter/Timing Anomaly
2026-02-11 05:59:44,Ma_Box_Maison,AA:BB:CC:11:22:33,1,-60,5,RSSI Spike (2.7σ)
2026-02-11 05:59:44,Ma_B0x_Maison,FF:EE:DD:44:55:66,1,-67,2,RSSI Spike (2.6σ)
2026-02-11 05:59:44,Ma_Box_Maison,FF:FF:FF:EE:EE:EE,1,-30,5,Jitter/Timing Anomaly
2026-02-11 05:59:45,Ma_Box_Maison,AA:BB:CC:11:22:33,1,-58,5,RSSI Spike (2.7σ)
2026-02-11 05:59:45,Ma_B0x_Maison,FF:EE:DD:44:55:66,1,-68,2,RSSI Spike (2.6σ)
2026-02-11 05:59:45,Ma_Box_Maison,FF:FF:FF:EE:EE:EE,1,-30,5,Jitter/Timing Anomaly
2026-02-11 05:59:47,Ma_Box_Maison,AA:BB:CC:11:22:33,1,-62,5,RSSI Spike (2.7σ)
2026-02-11 05:59:47,Ma_B0x_Maison,FF:EE:DD:44:55:66,1,-70,2,RSSI Spike (2.6σ)
2026-02-11 05:59:47,Ma_Box_Maison,FF:FF:FF:EE:EE:EE,1,-30,5,Jitter/Timing Anomaly
2026-02-11 05:59:48,Ma_Box_Maison,AA:BB:CC:11:22:33,1,-64,5,RSSI Spike (2.7σ)
2026-02-11 05:59:48,Ma_B0x_Maison,FF:EE:DD:44:55:66,1,-67,2,RSSI Spike (2.6σ)
2026-02-11 05:59:48,Ma_Box_Maison,FF:FF:FF:EE:EE:EE,1,-30,5,Jitter/Timing Anomaly
2026-02-11 05:59:50,Ma_Box_Maison,AA:BB:CC:11:22:33,1,-60,5,RSSI Spike (2.7σ)
2026-02-11 05:59:50,Ma_B0x_Maison,FF:EE:DD:44:55:66,1,-64,2,RSSI Spike (2.6σ)
2026-02-11 05:59:50,Ma_Box_Maison,FF:FF:FF:EE:EE:EE,1,-30,5,Jitter/Timing Anomaly
2026-02-11 05:59:51,Ma_Box_Maison,AA:BB:CC:11:22:33,1,-57,5,RSSI Spike (2.7σ)
2026-02-11 05:59:51,Ma_B0x_Maison,FF:EE:DD:44:55:66,1,-70,2,RSSI Spike (2.6σ)
2026-02-11 05:59:51,Ma_Box_Maison,FF:FF:FF:EE:EE:EE,1,-30,5,Jitter/Timing Anomaly
2026-02-11 05:59:53,Ma_Box_Maison,AA:BB:CC:11:22:33,1,-59,5,RSSI Spike (2.7σ)
2026-02-11 05:59:53,Ma_B0x_Maison,FF:EE:DD:44:55:66,1,-70,2,RSSI Spike (2.6σ)
2026-02-11 05:59:53,Ma_Box_Maison,FF:FF:FF:EE:EE:EE,1,-30,5,Jitter/Timing Anomaly
2026-02-11 05:59:54,Ma_Box_Maison,AA:BB:CC:11:22:33,1,-57,5,RSSI Spike (2.7σ)
2026-02-11 05:59:54,Ma_B0x_Maison,FF:EE:DD:44:55:66,1,-62,2,RSSI Spike (2.6σ)
2026-02-11 05:59:54,Ma_Box_Maison,FF:FF:FF:EE:EE:EE,1,-30,5,Jitter/Timing Anomaly
2026-02-11 05:59:56,Ma_Box_Maison,AA:BB:CC:11:22:33,1,-59,5,RSSI Spike (2.7σ)
2026-02-11 05:59:56,Ma_B0x_Maison,FF:EE:DD:44:55:66,1,-66,2,RSSI Spike (2.6σ)
2026-02-11 05:59:56,Ma_Box_Maison,FF:FF:FF:EE:EE:EE,1,-30,5,Jitter/Timing Anomaly
2026-02-11 05:59:57,Ma_Box_Maison,AA:BB:CC:11:22:33,1,-65,5,RSSI Spike (2.7σ)
2026-02-11 05:59:57,Ma_B0x_Maison,FF:EE:DD:44:55:66,1,-69,2,RSSI Spike (2.6σ)
2026-02-11 05:59:57,Ma_Box_Maison,FF:FF:FF:EE:EE:EE,1,-30,5,Jitter/Timing Anomaly
2026-02-11 05:59:59,Ma_Box_Maison,AA:BB:CC:11:22:33,1,-59,5,RSSI Spike (2.7σ)
2026-02-11 05:59:59,Ma_B0x_Maison,FF:EE:DD:44:55:66,1,-61,2,RSSI Spike (2.6σ)
2026-02-11 05:59:59,Ma_Box_Maison,FF:FF:FF:EE:EE:EE,1,-30,5,Jitter/Timing Anomaly
2026-02-11 06:00:00,Ma_Box_Maison,AA:BB:CC:11:22:33,1,-59,5,RSSI Spike (2.7σ)
2026-02-11 06:00:00,Ma_B0x_Maison,FF:EE:DD:44:55:66,1,-62,2,RSSI Spike (2.6σ)
2026-02-11 06:00:00,Ma_Box_Maison,FF:FF:FF:EE:EE:EE,1,-30,5,Jitter/Timing Anomaly
2026-02-11 06:00:02,Ma_Box_Maison,AA:BB:CC:11:22:33,1,-57,5,RSSI Spike (2.7σ)
2026-02-11 06:00:02,Ma_B0x_Maison,FF:EE:DD:44:55:66,1,-65,2,RSSI Spike (2.6σ)
2026-02-11 06:00:02,Ma_Box_Maison,FF:FF:FF:EE:EE:EE,1,-30,5,Jitter/Timing Anomaly
2026-02-11 06:00:03,Ma_Box_Maison,AA:BB:CC:11:22:33,1,-64,5,RSSI Spike (2.7σ)
2026-02-11 06:00:03,Ma_B0x_Maison,FF:EE:DD:44:55:66,1,-66,2,RSSI Spike (2.6σ)
2026-02-11 06:00:03,Ma_Box_Maison,FF:FF:FF:EE:EE:EE,1,-30,5,Jitter/Timing Anomaly
2026-02-11 06:00:05,Ma_Box_Maison,AA:BB:CC:11:22:33,1,-63,5,RSSI Spike (2.7σ)
2026-02-11 06:00:05,Ma_B0x_Maison,FF:EE:DD:44:55:66,1,-67,2,RSSI Spike (2.6σ)
2026-02-11 06:00:05,Ma_Box_Maison,FF:FF:FF:EE:EE:EE,1,-30,5,Jitter/Timing Anomaly
2026-02-11 06:00:06,Ma_Box_Maison,AA:BB:CC:11:22:33,1,-65,5,RSSI Spike (2.7σ)
2026-02-11 06:00:06,Ma_B0x_Maison,FF:EE:DD:44:55:66,1,-62,2,RSSI Spike (2.6σ)
2026-02-11 06:00:06,Ma_Box_Maison,FF:FF:FF:EE:EE:EE,1,-30,5,Jitter/Timing Anomaly
2026-02-11 06:00:08,Ma_Box_Maison,AA:BB:CC:11:22:33,1,-65,5,RSSI Spike (2.7σ)
2026-02-11 06:00:08,Ma_B0x_Maison,FF:EE:DD:44:55:66,1,-68,2,RSSI Spike (2.6σ)
2026-02-11 06:00:08,Ma_Box_Maison,FF:FF:FF:EE:EE:EE,1,-30,5,Jitter/Timing Anomaly
2026-02-11 06:00:09,Ma_Box_Maison,AA:BB:CC:11:22:33,1,-55,5,RSSI Spike (2.7σ)
2026-02-11 06:00:09,Ma_B0x_Maison,FF:EE:DD:44:55:66,1,-67,2,RSSI Spike (2.6σ)
2026-02-11 06:00:09,Ma_Box_Maison,FF:FF:FF:EE:EE:EE,1,-30,5,Jitter/Timing Anomaly
2026-02-11 06:00:11,Ma_Box_Maison,AA:BB:CC:11:22:33,1,-58,5,RSSI Spike (2.7σ)
2026-02-11 06:00:11,Ma_B0x_Maison,FF:EE:DD:44:55:66,1,-67,2,RSSI Spike (2.6σ)
2026-02-11 06:00:11,Ma_Box_Maison,FF:FF:FF:EE:EE:EE,1,-30,5,Jitter/Timing Anomaly
2026-02-11 06:00:12,Ma_Box_Maison,AA:BB:CC:11:22:33,1,-61,5,RSSI Spike (2.7σ)
2026-02-11 06:00:12,Ma_B0x_Maison,FF:EE:DD:44:55:66,1,-67,2,RSSI Spike (2.6σ)
2026-02-11 06:00:12,Ma_Box_Maison,FF:FF:FF:EE:EE:EE,1,-30,5,Jitter/Timing Anomaly
2026-02-11 06:00:14,Ma_Box_Maison,AA:BB:CC:11:22:33,1,-65,5,RSSI Spike (2.7σ)
2026-02-11 06:00:14,Ma_B0x_Maison,FF:EE:DD:44:55:66,1,-64,2,RSSI Spike (2.6σ)
2026-02-11 06:00:14,Ma_Box_Maison,FF:FF:FF:EE:EE:EE,1,-30,5,Jitter/Timing Anomaly
2026-02-11 06:00:15,Ma_Box_Maison,AA:BB:CC:11:22:33,1,-58,5,RSSI Spike (2.7σ)
2026-02-11 06:00:15,Ma_B0x_Maison,FF:EE:DD:44:55:66,1,-65,2,RSSI Spike (2.6σ)
2026-02-11 06:00:15,Ma_Box_Maison,FF:FF:FF:EE:EE:EE,1,-30,5,Jitter/Timing Anomaly
2026-02-11 06:00:17,Ma_Box_Maison,AA:BB:CC:11:22:33,1,-63,5,RSSI Spike (2.7σ)
2026-02-11 06:00:17,Ma_B0x_Maison,FF:EE:DD:44:55:66,1,-70,2,RSSI Spike (2.6σ)
2026-02-11 06:00:17,Ma_Box_Maison,FF:FF:FF:EE:EE:EE,1,-30,5,Jitter/Timing Anomaly
2026-02-11 06:00:18,Ma_Box_Maison,AA:BB:CC:11:22:33,1,-58,5,RSSI Spike (2.7σ)
2026-02-11 06:00:18,Ma_B0x_Maison,FF:EE:DD:44:55:66,1,-62,2,RSSI Spike (2.6σ)
2026-02-11 06:00:18,Ma_Box_Maison,FF:FF:FF:EE:EE:EE,1,-30,5,Jitter/Timing Anomaly
2026-02-11 06:00:20,Ma_Box_Maison,AA:BB:CC:11:22:33,1,-55,5,RSSI Spike (2.7σ)
2026-02-11 06:00:20,Ma_B0x_Maison,FF:EE:DD:44:55:66,1,-60,2,RSSI Spike (2.6σ)
2026-02-11 06:00:20,Ma_Box_Maison,FF:FF:FF:EE:EE:EE,1,-30,5,Jitter/Timing Anomaly
2026-02-11 06:00:21,Ma_Box_Maison,AA:BB:CC:11:22:33,1,-56,5,RSSI Spike (2.7σ)
2026-02-11 06:00:21,Ma_B0x_Maison,FF:EE:DD:44:55:66,1,-70,2,RSSI Spike (2.6σ)
2026-02-11 06:00:21,Ma_Box_Maison,FF:FF:FF:EE:EE:EE,1,-30,5,Jitter/Timing Anomaly
2026-02-11 06:00:23,Ma_Box_Maison,AA:BB:CC:11:22:33,1,-64,5,RSSI Spike (2.7σ)
2026-02-11 06:00:23,Ma_B0x_Maison,FF:EE:DD:44:55:66,1,-68,2,RSSI Spike (2.6σ)
2026-02-11 06:00:23,Ma_Box_Maison,FF:FF:FF:EE:EE:EE,1,-30,5,Jitter/Timing Anomaly
2026-02-11 06:00:24,Ma_Box_Maison,AA:BB:CC:11:22:33,1,-58,5,RSSI Spike (2.7σ)
2026-02-11 06:00:24,Ma_B0x_Maison,FF:EE:DD:44:55:66,1,-62,2,RSSI Spike (2.6σ)
2026-02-11 06:00:24,Ma_Box_Maison,FF:FF:FF:EE:EE:EE,1,-30,5,Jitter/Timing Anomaly
2026-02-11 06:00:26,Ma_Box_Maison,AA:BB:CC:11:22:33,1,-59,5,RSSI Spike (2.7σ)
2026-02-11 06:00:26,Ma_B0x_Maison,FF:EE:DD:44:55:66,1,-64,2,RSSI Spike (2.6σ)
2026-02-11 06:00:26,Ma_Box_Maison,FF:FF:FF:EE:EE:EE,1,-30,5,Jitter/Timing Anomaly
2026-02-11 06:00:27,Ma_Box_Maison,AA:BB:CC:11:22:33,1,-55,5,RSSI Spike (2.7σ)
2026-02-11 06:00:27,Ma_B0x_Maison,FF:EE:DD:44:55:66,1,-62,2,RSSI Spike (2.6σ)
2026-02-11 06:00:27,Ma_Box_Maison,FF:FF:FF:EE:EE:EE,1,-30,5,Jitter/Timing Anomaly
2026-02-11 06:00:29,Ma_Box_Maison,AA:BB:CC:11:22:33,1,-61,5,RSSI Spike (2.7σ)
2026-02-11 06:00:29,Ma_B0x_Maison,FF:EE:DD:44:55:66,1,-70,2,RSSI Spike (2.6σ)
2026-02-11 06:00:29,Ma_Box_Maison,FF:FF:FF:EE:EE:EE,1,-30,5,Jitter/Timing Anomaly
2026-02-11 06:00:30,Ma_Box_Maison,AA:BB:CC:11:22:33,1,-58,5,RSSI Spike (2.7σ)
2026-02-11 06:00:30,Ma_B0x_Maison,FF:EE:DD:44:55:66,1,-67,2,RSSI Spike (2.6σ)
2026-02-11 06:00:30,Ma_Box_Maison,FF:FF:FF:EE:EE:EE,1,-30,5,Jitter/Timing Anomaly
2026-02-11 06:00:32,Ma_Box_Maison,AA:BB:CC:11:22:33,1,-60,5,RSSI Spike (2.7σ)
2026-02-11 06:00:32,Ma_B0x_Maison,FF:EE:DD:44:55:66,1,-66,2,RSSI Spike (2.6σ)
2026-02-11 06:00:32,Ma_Box_Maison,FF:FF:FF:EE:EE:EE,1,-30,5,Jitter/Timing Anomaly
2026-02-11 06:00:33,Ma_Box_Maison,AA:BB:CC:11:22:33,1,-56,5,RSSI Spike (2.7σ)
2026-02-11 06:00:33,Ma_B0x_Maison,FF:EE:DD:44:55:66,1,-68,2,RSSI Spike (2.6σ)
2026-02-11 06:00:33,Ma_Box_Maison,FF:FF:FF:EE:EE:EE,1,-30,5,Jitter/Timing Anomaly
2026-02-11 06:00:35,Ma_Box_Maison,AA:BB:CC:11:22:33,1,-60,5,RSSI Spike (2.7σ)
2026-02-11 06:00:35,Ma_B0x_Maison,FF:EE:DD:44:55:66,1,-64,2,RSSI Spike (2.6σ)
2026-02-11 06:00:35,Ma_Box_Maison,FF:FF:FF:EE:EE:EE,1,-30,5,Jitter/Timing Anomaly
2026-02-11 06:00:36,Ma_Box_Maison,AA:BB:CC:11:22:33,1,-57,5,RSSI Spike (2.7σ)
2026-02-11 06:00:36,Ma_B0x_Maison,FF:EE:DD:44:55:66,1,-61,2,RSSI Spike (2.6σ)
2026-02-11 06:00:36,Ma_Box_Maison,FF:FF:FF:EE:EE:EE,1,-30,5,Jitter/Timing Anomaly
2026-02-11 06:00:38,Ma_Box_Maison,AA:BB:CC:11:22:33,1,-58,5,RSSI Spike (2.7σ)
2026-02-11 06:00:38,Ma_B0x_Maison,FF:EE:DD:44:55:66,1,-63,2,RSSI Spike (2.6σ)
2026-02-11 06:00:38,Ma_Box_Maison,FF:FF:FF:EE:EE:EE,1,-30,5,Jitter/Timing Anomaly
2026-02-11 06:00:39,Ma_Box_Maison,AA:BB:CC:11:22:33,1,-55,5,RSSI Spike (2.7σ)
2026-02-11 06:00:39,Ma_B0x_Maison,FF:EE:DD:44:55:66,1,-60,2,RSSI Spike (2.6σ)
2026-02-11 06:00:39,Ma_Box_Maison,FF:FF:FF:EE:EE:EE,1,-30,5,Jitter/Timing Anomaly
2026-02-11 06:00:41,Ma_Box_Maison,AA:BB:CC:11:22:33,1,-65,5,RSSI Spike (2.7σ)
2026-02-11 06:00:41,Ma_B0x_Maison,FF:EE:DD:44:55:66,1,-68,2,RSSI Spike (2.6σ)
2026-02-11 06:00:41,Ma_Box_Maison,FF:FF:FF:EE:EE:EE,1,-30,5,Jitter/Timing Anomaly
2026-02-11 06:00:42,Ma_Box_Maison,AA:BB:CC:11:22:33,1,-55,5,RSSI Spike (2.7σ)
2026-02-11 06:00:42,Ma_B0x_Maison,FF:EE:DD:44:55:66,1,-66,2,RSSI Spike (2.6σ)
2026-02-11 06:00:42,Ma_Box_Maison,FF:FF:FF:EE:EE:EE,1,-30,5,Jitter/Timing Anomaly
2026-02-11 06:00:44,Ma_Box_Maison,AA:BB:CC:11:22:33,1,-65,5,RSSI Spike (2.7σ)
2026-02-11 06:00:44,Ma_B0x_Maison,FF:EE:DD:44:55:66,1,-66,2,RSSI Spike (2.6σ)
2026-02-11 06:00:44,Ma_Box_Maison,FF:FF:FF:EE:EE:EE,1,-30,5,Jitter/Timing Anomaly
2026-02-11 06:00:45,Ma_Box_Maison,AA:BB:CC:11:22:33,1,-56,5,RSSI Spike (2.7σ)
2026-02-11 06:00:45,Ma_B0x_Maison,FF:EE:DD:44:55:66,1,-61,2,RSSI Spike (2.6σ)
2026-02-11 06:00:45,Ma_Box_Maison,FF:FF:FF:EE:EE:EE,1,-30,5,Jitter/Timing Anomaly
2026-02-11 06:00:47,Ma_Box_Maison,AA:BB:CC:11:22:33,1,-64,5,RSSI Spike (2.7σ)
2026-02-11 06:00:47,Ma_B0x_Maison,FF:EE:DD:44:55:66,1,-70,2,RSSI Spike (2.6σ)
2026-02-11 06:00:47,Ma_Box_Maison,FF:FF:FF:EE:EE:EE,1,-30,5,Jitter/Timing Anomaly
2026-02-11 06:00:48,Ma_Box_Maison,AA:BB:CC:11:22:33,1,-56,5,RSSI Spike (2.7σ)
2026-02-11 06:00:48,Ma_B0x_Maison,FF:EE:DD:44:55:66,1,-68,2,RSSI Spike (2.6σ)
2026-02-11 06:00:48,Ma_Box_Maison,FF:FF:FF:EE:EE:EE,1,-30,5,Jitter/Timing Anomaly
2026-02-11 06:00:50,Ma_Box_Maison,AA:BB:CC:11:22:33,1,-63,5,RSSI Spike (2.7σ)
2026-02-11 06:00:50,Ma_B0x_Maison,FF:EE:DD:44:55:66,1,-62,2,RSSI Spike (2.6σ)
2026-02-11 06:00:50,Ma_Box_Maison,FF:FF:FF:EE:EE:EE,1,-30,5,Jitter/Timing Anomaly
2026-02-11 06:00:51,Ma_Box_Maison,AA:BB:CC:11:22:33,1,-56,5,RSSI Spike (2.7σ)
2026-02-11 06:00:51,Ma_B0x_Maison,FF:EE:DD:44:55:66,1,-68,2,RSSI Spike (2.6σ)
2026-02-11 06:00:51,Ma_Box_Maison,FF:FF:FF:EE:EE:EE,1,-30,5,Jitter/Timing Anomaly
2026-02-11 06:00:53,Ma_Box_Maison,AA:BB:CC:11:22:33,1,-57,5,RSSI Spike (2.7σ)
2026-02-11 06:00:53,Ma_B0x_Maison,FF:EE:DD:44:55:66,1,-70,2,RSSI Spike (2.6σ)
2026-02-11 06:00:53,Ma_Box_Maison,FF:FF:FF:EE:EE:EE,1,-30,5,Jitter/Timing Anomaly
2026-02-11 06:00:54,Ma_Box_Maison,AA:BB:CC:11:22:33,1,-62,5,RSSI Spike (2.7σ)
2026-02-11 06:00:54,Ma_B0x_Maison,FF:EE:DD:44:55:66,1,-70,2,RSSI Spike (2.6σ)
2026-02-11 06:00:54,Ma_Box_Maison,FF:FF:FF:EE:EE:EE,1,-30,5,Jitter/Timing Anomaly
2026-02-11 06:00:56,Ma_Box_Maison,AA:BB:CC:11:22:33,1,-55,5,RSSI Spike (2.7σ)
2026-02-11 06:00:56,Ma_B0x_Maison,FF:EE:DD:44:55:66,1,-68,2,RSSI Spike (2.6σ)
2026-02-11 06:00:56,Ma_Box_Maison,FF:FF:FF:EE:EE:EE,1,-30,5,Jitter/Timing Anomaly
2026-02-11 06:00:57,Ma_Box_Maison,AA:BB:CC:11:22:33,1,-56,5,RSSI Spike (2.7σ)
2026-02-11 06:00:57,Ma_B0x_Maison,FF:EE:DD:44:55:66,1,-60,2,RSSI Spike (2.6σ)
2026-02-11 06:00:57,Ma_Box_Maison,FF:FF:FF:EE:EE:EE,1,-30,5,Jitter/Timing Anomaly
2026-02-11 06:00:59,Ma_Box_Maison,AA:BB:CC:11:22:33,1,-55,5,RSSI Spike (2.7σ)
2026-02-11 06:00:59,Ma_B0x_Maison,FF:EE:DD:44:55:66,1,-60,2,RSSI Spike (2.6σ)
2026-02-11 06:00:59,Ma_Box_Maison,FF:FF:FF:EE:EE:EE,1,-30,5,Jitter/Timing Anomaly
2026-02-11 06:01:00,Ma_Box_Maison,AA:BB:CC:11:22:33,1,-55,5,RSSI Spike (2.7σ)
2026-02-11 06:01:00,Ma_B0x_Maison,FF:EE:DD:44:55:66,1,-67,2,RSSI Spike (2.6σ)
2026-02-11 06:01:00,Ma_Box_Maison,FF:FF:FF:EE:EE:EE,1,-30,5,Jitter/Timing Anomaly
2026-02-11 06:01:02,Ma_Box_Maison,AA:BB:CC:11:22:33,1,-63,5,RSSI Spike (2.7σ)
2026-02-11 06:01:02,Ma_B0x_Maison,FF:EE:DD:44:55:66,1,-61,2,RSSI Spike (2.6σ)
2026-02-11 06:01:02,Ma_Box_Maison,FF:FF:FF:EE:EE:EE,1,-30,5,Jitter/Timing Anomaly
2026-02-11 06:01:03,Ma_Box_Maison,AA:BB:CC:11:22:33,1,-65,5,RSSI Spike (2.7σ)
2026-02-11 06:01:03,Ma_B0x_Maison,FF:EE:DD:44:55:66,1,-64,2,RSSI Spike (2.6σ)
2026-02-11 06:01:03,Ma_Box_Maison,FF:FF:FF:EE:EE:EE,1,-30,5,Jitter/Timing Anomaly
2026-02-11 06:01:05,Ma_Box_Maison,AA:BB:CC:11:22:33,1,-65,5,RSSI Spike (2.7σ)
2026-02-11 06:01:05,Ma_B0x_Maison,FF:EE:DD:44:55:66,1,-67,2,RSSI Spike (2.6σ)
2026-02-11 06:01:05,Ma_Box_Maison,FF:FF:FF:EE:EE:EE,1,-30,5,Jitter/Timing Anomaly
2026-02-11 06:01:06,Ma_Box_Maison,AA:BB:CC:11:22:33,1,-58,5,RSSI Spike (2.7σ)
2026-02-11 06:01:06,Ma_B0x_Maison,FF:EE:DD:44:55:66,1,-67,2,RSSI Spike (2.6σ)
2026-02-11 06:01:06,Ma_Box_Maison,FF:FF:FF:EE:EE:EE,1,-30,5,Jitter/Timing Anomaly
2026-02-11 06:01:08,Ma_Box_Maison,AA:BB:CC:11:22:33,1,-62,5,RSSI Spike (2.7σ)
2026-02-11 06:01:08,Ma_B0x_Maison,FF:EE:DD:44:55:66,1,-63,2,RSSI Spike (2.6σ)
2026-02-11 06:01:08,Ma_Box_Maison,FF:FF:FF:EE:EE:EE,1,-30,5,Jitter/Timing Anomaly
2026-02-11 06:01:09,Ma_Box_Maison,AA:BB:CC:11:22:33,1,-65,5,RSSI Spike (2.7σ)
2026-02-11 06:01:09,Ma_B0x_Maison,FF:EE:DD:44:55:66,1,-65,2,RSSI Spike (2.6σ)
2026-02-11 06:01:09,Ma_Box_Maison,FF:FF:FF:EE:EE:EE,1,-30,5,Jitter/Timing Anomaly
2026-02-11 06:01:11,Ma_Box_Maison,AA:BB:CC:11:22:33,1,-56,5,RSSI Spike (2.7σ)
2026-02-11 06:01:11,Ma_B0x_Maison,FF:EE:DD:44:55:66,1,-62,2,RSSI Spike (2.6σ)
2026-02-11 06:01:11,Ma_Box_Maison,FF:FF:FF:EE:EE:EE,1,-30,5,Jitter/Timing Anomaly
2026-02-11 06:01:12,Ma_Box_Maison,AA:BB:CC:11:22:33,1,-57,5,RSSI Spike (2.7σ)
2026-02-11 06:01:12,Ma_B0x_Maison,FF:EE:DD:44:55:66,1,-61,2,RSSI Spike (2.6σ)
2026-02-11 06:01:12,Ma_Box_Maison,FF:FF:FF:EE:EE:EE,1,-30,5,Jitter/Timing Anomaly
2026-02-11 06:01:14,Ma_Box_Maison,AA:BB:CC:11:22:33,1,-59,5,RSSI Spike (2.7σ)
2026-02-11 06:01:14,Ma_B0x_Maison,FF:EE:DD:44:55:66,1,-61,2,RSSI Spike (2.6σ)
2026-02-11 06:01:14,Ma_Box_Maison,FF:FF:FF:EE:EE:EE,1,-30,5,Jitter/Timing Anomaly
2026-02-11 06:01:15,Ma_Box_Maison,AA:BB:CC:11:22:33,1,-59,5,RSSI Spike (2.7σ)
2026-02-11 06:01:15,Ma_B0x_Maison,FF:EE:DD:44:55:66,1,-67,2,RSSI Spike (2.6σ)
2026-02-11 06:01:15,Ma_Box_Maison,FF:FF:FF:EE:EE:EE,1,-30,5,Jitter/Timing Anomaly
2026-02-11 06:01:17,Ma_Box_Maison,AA:BB:CC:11:22:33,1,-62,5,RSSI Spike (2.7σ)
2026-02-11 06:01:17,Ma_B0x_Maison,FF:EE:DD:44:55:66,1,-70,2,RSSI Spike (2.6σ)
2026-02-11 06:01:17,Ma_Box_Maison,FF:FF:FF:EE:EE:EE,1,-30,5,Jitter/Timing Anomaly
2026-02-11 06:01:18,Ma_Box_Maison,AA:BB:CC:11:22:33,1,-55,5,RSSI Spike (2.7σ)
2026-02-11 06:01:18,Ma_B0x_Maison,FF:EE:DD:44:55:66,1,-69,2,RSSI Spike (2.6σ)
2026-02-11 06:01:18,Ma_Box_Maison,FF:FF:FF:EE:EE:EE,1,-30,5,Jitter/Timing Anomaly
2026-02-11 06:01:20,Ma_Box_Maison,AA:BB:CC:11:22:33,1,-56,5,RSSI Spike (2.7σ)
2026-02-11 06:01:20,Ma_B0x_Maison,FF:EE:DD:44:55:66,1,-64,2,RSSI Spike (2.6σ)
2026-02-11 06:01:20,Ma_Box_Maison,FF:FF:FF:EE:EE:EE,1,-30,5,Jitter/Timing Anomaly
2026-02-11 06:01:21,Ma_Box_Maison,AA:BB:CC:11:22:33,1,-61,5,RSSI Spike (2.7σ)
2026-02-11 06:01:21,Ma_B0x_Maison,FF:EE:DD:44:55:66,1,-70,2,RSSI Spike (2.6σ)
2026-02-11 06:01:21,Ma_Box_Maison,FF:FF:FF:EE:EE:EE,1,-30,5,Jitter/Timing Anomaly
2026-02-11 06:01:23,Ma_Box_Maison,AA:BB:CC:11:22:33,1,-55,5,RSSI Spike (2.7σ)
2026-02-11 06:01:23,Ma_B0x_Maison,FF:EE:DD:44:55:66,1,-68,2,RSSI Spike (2.6σ)
2026-02-11 06:01:23,Ma_Box_Maison,FF:FF:FF:EE:EE:EE,1,-30,5,Jitter/Timing Anomaly
2026-02-11 06:01:24,Ma_Box_Maison,AA:BB:CC:11:22:33,1,-59,5,RSSI Spike (2.7σ)
2026-02-11 06:01:24,Ma_B0x_Maison,FF:EE:DD:44:55:66,1,-69,2,RSSI Spike (2.6σ)
2026-02-11 06:01:24,Ma_Box_Maison,FF:FF:FF:EE:EE:EE,1,-30,5,Jitter/Timing Anomaly
2026-02-11 06:01:26,Ma_Box_Maison,AA:BB:CC:11:22:33,1,-65,5,RSSI Spike (2.7σ)
2026-02-11 06:01:26,Ma_B0x_Maison,FF:EE:DD:44:55:66,1,-66,2,RSSI Spike (2.6σ)
2026-02-11 06:01:26,Ma_Box_Maison,FF:FF:FF:EE:EE:EE,1,-30,5,Jitter/Timing Anomaly
2026-02-11 06:01:27,Ma_Box_Maison,AA:BB:CC:11:22:33,1,-64,5,RSSI Spike (2.7σ)
2026-02-11 06:01:27,Ma_B0x_Maison,FF:EE:DD:44:55:66,1,-60,2,RSSI Spike (2.6σ)
2026-02-11 06:01:27,Ma_Box_Maison,FF:FF:FF:EE:EE:EE,1,-30,5,Jitter/Timing Anomaly
2026-02-11 06:01:29,Ma_Box_Maison,AA:BB:CC:11:22:33,1,-61,5,RSSI Spike (2.7σ)
2026-02-11 06:01:29,Ma_B0x_Maison,FF:EE:DD:44:55:66,1,-62,2,RSSI Spike (2.6σ)
2026-02-11 06:01:29,Ma_Box_Maison,FF:FF:FF:EE:EE:EE,1,-30,5,Jitter/Timing Anomaly
2026-02-11 06:01:30,Ma_Box_Maison,AA:BB:CC:11:22:33,1,-62,5,RSSI Spike (2.7σ)
2026-02-11 06:01:30,Ma_B0x_Maison,FF:EE:DD:44:55:66,1,-68,2,RSSI Spike (2.6σ)
2026-02-11 06:01:30,Ma_Box_Maison,FF:FF:FF:EE:EE:EE,1,-30,5,Jitter/Timing Anomaly
2026-02-11 06:01:32,Ma_Box_Maison,AA:BB:CC:11:22:33,1,-65,5,RSSI Spike (2.7σ)
2026-02-11 06:01:32,Ma_B0x_Maison,FF:EE:DD:44:55:66,1,-65,2,RSSI Spike (2.6σ)
2026-02-11 06:01:32,Ma_Box_Maison,FF:FF:FF:EE:EE:EE,1,-30,5,Jitter/Timing Anomaly
2026-02-11 06:01:33,Ma_Box_Maison,AA:BB:CC:11:22:33,1,-62,5,RSSI Spike (2.7σ)
2026-02-11 06:01:33,Ma_B0x_Maison,FF:EE:DD:44:55:66,1,-63,2,RSSI Spike (2.6σ)
2026-02-11 06:01:33,Ma_Box_Maison,FF:FF:FF:EE:EE:EE,1,-30,5,Jitter/Timing Anomaly
2026-02-11 06:01:35,Ma_Box_Maison,AA:BB:CC:11:22:33,1,-56,5,RSSI Spike (2.7σ)
2026-02-11 06:01:35,Ma_B0x_Maison,FF:EE:DD:44:55:66,1,-69,2,RSSI Spike (2.6σ)
2026-02-11 06:01:35,Ma_Box_Maison,FF:FF:FF:EE:EE:EE,1,-30,5,Jitter/Timing Anomaly
2026-02-11 06:01:36,Ma_Box_Maison,AA:BB:CC:11:22:33,1,-62,5,RSSI Spike (2.7σ)
2026-02-11 06:01:36,Ma_B0x_Maison,FF:EE:DD:44:55:66,1,-69,2,RSSI Spike (2.6σ)
2026-02-11 06:01:36,Ma_Box_Maison,FF:FF:FF:EE:EE:EE,1,-30,5,Jitter/Timing Anomaly
2026-02-11 06:01:38,Ma_Box_Maison,AA:BB:CC:11:22:33,1,-62,5,RSSI Spike (2.7σ)
2026-02-11 06:01:38,Ma_B0x_Maison,FF:EE:DD:44:55:66,1,-65,2,RSSI Spike (2.6σ)
2026-02-11 06:01:38,Ma_Box_Maison,FF:FF:FF:EE:EE:EE,1,-30,5,Jitter/Timing Anomaly
2026-02-11 06:01:39,Ma_Box_Maison,AA:BB:CC:11:22:33,1,-57,5,RSSI Spike (2.7σ)
2026-02-11 06:01:39,Ma_B0x_Maison,FF:EE:DD:44:55:66,1,-60,2,RSSI Spike (2.6σ)
2026-02-11 06:01:39,Ma_Box_Maison,FF:FF:FF:EE:EE:EE,1,-30,5,Jitter/Timing Anomaly
2026-02-11 06:01:41,Ma_Box_Maison,AA:BB:CC:11:22:33,1,-57,5,RSSI Spike (2.7σ)
2026-02-11 06:01:41,Ma_B0x_Maison,FF:EE:DD:44:55:66,1,-65,2,RSSI Spike (2.6σ)
2026-02-11 06:01:41,Ma_Box_Maison,FF:FF:FF:EE:EE:EE,1,-30,5,Jitter/Timing Anomaly
2026-02-11 06:01:42,Ma_Box_Maison,AA:BB:CC:11:22:33,1,-65,5,RSSI Spike (2.7σ)
2026-02-11 06:01:42,Ma_B0x_Maison,FF:EE:DD:44:55:66,1,-65,2,RSSI Spike (2.6σ)
2026-02-11 06:01:42,Ma_Box_Maison,FF:FF:FF:EE:EE:EE,1,-30,5,Jitter/Timing Anomaly
2026-02-11 06:01:44,Ma_Box_Maison,AA:BB:CC:11:22:33,1,-64,5,RSSI Spike (2.7σ)
2026-02-11 06:01:44,Ma_B0x_Maison,FF:EE:DD:44:55:66,1,-69,2,RSSI Spike (2.6σ)
2026-02-11 06:01:44,Ma_Box_Maison,FF:FF:FF:EE:EE:EE,1,-30,5,Jitter/Timing Anomaly
2026-02-11 06:01:45,Ma_Box_Maison,AA:BB:CC:11:22:33,1,-58,5,RSSI Spike (2.7σ)
2026-02-11 06:01:45,Ma_B0x_Maison,FF:EE:DD:44:55:66,1,-69,2,RSSI Spike (2.6σ)
2026-02-11 06:01:45,Ma_Box_Maison,FF:FF:FF:EE:EE:EE,1,-30,5,Jitter/Timing Anomaly
2026-02-11 06:01:47,Ma_Box_Maison,AA:BB:CC:11:22:33,1,-63,5,RSSI Spike (2.7σ)
2026-02-11 06:01:47,Ma_B0x_Maison,FF:EE:DD:44:55:66,1,-61,2,RSSI Spike (2.6σ)
2026-02-11 06:01:47,Ma_Box_Maison,FF:FF:FF:EE:EE:EE,1,-30,5,Jitter/Timing Anomaly
2026-02-11 06:01:48,Ma_Box_Maison,AA:BB:CC:11:22:33,1,-65,5,RSSI Spike (2.7σ)
2026-02-11 06:01:48,Ma_B0x_Maison,FF:EE:DD:44:55:66,1,-68,2,RSSI Spike (2.6σ)
2026-02-11 06:01:48,Ma_Box_Maison,FF:FF:FF:EE:EE:EE,1,-30,5,Jitter/Timing Anomaly
2026-02-11 06:01:50,Ma_Box_Maison,AA:BB:CC:11:22:33,1,-59,5,RSSI Spike (2.7σ)
2026-02-11 06:01:50,Ma_B0x_Maison,FF:EE:DD:44:55:66,1,-70,2,RSSI Spike (2.6σ)
2026-02-11 06:01:50,Ma_Box_Maison,FF:FF:FF:EE:EE:EE,1,-30,5,Jitter/Timing Anomaly
2026-02-11 06:01:51,Ma_Box_Maison,AA:BB:CC:11:22:33,1,-60,5,RSSI Spike (2.7σ)
2026-02-11 06:01:51,Ma_B0x_Maison,FF:EE:DD:44:55:66,1,-60,2,RSSI Spike (2.6σ)
2026-02-11 06:01:51,Ma_Box_Maison,FF:FF:FF:EE:EE:EE,1,-30,5,Jitter/Timing Anomaly
2026-02-11 06:01:53,Ma_Box_Maison,AA:BB:CC:11:22:33,1,-62,5,RSSI Spike (2.7σ)
2026-02-11 06:01:53,Ma_B0x_Maison,FF:EE:DD:44:55:66,1,-60,2,RSSI Spike (2.6σ)
2026-02-11 06:01:53,Ma_Box_Maison,FF:FF:FF:EE:EE:EE,1,-30,5,Jitter/Timing Anomaly
2026-02-11 06:01:54,Ma_Box_Maison,AA:BB:CC:11:22:33,1,-57,5,RSSI Spike (2.7σ)
2026-02-11 06:01:54,Ma_B0x_Maison,FF:EE:DD:44:55:66,1,-61,2,RSSI Spike (2.6σ)
2026-02-11 06:01:54,Ma_Box_Maison,FF:FF:FF:EE:EE:EE,1,-30,5,Jitter/Timing Anomaly
2026-02-11 06:01:56,Ma_Box_Maison,AA:BB:CC:11:22:33,1,-60,5,RSSI Spike (2.7σ)
2026-02-11 06:01:56,Ma_B0x_Maison,FF:EE:DD:44:55:66,1,-62,2,RSSI Spike (2.6σ)
2026-02-11 06:01:56,Ma_Box_Maison,FF:FF:FF:EE:EE:EE,1,-30,5,Jitter/Timing Anomaly
2026-02-11 06:01:57,Ma_Box_Maison,AA:BB:CC:11:22:33,1,-65,5,RSSI Spike (2.7σ)
2026-02-11 06:01:57,Ma_B0x_Maison,FF:EE:DD:44:55:66,1,-70,2,RSSI Spike (2.6σ)
2026-02-11 06:01:57,Ma_Box_Maison,FF:FF:FF:EE:EE:EE,1,-30,5,Jitter/Timing Anomaly
2026-02-11 06:01:59,Ma_Box_Maison,AA:BB:CC:11:22:33,1,-59,5,RSSI Spike (2.7σ)
2026-02-11 06:01:59,Ma_B0x_Maison,FF:EE:DD:44:55:66,1,-63,2,RSSI Spike (2.6σ)
2026-02-11 06:01:59,Ma_Box_Maison,FF:FF:FF:EE:EE:EE,1,-30,5,Jitter/Timing Anomaly
2026-02-11 06:02:00,Ma_Box_Maison,AA:BB:CC:11:22:33,1,-58,5,RSSI Spike (2.7σ)
2026-02-11 06:02:00,Ma_B0x_Maison,FF:EE:DD:44:55:66,1,-67,2,RSSI Spike (2.6σ)
2026-02-11 06:02:00,Ma_Box_Maison,FF:FF:FF:EE:EE:EE,1,-30,5,Jitter/Timing Anomaly
2026-02-11 06:02:02,Ma_Box_Maison,AA:BB:CC:11:22:33,1,-65,5,RSSI Spike (2.7σ)
2026-02-11 06:02:02,Ma_B0x_Maison,FF:EE:DD:44:55:66,1,-62,2,RSSI Spike (2.6σ)
2026-02-11 06:02:02,Ma_Box_Maison,FF:FF:FF:EE:EE:EE,1,-30,5,Jitter/Timing Anomaly
2026-02-11 06:02:03,Ma_Box_Maison,AA:BB:CC:11:22:33,1,-55,5,RSSI Spike (2.7σ)
2026-02-11 06:02:03,Ma_B0x_Maison,FF:EE:DD:44:55:66,1,-60,2,RSSI Spike (2.6σ)
2026-02-11 06:02:03,Ma_Box_Maison,FF:FF:FF:EE:EE:EE,1,-30,5,Jitter/Timing Anomaly
2026-02-11 06:02:05,Ma_Box_Maison,AA:BB:CC:11:22:33,1,-56,5,RSSI Spike (2.7σ)
2026-02-11 06:02:05,Ma_B0x_Maison,FF:EE:DD:44:55:66,1,-68,2,RSSI Spike (2.6σ)
2026-02-11 06:02:05,Ma_Box_Maison,FF:FF:FF:EE:EE:EE,1,-30,5,Jitter/Timing Anomaly
2026-02-11 06:02:06,Ma_Box_Maison,AA:BB:CC:11:22:33,1,-61,5,RSSI Spike (2.7σ)
2026-02-11 06:02:06,Ma_B0x_Maison,FF:EE:DD:44:55:66,1,-65,2,RSSI Spike (2.6σ)
2026-02-11 06:02:06,Ma_Box_Maison,FF:FF:FF:EE:EE:EE,1,-30,5,Jitter/Timing Anomaly
2026-02-11 06:02:08,Ma_Box_Maison,AA:BB:CC:11:22:33,1,-60,5,RSSI Spike (2.7σ)
2026-02-11 06:02:08,Ma_B0x_Maison,FF:EE:DD:44:55:66,1,-62,2,RSSI Spike (2.6σ)
2026-02-11 06:02:08,Ma_Box_Maison,FF:FF:FF:EE:EE:EE,1,-30,5,Jitter/Timing Anomaly
2026-02-11 06:02:09,Ma_Box_Maison,AA:BB:CC:11:22:33,1,-62,5,RSSI Spike (2.7σ)
2026-02-11 06:02:09,Ma_B0x_Maison,FF:EE:DD:44:55:66,1,-63,2,RSSI Spike (2.6σ)
2026-02-11 06:02:09,Ma_Box_Maison,FF:FF:FF:EE:EE:EE,1,-30,5,Jitter/Timing Anomaly
2026-02-11 06:02:11,Ma_Box_Maison,AA:BB:CC:11:22:33,1,-59,5,RSSI Spike (2.7σ)
2026-02-11 06:02:11,Ma_B0x_Maison,FF:EE:DD:44:55:66,1,-62,2,RSSI Spike (2.6σ)
2026-02-11 06:02:11,Ma_Box_Maison,FF:FF:FF:EE:EE:EE,1,-30,5,Jitter/Timing Anomaly
2026-02-11 06:02:12,Ma_Box_Maison,AA:BB:CC:11:22:33,1,-55,5,RSSI Spike (2.7σ)
2026-02-11 06:02:12,Ma_B0x_Maison,FF:EE:DD:44:55:66,1,-68,2,RSSI Spike (2.6σ)
2026-02-11 06:02:12,Ma_Box_Maison,FF:FF:FF:EE:EE:EE,1,-30,5,Jitter/Timing Anomaly
2026-02-11 06:02:14,Ma_Box_Maison,AA:BB:CC:11:22:33,1,-64,5,RSSI Spike (2.7σ)
2026-02-11 06:02:14,Ma_B0x_Maison,FF:EE:DD:44:55:66,1,-67,2,RSSI Spike (2.6σ)
2026-02-11 06:02:14,Ma_Box_Maison,FF:FF:FF:EE:EE:EE,1,-30,5,Jitter/Timing Anomaly
2026-02-11 06:02:15,Ma_Box_Maison,AA:BB:CC:11:22:33,1,-58,5,RSSI Spike (2.7σ)
2026-02-11 06:02:15,Ma_B0x_Maison,FF:EE:DD:44:55:66,1,-62,2,RSSI Spike (2.6σ)
2026-02-11 06:02:15,Ma_Box_Maison,FF:FF:FF:EE:EE:EE,1,-30,5,Jitter/Timing Anomaly
2026-02-11 06:02:17,Ma_Box_Maison,AA:BB:CC:11:22:33,1,-65,5,RSSI Spike (2.7σ)
2026-02-11 06:02:17,Ma_B0x_Maison,FF:EE:DD:44:55:66,1,-66,2,RSSI Spike (2.6σ)
2026-02-11 06:02:17,Ma_Box_Maison,FF:FF:FF:EE:EE:EE,1,-30,5,Jitter/Timing Anomaly
2026-02-11 06:02:18,Ma_Box_Maison,AA:BB:CC:11:22:33,1,-62,5,RSSI Spike (2.7σ)
2026-02-11 06:02:18,Ma_B0x_Maison,FF:EE:DD:44:55:66,1,-68,2,RSSI Spike (2.6σ)
2026-02-11 06:02:18,Ma_Box_Maison,FF:FF:FF:EE:EE:EE,1,-30,5,Jitter/Timing Anomaly
2026-02-11 06:02:20,Ma_Box_Maison,AA:BB:CC:11:22:33,1,-62,5,RSSI Spike (2.7σ)
2026-02-11 06:02:20,Ma_B0x_Maison,FF:EE:DD:44:55:66,1,-68,2,RSSI Spike (2.6σ)
2026-02-11 06:02:20,Ma_Box_Maison,FF:FF:FF:EE:EE:EE,1,-30,5,Jitter/Timing Anomaly
2026-02-11 06:02:21,Ma_Box_Maison,AA:BB:CC:11:22:33,1,-65,5,RSSI Spike (2.7σ)
2026-02-11 06:02:21,Ma_B0x_Maison,FF:EE:DD:44:55:66,1,-62,2,RSSI Spike (2.6σ)
2026-02-11 06:02:21,Ma_Box_Maison,FF:FF:FF:EE:EE:EE,1,-30,5,Jitter/Timing Anomaly
2026-02-11 06:02:23,Ma_Box_Maison,AA:BB:CC:11:22:33,1,-57,5,RSSI Spike (2.7σ)
2026-02-11 06:02:23,Ma_B0x_Maison,FF:EE:DD:44:55:66,1,-61,2,RSSI Spike (2.6σ)
2026-02-11 06:02:23,Ma_Box_Maison,FF:FF:FF:EE:EE:EE,1,-30,5,Jitter/Timing Anomaly
2026-02-11 06:02:24,Ma_Box_Maison,AA:BB:CC:11:22:33,1,-61,5,RSSI Spike (2.7σ)
2026-02-11 06:02:24,Ma_B0x_Maison,FF:EE:DD:44:55:66,1,-68,2,RSSI Spike (2.6σ)
2026-02-11 06:02:24,Ma_Box_Maison,FF:FF:FF:EE:EE:EE,1,-30,5,Jitter/Timing Anomaly
2026-02-11 06:02:26,Ma_Box_Maison,AA:BB:CC:11:22:33,1,-57,5,RSSI Spike (2.7σ)
2026-02-11 06:02:26,Ma_B0x_Maison,FF:EE:DD:44:55:66,1,-69,2,RSSI Spike (2.6σ)
2026-02-11 06:02:26,Ma_Box_Maison,FF:FF:FF:EE:EE:EE,1,-30,5,Jitter/Timing Anomaly
